# Blender 4.5.3 LTS Release Candidate
# www.blender.org
mtllib Untitled.mtl
o Untitled
v -0.100299 7.915175 -1.899402
v -0.100299 -7.915175 -1.899402
v 3.000000 0.800000 1.000000
v 3.000000 0.800000 0.600000
v 3.000000 0.700000 1.000000
v 3.000000 0.700000 0.600000
v 3.000000 0.000000 1.000000
v 3.000000 0.000000 0.900000
v 3.000000 0.000000 0.800000
v 3.000000 0.000000 0.600000
v 3.000000 -0.100000 1.000000
v 3.000000 -0.100000 0.900000
v 3.000000 -0.100000 0.800000
v 3.000000 -0.100000 0.600000
v 2.900000 0.700000 1.100000
v 2.900000 0.700000 1.000000
v 2.900000 0.700000 0.600000
v 2.900000 0.700000 0.500000
v 2.900000 0.600000 1.100000
v 2.900000 0.600000 0.900000
v 2.900000 0.600000 0.700000
v 2.900000 0.600000 0.500000
v 2.900000 0.400000 1.100000
v 2.900000 0.400000 0.900000
v 2.900000 0.300000 1.000000
v 2.900000 0.300000 0.900000
v 2.900000 0.100000 1.100000
v 2.900000 0.100000 1.000000
v 2.900000 0.100000 0.900000
v 2.900000 0.100000 0.700000
v 2.900000 0.100000 0.500000
v 2.900000 0.000000 1.100000
v 2.900000 0.000000 1.000000
v 2.900000 0.000000 0.900000
v 2.900000 0.000000 0.800000
v 2.900000 0.000000 0.700000
v 2.900000 0.000000 0.600000
v 2.900000 0.000000 0.500000
v 2.900000 -0.100000 1.000000
v 2.900000 -0.100000 0.900000
v 2.900000 -0.100000 0.800000
v 2.900000 -0.100000 0.600000
v 2.900000 -0.200000 1.000000
v 2.900000 -0.200000 0.900000
v 2.900000 -0.200000 0.800000
v 2.900000 -0.200000 0.600000
v 2.800000 0.700000 1.400000
v 2.800000 0.700000 1.100000
v 2.800000 0.700000 0.500000
v 2.800000 0.700000 0.300000
v 2.800000 0.600000 1.500000
v 2.800000 0.600000 1.400000
v 2.800000 0.600000 1.100000
v 2.800000 0.600000 0.900000
v 2.800000 0.600000 0.700000
v 2.800000 0.600000 0.500000
v 2.800000 0.600000 0.300000
v 2.800000 0.500000 1.500000
v 2.800000 0.500000 1.300000
v 2.800000 0.500000 0.900000
v 2.800000 0.400000 1.100000
v 2.800000 0.400000 0.900000
v 2.800000 0.300000 1.000000
v 2.800000 0.300000 0.900000
v 2.800000 0.200000 1.000000
v 2.800000 0.200000 0.900000
v 2.800000 0.100000 1.100000
v 2.800000 0.100000 1.000000
v 2.800000 0.100000 0.900000
v 2.800000 0.100000 0.700000
v 2.800000 0.100000 0.500000
v 2.800000 0.000000 1.500000
v 2.800000 0.000000 1.300000
v 2.800000 0.000000 1.100000
v 2.800000 0.000000 1.000000
v 2.800000 0.000000 0.600000
v 2.800000 0.000000 0.500000
v 2.800000 -0.100000 1.500000
v 2.800000 -0.100000 1.400000
v 2.800000 -0.100000 0.600000
v 2.800000 -0.100000 0.500000
v 2.800000 -0.100000 0.300000
v 2.800000 -0.200000 1.400000
v 2.800000 -0.200000 1.000000
v 2.800000 -0.200000 0.600000
v 2.800000 -0.200000 0.300000
v 2.700000 0.700000 1.600000
v 2.700000 0.700000 1.400000
v 2.700000 0.600000 1.700000
v 2.700000 0.600000 1.600000
v 2.700000 0.600000 1.500000
v 2.700000 0.600000 1.400000
v 2.700000 0.600000 0.500000
v 2.700000 0.600000 0.400000
v 2.700000 0.500000 1.700000
v 2.700000 0.500000 1.600000
v 2.700000 0.500000 1.500000
v 2.700000 0.500000 0.500000
v 2.700000 0.500000 0.400000
v 2.700000 0.400000 0.500000
v 2.700000 0.400000 0.400000
v 2.700000 0.300000 0.500000
v 2.700000 0.300000 0.400000
v 2.700000 0.200000 1.600000
v 2.700000 0.200000 1.300000
v 2.700000 0.200000 0.500000
v 2.700000 0.200000 0.300000
v 2.700000 0.100000 1.700000
v 2.700000 0.100000 1.300000
v 2.700000 0.100000 0.500000
v 2.700000 0.100000 0.300000
v 2.700000 0.000000 0.500000
v 2.700000 0.000000 0.200000
v 2.700000 -0.100000 1.700000
v 2.700000 -0.100000 1.500000
v 2.700000 -0.100000 1.400000
v 2.700000 -0.100000 0.900000
v 2.700000 -0.100000 0.800000
v 2.700000 -0.100000 0.500000
v 2.700000 -0.100000 0.300000
v 2.700000 -0.100000 0.200000
v 2.700000 -0.200000 1.700000
v 2.700000 -0.200000 1.600000
v 2.700000 -0.200000 1.400000
v 2.700000 -0.200000 1.000000
v 2.700000 -0.200000 0.900000
v 2.700000 -0.200000 0.800000
v 2.700000 -0.200000 0.300000
v 2.700000 -0.200000 0.200000
v 2.700000 -0.300000 1.600000
v 2.700000 -0.300000 1.000000
v 2.700000 -0.300000 0.900000
v 2.700000 -0.300000 0.200000
v 2.600000 0.700000 2.000000
v 2.600000 0.700000 1.600000
v 2.600000 0.700000 0.300000
v 2.600000 0.700000 0.200000
v 2.600000 0.600000 2.100000
v 2.600000 0.600000 2.000000
v 2.600000 0.600000 1.700000
v 2.600000 0.600000 1.600000
v 2.600000 0.600000 1.500000
v 2.600000 0.600000 1.300000
v 2.600000 0.600000 0.300000
v 2.600000 0.600000 0.200000
v 2.600000 0.500000 2.100000
v 2.600000 0.500000 1.900000
v 2.600000 0.500000 1.700000
v 2.600000 0.500000 1.600000
v 2.600000 0.500000 1.500000
v 2.600000 0.300000 1.600000
v 2.600000 0.300000 1.500000
v 2.600000 0.200000 1.600000
v 2.600000 0.200000 1.500000
v 2.600000 0.200000 1.300000
v 2.600000 0.100000 1.700000
v 2.600000 0.100000 1.300000
v 2.600000 -0.100000 2.100000
v 2.600000 -0.100000 1.900000
v 2.600000 -0.100000 1.700000
v 2.600000 -0.100000 1.300000
v 2.600000 -0.200000 2.100000
v 2.600000 -0.200000 2.000000
v 2.600000 -0.200000 1.700000
v 2.600000 -0.200000 1.600000
v 2.600000 -0.300000 2.000000
v 2.600000 -0.300000 1.600000
v 2.500000 0.700000 2.200000
v 2.500000 0.700000 2.000000
v 2.500000 0.600000 2.300000
v 2.500000 0.600000 2.200000
v 2.500000 0.600000 2.100000
v 2.500000 0.600000 2.000000
v 2.500000 0.500000 2.300000
v 2.500000 0.500000 2.200000
v 2.500000 0.500000 2.100000
v 2.500000 0.500000 1.900000
v 2.500000 0.500000 0.600000
v 2.500000 0.500000 0.500000
v 2.500000 0.400000 2.200000
v 2.500000 0.400000 2.100000
v 2.500000 0.400000 0.600000
v 2.500000 0.400000 0.500000
v 2.500000 0.300000 2.200000
v 2.500000 0.300000 2.100000
v 2.500000 0.300000 0.600000
v 2.500000 0.300000 0.500000
v 2.500000 0.200000 2.200000
v 2.500000 0.200000 2.100000
v 2.500000 0.200000 0.600000
v 2.500000 0.200000 0.500000
v 2.500000 0.100000 2.200000
v 2.500000 0.100000 2.100000
v 2.500000 0.100000 0.600000
v 2.500000 0.100000 0.500000
v 2.500000 0.000000 2.200000
v 2.500000 0.000000 2.100000
v 2.500000 0.000000 0.600000
v 2.500000 0.000000 0.500000
v 2.500000 -0.100000 2.300000
v 2.500000 -0.100000 2.100000
v 2.500000 -0.100000 1.900000
v 2.500000 -0.200000 2.300000
v 2.500000 -0.200000 2.200000
v 2.500000 -0.200000 2.100000
v 2.500000 -0.200000 2.000000
v 2.500000 -0.300000 2.200000
v 2.500000 -0.300000 2.000000
v 2.400000 0.700000 2.400000
v 2.400000 0.700000 2.200000
v 2.400000 0.700000 0.200000
v 2.400000 0.700000 0.100000
v 2.400000 0.600000 2.500000
v 2.400000 0.600000 2.400000
v 2.400000 0.600000 2.300000
v 2.400000 0.600000 2.200000
v 2.400000 0.600000 0.500000
v 2.400000 0.600000 0.300000
v 2.400000 0.600000 0.200000
v 2.400000 0.600000 0.100000
v 2.400000 0.500000 2.500000
v 2.400000 0.500000 2.400000
v 2.400000 0.500000 2.300000
v 2.400000 0.500000 2.200000
v 2.400000 0.400000 2.200000
v 2.400000 0.400000 2.100000
v 2.400000 0.300000 2.200000
v 2.400000 0.300000 2.100000
v 2.400000 0.200000 2.200000
v 2.400000 0.200000 2.100000
v 2.400000 0.100000 2.200000
v 2.400000 0.100000 2.100000
v 2.400000 0.000000 2.200000
v 2.400000 0.000000 2.100000
v 2.400000 -0.100000 2.500000
v 2.400000 -0.100000 2.400000
v 2.400000 -0.100000 2.300000
v 2.400000 -0.100000 2.100000
v 2.400000 -0.100000 1.900000
v 2.400000 -0.100000 0.500000
v 2.400000 -0.100000 0.300000
v 2.400000 -0.200000 2.500000
v 2.400000 -0.200000 2.400000
v 2.400000 -0.200000 2.300000
v 2.400000 -0.200000 2.200000
v 2.400000 -0.200000 2.100000
v 2.400000 -0.200000 1.900000
v 2.400000 -0.200000 0.200000
v 2.400000 -0.200000 0.100000
v 2.400000 -0.300000 2.400000
v 2.400000 -0.300000 2.200000
v 2.400000 -0.300000 0.200000
v 2.400000 -0.300000 0.100000
v 2.300000 1.000000 1.100000
v 2.300000 1.000000 0.300000
v 2.300000 1.000000 0.200000
v 2.300000 0.900000 1.400000
v 2.300000 0.900000 1.100000
v 2.300000 0.900000 0.500000
v 2.300000 0.900000 0.300000
v 2.300000 0.900000 0.200000
v 2.300000 0.800000 1.700000
v 2.300000 0.800000 1.400000
v 2.300000 0.800000 0.800000
v 2.300000 0.800000 0.500000
v 2.300000 0.700000 1.700000
v 2.300000 0.700000 0.800000
v 2.300000 0.500000 0.300000
v 2.300000 0.500000 0.200000
v 2.300000 0.400000 0.300000
v 2.300000 0.400000 0.200000
v 2.300000 0.300000 0.300000
v 2.300000 0.300000 0.200000
v 2.300000 0.200000 0.300000
v 2.300000 0.200000 0.200000
v 2.300000 0.100000 0.300000
v 2.300000 0.100000 0.100000
v 2.300000 0.000000 0.300000
v 2.300000 0.000000 0.100000
v 2.300000 -0.100000 0.300000
v 2.300000 -0.100000 -0.000000
v 2.300000 -0.200000 0.300000
v 2.300000 -0.200000 0.100000
v 2.300000 -0.200000 -0.000000
v 2.300000 -0.300000 1.800000
v 2.300000 -0.300000 1.500000
v 2.300000 -0.400000 1.800000
v 2.300000 -0.400000 1.500000
v 2.200000 0.700000 0.100000
v 2.200000 0.700000 -0.000000
v 2.200000 0.600000 0.100000
v 2.200000 0.600000 -0.000000
v 2.200000 -0.200000 1.500000
v 2.200000 -0.200000 1.100000
v 2.200000 -0.200000 1.000000
v 2.200000 -0.200000 0.800000
v 2.200000 -0.200000 0.100000
v 2.200000 -0.200000 -0.000000
v 2.200000 -0.300000 1.500000
v 2.200000 -0.300000 1.100000
v 2.200000 -0.300000 1.000000
v 2.200000 -0.300000 0.800000
v 2.200000 -0.300000 0.100000
v 2.200000 -0.300000 -0.000000
v 2.100000 0.600000 0.400000
v 2.100000 0.600000 0.300000
v 2.100000 0.500000 0.400000
v 2.100000 0.500000 0.300000
v 2.100000 0.400000 0.400000
v 2.100000 0.400000 0.300000
v 2.100000 0.300000 0.400000
v 2.100000 0.300000 0.300000
v 2.100000 0.200000 0.400000
v 2.100000 0.200000 0.300000
v 2.100000 0.100000 0.400000
v 2.100000 0.100000 0.300000
v 2.100000 0.000000 0.400000
v 2.100000 0.000000 0.300000
v 2.100000 -0.100000 0.400000
v 2.100000 -0.100000 0.300000
v 2.000000 0.700000 -0.000000
v 2.000000 0.700000 -0.100000
v 2.000000 0.600000 0.300000
v 2.000000 0.600000 0.100000
v 2.000000 0.600000 -0.000000
v 2.000000 0.600000 -0.100000
v 2.000000 -0.200000 2.500000
v 2.000000 -0.200000 2.400000
v 2.000000 -0.200000 1.100000
v 2.000000 -0.200000 1.000000
v 2.000000 -0.200000 0.300000
v 2.000000 -0.200000 0.100000
v 2.000000 -0.300000 2.500000
v 2.000000 -0.300000 2.400000
v 2.000000 -0.300000 1.200000
v 2.000000 -0.300000 1.100000
v 2.000000 -0.300000 1.000000
v 2.000000 -0.300000 -0.000000
v 2.000000 -0.300000 -0.200000
v 2.000000 -0.400000 2.400000
v 2.000000 -0.400000 1.200000
v 2.000000 -0.400000 1.100000
v 2.000000 -0.400000 -0.200000
v 1.900000 0.700000 1.500000
v 1.900000 0.700000 0.900000
v 1.900000 0.600000 1.500000
v 1.900000 0.600000 0.900000
v 1.900000 0.300000 2.300000
v 1.900000 0.300000 2.200000
v 1.900000 0.200000 2.300000
v 1.900000 0.200000 2.200000
v 1.900000 0.100000 2.300000
v 1.900000 0.100000 2.200000
v 1.900000 0.000000 2.300000
v 1.900000 0.000000 2.200000
v 1.800000 0.600000 0.100000
v 1.800000 0.600000 -0.100000
v 1.800000 0.600000 -0.300000
v 1.800000 0.500000 2.400000
v 1.800000 0.500000 2.300000
v 1.800000 0.500000 0.100000
v 1.800000 0.500000 -0.100000
v 1.800000 0.500000 -0.300000
v 1.800000 0.400000 2.400000
v 1.800000 0.400000 2.300000
v 1.800000 -0.200000 2.400000
v 1.800000 -0.200000 2.300000
v 1.800000 -0.300000 2.400000
v 1.800000 -0.300000 2.300000
v 1.800000 -0.300000 0.100000
v 1.800000 -0.300000 -0.100000
v 1.800000 -0.300000 -0.200000
v 1.800000 -0.300000 -0.300000
v 1.800000 -0.400000 1.900000
v 1.800000 -0.400000 1.600000
v 1.800000 -0.400000 -0.200000
v 1.800000 -0.400000 -0.300000
v 1.800000 -0.500000 1.900000
v 1.800000 -0.500000 1.600000
v 1.700000 0.400000 2.300000
v 1.700000 0.400000 2.200000
v 1.700000 0.400000 -0.100000
v 1.700000 0.400000 -0.200000
v 1.700000 0.300000 2.300000
v 1.700000 0.300000 2.200000
v 1.700000 0.300000 -0.100000
v 1.700000 0.300000 -0.200000
v 1.700000 0.200000 2.300000
v 1.700000 0.200000 2.200000
v 1.700000 0.200000 -0.100000
v 1.700000 0.200000 -0.200000
v 1.700000 0.100000 2.300000
v 1.700000 0.100000 2.200000
v 1.700000 0.100000 -0.100000
v 1.700000 0.100000 -0.200000
v 1.700000 0.000000 2.300000
v 1.700000 0.000000 2.200000
v 1.700000 -0.000000 -0.100000
v 1.700000 -0.000000 -0.300000
v 1.700000 -0.100000 2.300000
v 1.700000 -0.100000 2.200000
v 1.700000 -0.100000 -0.100000
v 1.700000 -0.100000 -0.300000
v 1.700000 -0.200000 -0.100000
v 1.700000 -0.200000 -0.400000
v 1.700000 -0.300000 1.600000
v 1.700000 -0.300000 1.100000
v 1.700000 -0.300000 1.000000
v 1.700000 -0.300000 0.900000
v 1.700000 -0.300000 -0.100000
v 1.700000 -0.300000 -0.300000
v 1.700000 -0.300000 -0.400000
v 1.700000 -0.400000 1.600000
v 1.700000 -0.400000 1.100000
v 1.700000 -0.400000 1.000000
v 1.700000 -0.400000 0.900000
v 1.600000 0.600000 -0.300000
v 1.600000 0.600000 -0.400000
v 1.600000 0.500000 2.300000
v 1.600000 0.500000 2.200000
v 1.600000 0.500000 -0.300000
v 1.600000 0.500000 -0.400000
v 1.600000 0.400000 2.300000
v 1.600000 0.400000 2.200000
v 1.600000 -0.200000 2.300000
v 1.600000 -0.200000 2.200000
v 1.600000 -0.300000 2.300000
v 1.600000 -0.300000 2.200000
v 1.600000 -0.300000 -0.300000
v 1.600000 -0.300000 -0.400000
v 1.600000 -0.400000 -0.300000
v 1.600000 -0.400000 -0.400000
v 1.500000 0.500000 -0.000000
v 1.500000 0.500000 -0.100000
v 1.500000 0.400000 -0.000000
v 1.500000 0.400000 -0.100000
v 1.500000 0.300000 -0.000000
v 1.500000 0.300000 -0.100000
v 1.500000 0.200000 -0.000000
v 1.500000 0.200000 -0.100000
v 1.500000 0.100000 -0.000000
v 1.500000 0.100000 -0.100000
v 1.500000 -0.000000 -0.000000
v 1.500000 -0.000000 -0.100000
v 1.500000 -0.100000 -0.000000
v 1.500000 -0.100000 -0.100000
v 1.500000 -0.200000 -0.000000
v 1.500000 -0.200000 -0.100000
v 1.400000 0.500000 2.200000
v 1.400000 0.500000 2.100000
v 1.400000 0.500000 -0.100000
v 1.400000 0.500000 -0.400000
v 1.400000 0.500000 -0.500000
v 1.400000 0.400000 2.300000
v 1.400000 0.400000 2.200000
v 1.400000 0.400000 2.100000
v 1.400000 0.400000 -0.100000
v 1.400000 0.400000 -0.300000
v 1.400000 0.400000 -0.500000
v 1.400000 0.300000 2.300000
v 1.400000 0.300000 2.200000
v 1.400000 -0.300000 2.300000
v 1.400000 -0.300000 2.200000
v 1.400000 -0.300000 1.100000
v 1.400000 -0.300000 1.000000
v 1.400000 -0.300000 -0.100000
v 1.400000 -0.300000 -0.300000
v 1.400000 -0.400000 2.300000
v 1.400000 -0.400000 2.200000
v 1.400000 -0.400000 1.100000
v 1.400000 -0.400000 1.000000
v 1.400000 -0.400000 0.900000
v 1.400000 -0.400000 -0.400000
v 1.400000 -0.400000 -0.500000
v 1.400000 -0.500000 2.200000
v 1.400000 -0.500000 1.000000
v 1.400000 -0.500000 0.900000
v 1.400000 -0.500000 -0.500000
v 1.300000 0.500000 1.600000
v 1.300000 0.500000 1.500000
v 1.300000 0.500000 0.900000
v 1.300000 0.500000 0.700000
v 1.300000 0.400000 1.600000
v 1.300000 0.400000 1.500000
v 1.300000 0.400000 0.900000
v 1.300000 0.400000 0.700000
v 1.300000 0.300000 -0.300000
v 1.300000 0.300000 -0.400000
v 1.300000 0.200000 -0.300000
v 1.300000 0.200000 -0.400000
v 1.300000 0.100000 -0.300000
v 1.300000 0.100000 -0.400000
v 1.300000 -0.000000 -0.300000
v 1.300000 -0.000000 -0.400000
v 1.300000 -0.100000 -0.300000
v 1.300000 -0.100000 -0.500000
v 1.300000 -0.200000 -0.300000
v 1.300000 -0.200000 -0.500000
v 1.300000 -0.300000 -0.300000
v 1.300000 -0.300000 -0.600000
v 1.300000 -0.400000 -0.300000
v 1.300000 -0.400000 -0.500000
v 1.300000 -0.400000 -0.600000
v 1.200000 0.500000 1.500000
v 1.200000 0.500000 0.900000
v 1.200000 0.500000 -0.500000
v 1.200000 0.500000 -0.600000
v 1.200000 0.400000 1.500000
v 1.200000 0.400000 0.900000
v 1.200000 0.400000 -0.500000
v 1.200000 0.400000 -0.600000
v 1.200000 -0.400000 -0.500000
v 1.200000 -0.400000 -0.600000
v 1.200000 -0.500000 1.700000
v 1.200000 -0.500000 1.400000
v 1.200000 -0.500000 -0.500000
v 1.200000 -0.500000 -0.600000
v 1.200000 -0.600000 1.700000
v 1.200000 -0.600000 1.400000
v 1.200000 -0.800000 -1.100000
v 1.200000 -0.800000 -1.400000
v 1.200000 -0.800000 -1.500000
v 1.200000 -0.900000 -1.100000
v 1.200000 -0.900000 -1.400000
v 1.200000 -0.900000 -1.500000
v 1.100000 0.400000 -0.200000
v 1.100000 0.400000 -0.300000
v 1.100000 0.300000 -0.200000
v 1.100000 0.300000 -0.300000
v 1.100000 0.200000 2.100000
v 1.100000 0.200000 2.000000
v 1.100000 0.200000 -0.200000
v 1.100000 0.200000 -0.300000
v 1.100000 0.100000 2.100000
v 1.100000 0.100000 2.000000
v 1.100000 0.100000 -0.200000
v 1.100000 0.100000 -0.300000
v 1.100000 0.000000 2.100000
v 1.100000 0.000000 2.000000
v 1.100000 -0.000000 -0.200000
v 1.100000 -0.000000 -0.300000
v 1.100000 -0.100000 2.100000
v 1.100000 -0.100000 2.000000
v 1.100000 -0.100000 -0.200000
v 1.100000 -0.100000 -0.300000
v 1.100000 -0.200000 -0.200000
v 1.100000 -0.200000 -0.300000
v 1.100000 -0.300000 -0.200000
v 1.100000 -0.300000 -0.300000
v 1.100000 -0.400000 1.400000
v 1.100000 -0.400000 0.900000
v 1.100000 -0.400000 0.800000
v 1.100000 -0.400000 0.700000
v 1.100000 -0.500000 1.400000
v 1.100000 -0.500000 0.900000
v 1.100000 -0.500000 0.800000
v 1.100000 -0.500000 0.700000
v 1.100000 -0.700000 -0.900000
v 1.100000 -0.700000 -1.400000
v 1.100000 -0.800000 -0.900000
v 1.100000 -0.800000 -1.100000
v 1.100000 -0.800000 -1.400000
v 1.000000 0.800000 0.700000
v 1.000000 0.800000 -0.200000
v 1.000000 0.800000 -0.300000
v 1.000000 0.700000 1.000000
v 1.000000 0.700000 0.700000
v 1.000000 0.700000 -0.000000
v 1.000000 0.700000 -0.200000
v 1.000000 0.700000 -0.300000
v 1.000000 0.600000 1.300000
v 1.000000 0.600000 1.000000
v 1.000000 0.600000 0.300000
v 1.000000 0.600000 -0.000000
v 1.000000 0.500000 1.300000
v 1.000000 0.500000 0.300000
v 1.000000 0.500000 -0.600000
v 1.000000 0.500000 -0.700000
v 1.000000 0.400000 2.200000
v 1.000000 0.400000 2.100000
v 1.000000 0.400000 -0.300000
v 1.000000 0.400000 -0.500000
v 1.000000 0.400000 -0.600000
v 1.000000 0.400000 -0.700000
v 1.000000 0.300000 2.200000
v 1.000000 0.300000 2.100000
v 1.000000 -0.300000 2.200000
v 1.000000 -0.300000 2.100000
v 1.000000 -0.400000 2.200000
v 1.000000 -0.400000 2.100000
v 1.000000 -0.400000 -0.300000
v 1.000000 -0.400000 -0.500000
v 1.000000 -0.400000 -0.600000
v 1.000000 -0.400000 -0.700000
v 1.000000 -0.500000 -0.600000
v 1.000000 -0.500000 -0.700000
v 1.000000 -0.600000 -0.700000
v 1.000000 -0.600000 -1.300000
v 1.000000 -0.700000 -0.700000
v 1.000000 -0.700000 -0.900000
v 1.000000 -0.700000 -1.300000
v 0.900000 0.300000 2.100000
v 0.900000 0.300000 2.000000
v 0.900000 0.200000 2.100000
v 0.900000 0.200000 2.000000
v 0.900000 0.100000 2.100000
v 0.900000 0.100000 2.000000
v 0.900000 0.000000 2.100000
v 0.900000 0.000000 2.000000
v 0.900000 -0.100000 2.100000
v 0.900000 -0.100000 2.000000
v 0.900000 -0.200000 2.100000
v 0.900000 -0.200000 2.000000
v 0.900000 -0.400000 0.800000
v 0.900000 -0.400000 0.700000
v 0.900000 -0.400000 0.400000
v 0.900000 -0.500000 0.800000
v 0.900000 -0.500000 0.400000
v 0.900000 -0.500000 -0.700000
v 0.900000 -0.500000 -1.300000
v 0.900000 -0.600000 -0.700000
v 0.900000 -0.600000 -1.300000
v 0.800000 0.500000 -0.700000
v 0.800000 0.500000 -0.800000
v 0.800000 0.400000 2.100000
v 0.800000 0.400000 2.000000
v 0.800000 0.400000 -0.600000
v 0.800000 0.400000 -0.700000
v 0.800000 0.400000 -0.800000
v 0.800000 0.400000 -0.900000
v 0.800000 0.300000 2.100000
v 0.800000 0.300000 2.000000
v 0.800000 0.200000 -0.900000
v 0.800000 0.200000 -1.000000
v 0.800000 -0.000000 -0.700000
v 0.800000 -0.000000 -1.000000
v 0.800000 -0.100000 -0.700000
v 0.800000 -0.100000 -0.800000
v 0.800000 -0.100000 -1.000000
v 0.800000 -0.200000 -0.800000
v 0.800000 -0.200000 -1.100000
v 0.800000 -0.300000 -0.800000
v 0.800000 -0.300000 -0.900000
v 0.800000 -0.300000 -1.100000
v 0.800000 -0.400000 0.900000
v 0.800000 -0.400000 0.800000
v 0.800000 -0.400000 0.400000
v 0.800000 -0.400000 0.100000
v 0.800000 -0.400000 -0.600000
v 0.800000 -0.400000 -0.700000
v 0.800000 -0.400000 -0.900000
v 0.800000 -0.400000 -1.200000
v 0.800000 -0.500000 2.000000
v 0.800000 -0.500000 0.900000
v 0.800000 -0.500000 0.800000
v 0.800000 -0.500000 0.400000
v 0.800000 -0.500000 0.100000
v 0.800000 -0.500000 -0.000000
v 0.800000 -0.500000 -0.700000
v 0.800000 -0.500000 -1.200000
v 0.800000 -0.600000 2.000000
v 0.800000 -0.600000 0.900000
v 0.800000 -0.600000 0.800000
v 0.800000 -0.600000 0.100000
v 0.800000 -0.600000 -0.000000
v 0.800000 -0.600000 -0.700000
v 0.700000 0.400000 -0.500000
v 0.700000 0.400000 -0.600000
v 0.700000 -0.100000 -0.800000
v 0.700000 -0.100000 -0.900000
v 0.700000 -0.200000 -0.800000
v 0.700000 -0.200000 -0.900000
v 0.700000 -0.400000 -0.500000
v 0.700000 -0.400000 -0.600000
v 0.700000 -0.500000 0.900000
v 0.700000 -0.500000 0.800000
v 0.700000 -0.500000 0.100000
v 0.700000 -0.500000 -0.000000
v 0.700000 -0.500000 -0.700000
v 0.700000 -0.500000 -0.900000
v 0.700000 -0.600000 0.900000
v 0.700000 -0.600000 0.800000
v 0.700000 -0.600000 0.100000
v 0.700000 -0.600000 -0.000000
v 0.700000 -0.600000 -0.700000
v 0.700000 -0.600000 -0.900000
v 0.600000 0.400000 2.000000
v 0.600000 0.400000 1.900000
v 0.600000 0.300000 2.000000
v 0.600000 0.300000 1.900000
v 0.600000 0.300000 -1.300000
v 0.600000 0.300000 -1.500000
v 0.600000 0.100000 -0.900000
v 0.600000 0.100000 -1.300000
v 0.600000 0.100000 -1.500000
v 0.600000 0.100000 -1.600000
v 0.600000 -0.000000 -1.300000
v 0.600000 -0.000000 -1.600000
v 0.600000 -0.100000 -1.300000
v 0.600000 -0.100000 -1.400000
v 0.600000 -0.100000 -1.600000
v 0.600000 -0.200000 -1.400000
v 0.600000 -0.200000 -1.700000
v 0.600000 -0.300000 -1.400000
v 0.600000 -0.300000 -1.500000
v 0.600000 -0.300000 -1.700000
v 0.600000 -0.400000 2.000000
v 0.600000 -0.400000 1.900000
v 0.600000 -0.400000 -1.500000
v 0.600000 -0.400000 -1.800000
v 0.600000 -0.500000 2.000000
v 0.600000 -0.500000 1.900000
v 0.600000 -0.500000 0.800000
v 0.600000 -0.500000 0.700000
v 0.600000 -0.500000 -0.000000
v 0.600000 -0.500000 -0.100000
v 0.600000 -0.500000 -1.500000
v 0.600000 -0.500000 -1.600000
v 0.600000 -0.500000 -1.800000
v 0.600000 -0.600000 0.800000
v 0.600000 -0.600000 0.700000
v 0.600000 -0.600000 -0.000000
v 0.600000 -0.600000 -0.100000
v 0.600000 -0.600000 -0.400000
v 0.600000 -0.600000 -0.900000
v 0.600000 -0.600000 -1.600000
v 0.600000 -0.600000 -1.900000
v 0.600000 -0.700000 -0.400000
v 0.600000 -0.700000 -1.600000
v 0.600000 -0.700000 -1.800000
v 0.600000 -0.800000 -1.600000
v 0.600000 -0.800000 -1.800000
v 0.600000 -0.800000 -1.900000
v 0.600000 -0.900000 -1.800000
v 0.600000 -0.900000 -1.900000
v 0.500000 0.400000 1.900000
v 0.500000 0.400000 1.800000
v 0.500000 0.300000 1.900000
v 0.500000 0.300000 1.800000
v 0.500000 0.200000 -0.900000
v 0.500000 0.200000 -1.300000
v 0.500000 0.100000 -0.900000
v 0.500000 0.100000 -1.300000
v 0.500000 -0.000000 -0.700000
v 0.500000 -0.000000 -0.900000
v 0.500000 -0.100000 -0.700000
v 0.500000 -0.100000 -0.900000
v 0.500000 -0.400000 1.900000
v 0.500000 -0.400000 1.800000
v 0.500000 -0.500000 1.900000
v 0.500000 -0.500000 1.800000
v 0.500000 -0.500000 0.700000
v 0.500000 -0.500000 0.500000
v 0.500000 -0.500000 -0.100000
v 0.500000 -0.500000 -0.200000
v 0.500000 -0.600000 0.700000
v 0.500000 -0.600000 0.500000
v 0.500000 -0.600000 -0.100000
v 0.500000 -0.600000 -0.200000
v 0.500000 -0.600000 -0.300000
v 0.500000 -0.600000 -0.400000
v 0.500000 -0.700000 -0.300000
v 0.500000 -0.700000 -0.400000
v 0.400000 0.300000 -0.900000
v 0.400000 0.300000 -1.400000
v 0.400000 0.200000 -0.800000
v 0.400000 0.200000 -0.900000
v 0.400000 0.200000 -1.300000
v 0.400000 0.200000 -1.400000
v 0.400000 0.200000 -1.500000
v 0.400000 0.100000 -0.600000
v 0.400000 0.100000 -0.800000
v 0.400000 0.100000 -1.300000
v 0.400000 0.100000 -1.500000
v 0.400000 -0.000000 -0.400000
v 0.400000 -0.000000 -0.600000
v 0.400000 -0.000000 -0.700000
v 0.400000 -0.000000 -0.900000
v 0.400000 -0.100000 -0.400000
v 0.400000 -0.100000 -0.700000
v 0.400000 -0.500000 0.500000
v 0.400000 -0.500000 0.400000
v 0.400000 -0.500000 -0.200000
v 0.400000 -0.500000 -0.300000
v 0.400000 -0.600000 0.500000
v 0.400000 -0.600000 0.400000
v 0.400000 -0.600000 -0.100000
v 0.400000 -0.600000 -0.200000
v 0.400000 -0.600000 -0.600000
v 0.400000 -0.600000 -0.700000
v 0.400000 -0.600000 -1.200000
v 0.400000 -0.700000 -0.100000
v 0.400000 -0.700000 -0.300000
v 0.400000 -0.700000 -0.600000
v 0.400000 -0.700000 -0.700000
v 0.400000 -0.700000 -1.200000
v 0.400000 -0.700000 -1.300000
v 0.400000 -0.800000 -0.300000
v 0.400000 -0.800000 -0.600000
v 0.400000 -0.800000 -0.700000
v 0.400000 -0.800000 -1.300000
v 0.300000 0.300000 -0.800000
v 0.300000 0.300000 -0.900000
v 0.300000 0.200000 -0.700000
v 0.300000 0.200000 -0.800000
v 0.300000 0.200000 -0.900000
v 0.300000 0.100000 -0.500000
v 0.300000 0.100000 -0.600000
v 0.300000 0.100000 -0.700000
v 0.300000 0.100000 -0.800000
v 0.300000 -0.000000 -0.300000
v 0.300000 -0.000000 -0.400000
v 0.300000 -0.000000 -0.500000
v 0.300000 -0.000000 -0.600000
v 0.300000 -0.000000 -1.300000
v 0.300000 -0.000000 -1.600000
v 0.300000 -0.000000 -1.700000
v 0.300000 -0.000000 -1.900000
v 0.300000 -0.100000 -0.300000
v 0.300000 -0.100000 -0.400000
v 0.300000 -0.400000 -1.300000
v 0.300000 -0.400000 -1.600000
v 0.300000 -0.400000 -1.700000
v 0.300000 -0.400000 -1.900000
v 0.300000 -0.600000 -0.000000
v 0.300000 -0.600000 -0.100000
v 0.300000 -0.700000 -0.000000
v 0.300000 -0.700000 -0.100000
v 0.300000 -0.700000 -0.200000
v 0.300000 -0.700000 -0.300000
v 0.300000 -0.700000 -0.600000
v 0.300000 -0.700000 -0.700000
v 0.300000 -0.700000 -1.300000
v 0.300000 -0.700000 -1.500000
v 0.300000 -0.800000 -0.200000
v 0.300000 -0.800000 -0.300000
v 0.300000 -0.800000 -0.600000
v 0.300000 -0.800000 -0.700000
v 0.300000 -0.800000 -0.900000
v 0.300000 -0.800000 -1.300000
v 0.300000 -0.800000 -1.500000
v 0.300000 -0.900000 -0.300000
v 0.300000 -0.900000 -0.600000
v 0.300000 -0.900000 -0.700000
v 0.300000 -0.900000 -0.900000
v 0.200000 0.100000 -1.300000
v 0.200000 0.100000 -1.500000
v 0.200000 0.100000 -1.600000
v 0.200000 0.100000 -1.700000
v 0.200000 0.100000 -1.900000
v 0.200000 -0.000000 -1.300000
v 0.200000 -0.000000 -1.600000
v 0.200000 -0.000000 -1.700000
v 0.200000 -0.000000 -1.900000
v 0.200000 -0.400000 -1.300000
v 0.200000 -0.400000 -1.600000
v 0.200000 -0.400000 -1.700000
v 0.200000 -0.400000 -1.900000
v 0.200000 -0.500000 -1.300000
v 0.200000 -0.500000 -1.600000
v 0.200000 -0.500000 -1.700000
v 0.200000 -0.500000 -1.900000
v 0.200000 -0.600000 0.100000
v 0.200000 -0.600000 -0.000000
v 0.200000 -0.700000 0.100000
v 0.200000 -0.700000 -0.000000
v 0.200000 -0.700000 -0.100000
v 0.200000 -0.700000 -0.200000
v 0.200000 -0.800000 -0.100000
v 0.200000 -0.800000 -0.200000
v 0.200000 -0.800000 -0.300000
v 0.200000 -0.800000 -0.900000
v 0.200000 -0.800000 -1.100000
v 0.200000 -0.900000 -0.200000
v 0.200000 -0.900000 -0.300000
v 0.200000 -0.900000 -0.900000
v 0.200000 -0.900000 -1.100000
v 0.100000 -0.100000 -1.200000
v 0.100000 -0.100000 -1.600000
v 0.100000 -0.100000 -1.700000
v 0.100000 -0.300000 -1.200000
v 0.100000 -0.300000 -1.600000
v 0.100000 -0.300000 -1.700000
v -0.100000 0.100000 0.900000
v -0.100000 0.100000 0.700000
v -0.100000 0.100000 0.600000
v -0.100000 0.100000 0.500000
v -0.100000 0.000000 0.800000
v -0.100000 0.000000 0.500000
v -0.100000 -0.200000 1.200000
v -0.100000 -0.200000 0.900000
v -0.100000 -0.300000 1.200000
v -0.100000 -0.300000 0.800000
v -0.200000 0.500000 1.200000
v -0.200000 0.500000 0.600000
v -0.200000 0.500000 0.300000
v -0.200000 0.500000 0.100000
v -0.200000 0.400000 1.300000
v -0.200000 0.400000 1.200000
v -0.200000 0.400000 1.100000
v -0.200000 0.400000 0.800000
v -0.200000 0.400000 0.700000
v -0.200000 0.400000 0.600000
v -0.200000 0.400000 0.300000
v -0.200000 0.400000 0.200000
v -0.200000 0.400000 0.100000
v -0.200000 0.400000 -0.000000
v -0.200000 0.300000 1.300000
v -0.200000 0.300000 1.100000
v -0.200000 0.300000 0.800000
v -0.200000 0.300000 0.700000
v -0.200000 0.300000 0.200000
v -0.200000 0.300000 0.100000
v -0.200000 0.300000 -0.000000
v -0.200000 0.300000 -0.100000
v -0.200000 0.300000 -1.300000
v -0.200000 0.300000 -1.400000
v -0.200000 0.200000 0.700000
v -0.200000 0.200000 0.600000
v -0.200000 0.200000 0.500000
v -0.200000 0.200000 -0.000000
v -0.200000 0.200000 -0.100000
v -0.200000 0.200000 -1.300000
v -0.200000 0.200000 -1.400000
v -0.200000 0.200000 -1.500000
v -0.200000 0.100000 0.900000
v -0.200000 0.100000 0.700000
v -0.200000 0.100000 0.600000
v -0.200000 0.100000 0.500000
v -0.200000 0.100000 -0.000000
v -0.200000 0.100000 -0.100000
v -0.200000 0.100000 -1.400000
v -0.200000 0.100000 -1.500000
v -0.200000 0.000000 1.300000
v -0.200000 0.000000 1.100000
v -0.200000 0.000000 0.800000
v -0.200000 0.000000 0.500000
v -0.200000 -0.000000 -1.200000
v -0.200000 -0.000000 -1.600000
v -0.200000 -0.000000 -1.700000
v -0.200000 -0.000000 -1.900000
v -0.200000 -0.100000 1.300000
v -0.200000 -0.100000 1.200000
v -0.200000 -0.100000 0.700000
v -0.200000 -0.100000 0.600000
v -0.200000 -0.100000 0.100000
v -0.200000 -0.100000 -0.100000
v -0.200000 -0.200000 1.200000
v -0.200000 -0.200000 0.900000
v -0.200000 -0.200000 0.700000
v -0.200000 -0.200000 0.600000
v -0.200000 -0.200000 0.500000
v -0.200000 -0.300000 1.100000
v -0.200000 -0.300000 0.800000
v -0.200000 -0.300000 0.700000
v -0.200000 -0.400000 0.700000
v -0.200000 -0.400000 -1.200000
v -0.200000 -0.400000 -1.600000
v -0.200000 -0.400000 -1.700000
v -0.200000 -0.400000 -1.900000
v -0.200000 -0.500000 1.200000
v -0.200000 -0.500000 1.100000
v -0.200000 -0.500000 0.700000
v -0.200000 -0.500000 0.600000
v -0.200000 -0.600000 1.200000
v -0.200000 -0.600000 0.600000
v -0.300000 0.500000 1.600000
v -0.300000 0.500000 1.200000
v -0.300000 0.400000 1.700000
v -0.300000 0.400000 1.600000
v -0.300000 0.400000 1.500000
v -0.300000 0.400000 1.300000
v -0.300000 0.400000 1.200000
v -0.300000 0.300000 1.700000
v -0.300000 0.300000 1.500000
v -0.300000 0.300000 1.300000
v -0.300000 0.300000 1.100000
v -0.300000 0.000000 1.600000
v -0.300000 0.000000 1.300000
v -0.300000 0.000000 1.100000
v -0.300000 -0.100000 1.500000
v -0.300000 -0.100000 1.300000
v -0.300000 -0.100000 1.200000
v -0.300000 -0.300000 1.200000
v -0.300000 -0.300000 1.100000
v -0.300000 -0.400000 1.600000
v -0.300000 -0.400000 1.500000
v -0.300000 -0.400000 1.300000
v -0.300000 -0.400000 1.200000
v -0.300000 -0.500000 1.600000
v -0.300000 -0.500000 1.500000
v -0.300000 -0.500000 1.200000
v -0.300000 -0.500000 1.100000
v -0.300000 -0.600000 1.500000
v -0.300000 -0.600000 1.200000
v -0.400000 0.500000 1.800000
v -0.400000 0.500000 1.600000
v -0.400000 0.500000 0.100000
v -0.400000 0.500000 -0.100000
v -0.400000 0.400000 1.900000
v -0.400000 0.400000 1.800000
v -0.400000 0.400000 1.700000
v -0.400000 0.400000 1.600000
v -0.400000 0.400000 1.500000
v -0.400000 0.400000 1.300000
v -0.400000 0.400000 0.100000
v -0.400000 0.400000 -0.000000
v -0.400000 0.400000 -0.100000
v -0.400000 0.400000 -0.200000
v -0.400000 0.300000 1.900000
v -0.400000 0.300000 1.700000
v -0.400000 0.300000 1.500000
v -0.400000 0.300000 -0.000000
v -0.400000 0.300000 -0.100000
v -0.400000 0.300000 -0.200000
v -0.400000 0.300000 -0.300000
v -0.400000 0.100000 1.500000
v -0.400000 0.100000 1.400000
v -0.400000 0.000000 1.600000
v -0.400000 0.000000 1.500000
v -0.400000 0.000000 1.400000
v -0.400000 0.000000 1.300000
v -0.400000 -0.100000 1.500000
v -0.400000 -0.100000 1.300000
v -0.400000 -0.100000 -0.100000
v -0.400000 -0.100000 -0.300000
v -0.400000 -0.400000 1.900000
v -0.400000 -0.400000 1.700000
v -0.400000 -0.400000 1.600000
v -0.400000 -0.400000 1.500000
v -0.400000 -0.400000 1.300000
v -0.400000 -0.500000 1.900000
v -0.400000 -0.500000 1.800000
v -0.400000 -0.500000 1.700000
v -0.400000 -0.500000 1.600000
v -0.400000 -0.500000 1.500000
v -0.400000 -0.500000 0.400000
v -0.400000 -0.500000 0.300000
v -0.400000 -0.600000 1.800000
v -0.400000 -0.600000 1.500000
v -0.400000 -0.600000 0.400000
v -0.400000 -0.600000 0.300000
v -0.400000 -0.600000 -1.600000
v -0.400000 -0.600000 -1.700000
v -0.400000 -0.700000 -1.600000
v -0.400000 -0.700000 -1.700000
v -0.500000 0.500000 1.900000
v -0.500000 0.500000 1.800000
v -0.500000 0.400000 2.000000
v -0.500000 0.400000 1.900000
v -0.500000 0.400000 1.800000
v -0.500000 0.300000 2.000000
v -0.500000 0.300000 1.900000
v -0.500000 0.300000 1.800000
v -0.500000 0.300000 1.700000
v -0.500000 0.300000 -1.300000
v -0.500000 0.300000 -1.500000
v -0.500000 0.200000 -1.300000
v -0.500000 0.100000 -1.300000
v -0.500000 0.100000 -1.500000
v -0.500000 0.100000 -1.600000
v -0.500000 -0.000000 -1.300000
v -0.500000 -0.000000 -1.600000
v -0.500000 -0.100000 -1.300000
v -0.500000 -0.100000 -1.400000
v -0.500000 -0.100000 -1.600000
v -0.500000 -0.200000 -1.400000
v -0.500000 -0.200000 -1.700000
v -0.500000 -0.300000 -1.400000
v -0.500000 -0.300000 -1.500000
v -0.500000 -0.300000 -1.700000
v -0.500000 -0.400000 2.000000
v -0.500000 -0.400000 1.900000
v -0.500000 -0.400000 1.800000
v -0.500000 -0.400000 1.700000
v -0.500000 -0.400000 -1.500000
v -0.500000 -0.400000 -1.800000
v -0.500000 -0.500000 2.000000
v -0.500000 -0.500000 1.900000
v -0.500000 -0.500000 1.800000
v -0.500000 -0.500000 0.500000
v -0.500000 -0.500000 0.400000
v -0.500000 -0.500000 -0.200000
v -0.500000 -0.500000 -0.300000
v -0.500000 -0.500000 -1.500000
v -0.500000 -0.500000 -1.600000
v -0.500000 -0.500000 -1.800000
v -0.500000 -0.600000 1.900000
v -0.500000 -0.600000 1.800000
v -0.500000 -0.600000 0.500000
v -0.500000 -0.600000 0.400000
v -0.500000 -0.600000 -0.200000
v -0.500000 -0.600000 -0.300000
v -0.500000 -0.600000 -0.600000
v -0.500000 -0.600000 -1.200000
v -0.500000 -0.600000 -1.300000
v -0.500000 -0.600000 -1.600000
v -0.500000 -0.600000 -1.700000
v -0.500000 -0.600000 -1.900000
v -0.500000 -0.700000 -0.600000
v -0.500000 -0.700000 -1.200000
v -0.500000 -0.700000 -1.600000
v -0.500000 -0.700000 -1.700000
v -0.500000 -0.700000 -1.800000
v -0.500000 -0.800000 -1.600000
v -0.500000 -0.800000 -1.800000
v -0.500000 -0.800000 -1.900000
v -0.500000 -0.900000 -1.800000
v -0.500000 -0.900000 -1.900000
v -0.600000 0.500000 2.000000
v -0.600000 0.500000 1.900000
v -0.600000 0.500000 -0.100000
v -0.600000 0.500000 -0.800000
v -0.600000 0.400000 2.100000
v -0.600000 0.400000 2.000000
v -0.600000 0.400000 1.900000
v -0.600000 0.400000 1.800000
v -0.600000 0.400000 -0.100000
v -0.600000 0.400000 -0.200000
v -0.600000 0.400000 -0.400000
v -0.600000 0.400000 -0.600000
v -0.600000 0.400000 -0.800000
v -0.600000 0.400000 -0.900000
v -0.600000 0.300000 2.100000
v -0.600000 0.300000 2.000000
v -0.600000 0.300000 1.900000
v -0.600000 0.300000 -0.200000
v -0.600000 0.300000 -0.300000
v -0.600000 0.100000 -0.900000
v -0.600000 -0.100000 -0.300000
v -0.600000 -0.100000 -0.400000
v -0.600000 -0.100000 -0.600000
v -0.600000 -0.100000 -0.900000
v -0.600000 -0.400000 2.100000
v -0.600000 -0.400000 2.000000
v -0.600000 -0.400000 1.900000
v -0.600000 -0.500000 2.100000
v -0.600000 -0.500000 2.000000
v -0.600000 -0.500000 1.900000
v -0.600000 -0.500000 1.800000
v -0.600000 -0.500000 0.700000
v -0.600000 -0.500000 0.500000
v -0.600000 -0.500000 -0.100000
v -0.600000 -0.500000 -0.200000
v -0.600000 -0.600000 2.000000
v -0.600000 -0.600000 1.900000
v -0.600000 -0.600000 0.700000
v -0.600000 -0.600000 0.500000
v -0.600000 -0.600000 -0.100000
v -0.600000 -0.600000 -0.200000
v -0.700000 0.200000 -0.900000
v -0.700000 0.200000 -1.000000
v -0.700000 -0.000000 -0.900000
v -0.700000 -0.000000 -1.000000
v -0.700000 -0.100000 -0.900000
v -0.700000 -0.100000 -1.000000
v -0.700000 -0.200000 -0.900000
v -0.700000 -0.200000 -1.100000
v -0.700000 -0.300000 -0.900000
v -0.700000 -0.300000 -1.100000
v -0.700000 -0.400000 -0.900000
v -0.700000 -0.400000 -1.200000
v -0.700000 -0.500000 0.800000
v -0.700000 -0.500000 0.700000
v -0.700000 -0.500000 -0.000000
v -0.700000 -0.500000 -0.100000
v -0.700000 -0.500000 -0.900000
v -0.700000 -0.500000 -1.200000
v -0.700000 -0.600000 0.800000
v -0.700000 -0.600000 0.700000
v -0.700000 -0.600000 -0.000000
v -0.700000 -0.600000 -0.100000
v -0.800000 0.500000 2.100000
v -0.800000 0.500000 2.000000
v -0.800000 0.400000 2.200000
v -0.800000 0.400000 2.100000
v -0.800000 0.400000 2.000000
v -0.800000 0.400000 1.900000
v -0.800000 0.300000 2.200000
v -0.800000 0.300000 2.100000
v -0.800000 0.300000 2.000000
v -0.800000 0.200000 2.100000
v -0.800000 0.200000 2.000000
v -0.800000 0.100000 2.100000
v -0.800000 0.100000 2.000000
v -0.800000 0.000000 2.100000
v -0.800000 0.000000 2.000000
v -0.800000 -0.100000 2.100000
v -0.800000 -0.100000 2.000000
v -0.800000 -0.100000 1.900000
v -0.800000 -0.200000 2.100000
v -0.800000 -0.200000 2.000000
v -0.800000 -0.200000 1.900000
v -0.800000 -0.300000 2.200000
v -0.800000 -0.300000 2.100000
v -0.800000 -0.400000 2.200000
v -0.800000 -0.400000 2.100000
v -0.800000 -0.400000 2.000000
v -0.800000 -0.400000 1.900000
v -0.800000 -0.500000 2.000000
v -0.800000 -0.500000 1.900000
v -0.800000 -0.500000 -0.700000
v -0.800000 -0.500000 -1.200000
v -0.800000 -0.500000 -1.300000
v -0.800000 -0.600000 -0.700000
v -0.800000 -0.600000 -1.300000
v -0.900000 0.800000 0.700000
v -0.900000 0.800000 -0.200000
v -0.900000 0.800000 -0.300000
v -0.900000 0.700000 1.000000
v -0.900000 0.700000 0.700000
v -0.900000 0.700000 -0.000000
v -0.900000 0.700000 -0.200000
v -0.900000 0.700000 -0.300000
v -0.900000 0.600000 1.300000
v -0.900000 0.600000 1.000000
v -0.900000 0.600000 0.300000
v -0.900000 0.600000 -0.000000
v -0.900000 0.500000 1.300000
v -0.900000 0.500000 0.300000
v -0.900000 -0.400000 0.400000
v -0.900000 -0.400000 0.100000
v -0.900000 -0.500000 0.400000
v -0.900000 -0.500000 0.100000
v -0.900000 -0.600000 -0.700000
v -0.900000 -0.600000 -1.300000
v -0.900000 -0.700000 -0.700000
v -0.900000 -0.700000 -1.300000
v -1.000000 0.500000 2.200000
v -1.000000 0.500000 2.100000
v -1.000000 0.400000 2.300000
v -1.000000 0.400000 2.200000
v -1.000000 0.400000 2.100000
v -1.000000 0.400000 2.000000
v -1.000000 0.300000 2.300000
v -1.000000 0.300000 2.200000
v -1.000000 0.300000 2.100000
v -1.000000 -0.300000 2.300000
v -1.000000 -0.300000 2.200000
v -1.000000 -0.300000 2.100000
v -1.000000 -0.400000 2.300000
v -1.000000 -0.400000 2.200000
v -1.000000 -0.400000 2.100000
v -1.000000 -0.400000 2.000000
v -1.000000 -0.400000 0.800000
v -1.000000 -0.400000 0.700000
v -1.000000 -0.400000 0.400000
v -1.000000 -0.500000 2.200000
v -1.000000 -0.500000 2.100000
v -1.000000 -0.500000 0.800000
v -1.000000 -0.500000 0.400000
v -1.000000 -0.700000 -0.900000
v -1.000000 -0.700000 -1.300000
v -1.000000 -0.700000 -1.400000
v -1.000000 -0.800000 -0.900000
v -1.000000 -0.800000 -1.400000
v -1.100000 0.300000 -0.300000
v -1.100000 0.300000 -0.400000
v -1.100000 0.200000 -0.300000
v -1.100000 0.200000 -0.400000
v -1.100000 0.100000 -0.300000
v -1.100000 0.100000 -0.400000
v -1.100000 -0.000000 -0.300000
v -1.100000 -0.000000 -0.400000
v -1.100000 -0.100000 -0.300000
v -1.100000 -0.100000 -0.500000
v -1.100000 -0.200000 -0.300000
v -1.100000 -0.200000 -0.500000
v -1.100000 -0.300000 -0.300000
v -1.100000 -0.300000 -0.600000
v -1.100000 -0.400000 -0.300000
v -1.100000 -0.400000 -0.600000
v -1.100000 -0.500000 1.700000
v -1.100000 -0.500000 1.400000
v -1.100000 -0.600000 1.700000
v -1.100000 -0.600000 1.400000
v -1.100000 -0.800000 -1.100000
v -1.100000 -0.800000 -1.400000
v -1.100000 -0.800000 -1.500000
v -1.100000 -0.900000 -1.100000
v -1.100000 -0.900000 -1.400000
v -1.100000 -0.900000 -1.500000
v -1.200000 -0.400000 1.400000
v -1.200000 -0.400000 1.000000
v -1.200000 -0.400000 0.900000
v -1.200000 -0.400000 0.700000
v -1.200000 -0.500000 1.400000
v -1.200000 -0.500000 1.000000
v -1.200000 -0.500000 0.900000
v -1.200000 -0.500000 0.700000
v -1.300000 0.500000 1.500000
v -1.300000 0.500000 0.900000
v -1.300000 0.400000 1.500000
v -1.300000 0.400000 0.900000
v -1.300000 0.400000 -0.200000
v -1.300000 0.400000 -0.300000
v -1.300000 0.300000 -0.200000
v -1.300000 0.300000 -0.300000
v -1.300000 0.200000 -0.200000
v -1.300000 0.200000 -0.300000
v -1.300000 0.100000 -0.200000
v -1.300000 0.100000 -0.300000
v -1.300000 -0.000000 -0.200000
v -1.300000 -0.000000 -0.300000
v -1.300000 -0.100000 -0.200000
v -1.300000 -0.100000 -0.300000
v -1.300000 -0.200000 -0.200000
v -1.300000 -0.200000 -0.300000
v -1.300000 -0.300000 -0.200000
v -1.300000 -0.300000 -0.300000
v -1.400000 0.600000 2.200000
v -1.400000 0.600000 1.600000
v -1.400000 0.600000 1.500000
v -1.400000 0.600000 0.700000
v -1.400000 0.600000 0.600000
v -1.400000 0.600000 -0.400000
v -1.400000 0.500000 2.300000
v -1.400000 0.500000 2.200000
v -1.400000 0.500000 1.600000
v -1.400000 0.500000 1.500000
v -1.400000 0.500000 0.900000
v -1.400000 0.500000 0.700000
v -1.400000 0.500000 0.600000
v -1.400000 0.500000 -0.400000
v -1.400000 0.400000 2.300000
v -1.400000 0.400000 2.200000
v -1.400000 0.400000 1.600000
v -1.400000 0.400000 1.500000
v -1.400000 0.400000 0.900000
v -1.400000 0.400000 0.700000
v -1.400000 -0.200000 2.300000
v -1.400000 -0.200000 2.200000
v -1.400000 -0.300000 2.300000
v -1.400000 -0.300000 2.200000
v -1.400000 -0.300000 2.100000
v -1.400000 -0.300000 -0.300000
v -1.400000 -0.300000 -0.400000
v -1.400000 -0.400000 2.200000
v -1.400000 -0.400000 2.100000
v -1.400000 -0.400000 -0.300000
v -1.400000 -0.400000 -0.400000
v -1.500000 0.400000 -0.100000
v -1.500000 0.400000 -0.200000
v -1.500000 0.300000 -0.100000
v -1.500000 0.300000 -0.200000
v -1.500000 0.200000 2.100000
v -1.500000 0.200000 2.000000
v -1.500000 0.200000 -0.100000
v -1.500000 0.200000 -0.200000
v -1.500000 0.100000 2.100000
v -1.500000 0.100000 2.000000
v -1.500000 0.100000 -0.100000
v -1.500000 0.100000 -0.200000
v -1.500000 0.000000 2.100000
v -1.500000 0.000000 2.000000
v -1.500000 -0.000000 -0.100000
v -1.500000 -0.000000 -0.300000
v -1.500000 -0.100000 2.100000
v -1.500000 -0.100000 2.000000
v -1.500000 -0.100000 -0.100000
v -1.500000 -0.100000 -0.300000
v -1.500000 -0.200000 -0.100000
v -1.500000 -0.200000 -0.400000
v -1.500000 -0.300000 -0.100000
v -1.500000 -0.300000 -0.400000
v -1.600000 0.600000 2.300000
v -1.600000 0.600000 2.200000
v -1.600000 0.500000 2.400000
v -1.600000 0.500000 2.300000
v -1.600000 0.500000 2.200000
v -1.600000 0.500000 2.100000
v -1.600000 0.400000 2.400000
v -1.600000 0.400000 2.300000
v -1.600000 0.400000 2.200000
v -1.600000 0.300000 2.300000
v -1.600000 0.300000 2.200000
v -1.600000 0.200000 2.300000
v -1.600000 0.200000 2.200000
v -1.600000 0.100000 2.300000
v -1.600000 0.100000 2.200000
v -1.600000 0.000000 2.300000
v -1.600000 0.000000 2.200000
v -1.600000 -0.100000 2.300000
v -1.600000 -0.100000 2.200000
v -1.600000 -0.200000 2.400000
v -1.600000 -0.200000 2.300000
v -1.600000 -0.200000 2.200000
v -1.600000 -0.300000 2.400000
v -1.600000 -0.300000 2.300000
v -1.600000 -0.300000 2.200000
v -1.600000 -0.300000 2.100000
v -1.600000 -0.400000 2.300000
v -1.600000 -0.400000 2.200000
v -1.700000 0.500000 -0.000000
v -1.700000 0.500000 -0.100000
v -1.700000 0.400000 -0.000000
v -1.700000 0.400000 -0.100000
v -1.700000 0.300000 -0.000000
v -1.700000 0.300000 -0.100000
v -1.700000 0.200000 -0.000000
v -1.700000 0.200000 -0.100000
v -1.700000 0.100000 -0.000000
v -1.700000 0.100000 -0.100000
v -1.700000 -0.000000 -0.000000
v -1.700000 -0.000000 -0.100000
v -1.700000 -0.100000 -0.000000
v -1.700000 -0.100000 -0.100000
v -1.700000 -0.200000 -0.000000
v -1.700000 -0.200000 -0.100000
v -1.700000 -0.400000 1.900000
v -1.700000 -0.400000 1.600000
v -1.700000 -0.500000 1.900000
v -1.700000 -0.500000 1.600000
v -1.800000 0.700000 2.400000
v -1.800000 0.700000 1.600000
v -1.800000 0.700000 1.500000
v -1.800000 0.700000 0.900000
v -1.800000 0.700000 0.700000
v -1.800000 0.700000 -0.100000
v -1.800000 0.600000 2.500000
v -1.800000 0.600000 2.400000
v -1.800000 0.600000 2.300000
v -1.800000 0.600000 1.600000
v -1.800000 0.600000 1.500000
v -1.800000 0.600000 0.900000
v -1.800000 0.600000 0.700000
v -1.800000 0.600000 0.600000
v -1.800000 0.600000 -0.100000
v -1.800000 0.500000 2.500000
v -1.800000 0.500000 2.400000
v -1.800000 0.500000 2.300000
v -1.800000 0.500000 2.200000
v -1.800000 0.500000 1.600000
v -1.800000 0.500000 1.500000
v -1.800000 0.500000 0.700000
v -1.800000 0.500000 0.600000
v -1.800000 0.400000 2.300000
v -1.800000 -0.200000 2.500000
v -1.800000 -0.200000 2.400000
v -1.800000 -0.200000 2.300000
v -1.800000 -0.300000 2.500000
v -1.800000 -0.300000 2.400000
v -1.800000 -0.300000 2.300000
v -1.800000 -0.300000 2.200000
v -1.800000 -0.300000 1.600000
v -1.800000 -0.300000 1.200000
v -1.800000 -0.300000 1.100000
v -1.800000 -0.300000 0.900000
v -1.800000 -0.400000 2.400000
v -1.800000 -0.400000 2.300000
v -1.800000 -0.400000 1.600000
v -1.800000 -0.400000 1.200000
v -1.800000 -0.400000 1.100000
v -1.800000 -0.400000 0.900000
v -1.900000 0.700000 1.600000
v -1.900000 0.700000 1.500000
v -1.900000 0.700000 0.900000
v -1.900000 0.700000 0.700000
v -1.900000 0.600000 1.600000
v -1.900000 0.600000 1.500000
v -1.900000 0.600000 0.900000
v -1.900000 0.600000 0.700000
v -2.000000 0.700000 1.500000
v -2.000000 0.700000 0.900000
v -2.000000 0.600000 1.500000
v -2.000000 0.600000 0.900000
v -2.000000 -0.100000 2.500000
v -2.000000 -0.100000 2.400000
v -2.000000 -0.200000 2.500000
v -2.000000 -0.200000 2.400000
v -2.000000 -0.200000 2.300000
v -2.000000 -0.200000 0.100000
v -2.000000 -0.200000 -0.000000
v -2.000000 -0.300000 2.400000
v -2.000000 -0.300000 2.300000
v -2.000000 -0.300000 0.100000
v -2.000000 -0.300000 -0.000000
v -2.100000 0.500000 0.300000
v -2.100000 0.500000 0.200000
v -2.100000 0.400000 0.300000
v -2.100000 0.400000 0.200000
v -2.100000 0.300000 0.300000
v -2.100000 0.300000 0.200000
v -2.100000 0.200000 0.300000
v -2.100000 0.200000 0.200000
v -2.100000 0.100000 0.300000
v -2.100000 0.100000 0.100000
v -2.100000 0.000000 0.300000
v -2.100000 0.000000 0.100000
v -2.100000 -0.100000 0.300000
v -2.100000 -0.100000 -0.000000
v -2.100000 -0.200000 0.300000
v -2.100000 -0.200000 -0.000000
v -2.200000 1.000000 1.100000
v -2.200000 1.000000 0.300000
v -2.200000 1.000000 0.200000
v -2.200000 0.900000 1.400000
v -2.200000 0.900000 1.100000
v -2.200000 0.900000 0.500000
v -2.200000 0.900000 0.300000
v -2.200000 0.900000 0.200000
v -2.200000 0.800000 1.700000
v -2.200000 0.800000 1.400000
v -2.200000 0.800000 0.800000
v -2.200000 0.800000 0.500000
v -2.200000 0.700000 1.700000
v -2.200000 0.700000 0.800000
v -2.200000 -0.300000 1.800000
v -2.200000 -0.300000 1.500000
v -2.200000 -0.400000 1.800000
v -2.200000 -0.400000 1.500000
v -2.300000 0.600000 0.400000
v -2.300000 0.600000 0.300000
v -2.300000 0.500000 0.400000
v -2.300000 0.500000 0.300000
v -2.300000 0.400000 0.400000
v -2.300000 0.400000 0.300000
v -2.300000 0.300000 2.300000
v -2.300000 0.300000 2.200000
v -2.300000 0.300000 0.400000
v -2.300000 0.300000 0.300000
v -2.300000 0.200000 2.300000
v -2.300000 0.200000 2.200000
v -2.300000 0.200000 0.400000
v -2.300000 0.200000 0.300000
v -2.300000 0.100000 2.300000
v -2.300000 0.100000 2.200000
v -2.300000 0.100000 0.400000
v -2.300000 0.100000 0.300000
v -2.300000 0.000000 2.300000
v -2.300000 0.000000 2.200000
v -2.300000 0.000000 0.400000
v -2.300000 0.000000 0.300000
v -2.300000 -0.100000 0.400000
v -2.300000 -0.100000 0.300000
v -2.300000 -0.200000 1.500000
v -2.300000 -0.200000 1.000000
v -2.300000 -0.200000 0.900000
v -2.300000 -0.200000 0.800000
v -2.300000 -0.300000 1.500000
v -2.300000 -0.300000 1.000000
v -2.300000 -0.300000 0.900000
v -2.300000 -0.300000 0.800000
v -2.500000 0.600000 0.500000
v -2.500000 0.600000 0.400000
v -2.500000 0.500000 0.500000
v -2.500000 0.500000 0.400000
v -2.500000 0.400000 0.500000
v -2.500000 0.400000 0.400000
v -2.500000 0.300000 0.500000
v -2.500000 0.300000 0.400000
v -2.500000 0.200000 0.500000
v -2.500000 0.200000 0.300000
v -2.500000 0.100000 0.500000
v -2.500000 0.100000 0.300000
v -2.500000 0.000000 0.500000
v -2.500000 0.000000 0.200000
v -2.500000 -0.100000 2.100000
v -2.500000 -0.100000 1.900000
v -2.500000 -0.100000 0.500000
v -2.500000 -0.100000 0.300000
v -2.500000 -0.100000 0.200000
v -2.500000 -0.200000 2.100000
v -2.500000 -0.200000 1.900000
v -2.700000 0.600000 1.500000
v -2.700000 0.600000 1.300000
v -2.700000 0.500000 1.500000
v -2.700000 0.500000 1.300000
v -2.700000 0.500000 0.600000
v -2.700000 0.500000 0.500000
v -2.700000 0.400000 0.600000
v -2.700000 0.400000 0.500000
v -2.700000 0.300000 0.600000
v -2.700000 0.300000 0.500000
v -2.700000 0.200000 0.600000
v -2.700000 0.200000 0.500000
v -2.700000 0.100000 0.600000
v -2.700000 0.100000 0.500000
v -2.700000 0.000000 1.500000
v -2.700000 0.000000 1.300000
v -2.700000 0.000000 0.600000
v -2.700000 0.000000 0.500000
v -2.700000 -0.100000 1.500000
v -2.700000 -0.100000 1.300000
v -2.800000 0.800000 1.000000
v -2.800000 0.800000 0.600000
v -2.800000 0.700000 1.000000
v -2.800000 0.700000 0.600000
v 2.800000 0.800000 1.000000
v 2.800000 0.800000 0.600000
v 2.800000 0.700000 1.000000
v 2.800000 0.700000 0.600000
v 2.700000 0.600000 1.500000
v 2.700000 0.600000 1.300000
v 2.700000 0.500000 1.500000
v 2.700000 0.500000 1.300000
v 2.700000 0.500000 0.600000
v 2.700000 0.500000 0.500000
v 2.700000 0.400000 0.600000
v 2.700000 0.400000 0.500000
v 2.700000 0.300000 0.600000
v 2.700000 0.300000 0.500000
v 2.700000 0.200000 0.600000
v 2.700000 0.200000 0.500000
v 2.700000 0.100000 0.600000
v 2.700000 0.100000 0.500000
v 2.700000 0.000000 1.500000
v 2.700000 0.000000 1.300000
v 2.700000 0.000000 0.600000
v 2.700000 0.000000 0.500000
v 2.700000 -0.100000 1.500000
v 2.700000 -0.100000 1.300000
v 2.500000 0.600000 0.500000
v 2.500000 0.600000 0.400000
v 2.500000 0.500000 0.500000
v 2.500000 0.500000 0.400000
v 2.500000 0.400000 0.500000
v 2.500000 0.400000 0.400000
v 2.500000 0.300000 0.500000
v 2.500000 0.300000 0.400000
v 2.500000 0.200000 0.500000
v 2.500000 0.200000 0.300000
v 2.500000 0.100000 0.500000
v 2.500000 0.100000 0.300000
v 2.500000 0.000000 0.500000
v 2.500000 0.000000 0.200000
v 2.500000 -0.100000 2.100000
v 2.500000 -0.100000 1.900000
v 2.500000 -0.100000 0.500000
v 2.500000 -0.100000 0.300000
v 2.500000 -0.100000 0.200000
v 2.500000 -0.200000 2.100000
v 2.500000 -0.200000 1.900000
v 2.300000 0.600000 0.400000
v 2.300000 0.600000 0.300000
v 2.300000 0.500000 0.400000
v 2.300000 0.500000 0.300000
v 2.300000 0.400000 0.400000
v 2.300000 0.400000 0.300000
v 2.300000 0.300000 2.300000
v 2.300000 0.300000 2.200000
v 2.300000 0.300000 0.400000
v 2.300000 0.300000 0.300000
v 2.300000 0.200000 2.300000
v 2.300000 0.200000 2.200000
v 2.300000 0.200000 0.400000
v 2.300000 0.200000 0.300000
v 2.300000 0.100000 2.300000
v 2.300000 0.100000 2.200000
v 2.300000 0.100000 0.400000
v 2.300000 0.100000 0.300000
v 2.300000 0.000000 2.300000
v 2.300000 0.000000 2.200000
v 2.300000 0.000000 0.400000
v 2.300000 0.000000 0.300000
v 2.300000 -0.100000 0.400000
v 2.300000 -0.100000 0.300000
v 2.300000 -0.200000 1.500000
v 2.300000 -0.200000 1.000000
v 2.300000 -0.200000 0.900000
v 2.300000 -0.200000 0.800000
v 2.300000 -0.300000 1.500000
v 2.300000 -0.300000 1.000000
v 2.300000 -0.300000 0.900000
v 2.300000 -0.300000 0.800000
v 2.200000 1.000000 1.100000
v 2.200000 1.000000 0.300000
v 2.200000 1.000000 0.200000
v 2.200000 0.900000 1.400000
v 2.200000 0.900000 1.100000
v 2.200000 0.900000 0.500000
v 2.200000 0.900000 0.300000
v 2.200000 0.900000 0.200000
v 2.200000 0.800000 1.700000
v 2.200000 0.800000 1.400000
v 2.200000 0.800000 0.800000
v 2.200000 0.800000 0.500000
v 2.200000 0.700000 1.700000
v 2.200000 0.700000 0.800000
v 2.200000 -0.300000 1.800000
v 2.200000 -0.300000 1.500000
v 2.200000 -0.400000 1.800000
v 2.200000 -0.400000 1.500000
v 2.100000 0.500000 0.300000
v 2.100000 0.500000 0.200000
v 2.100000 0.400000 0.300000
v 2.100000 0.400000 0.200000
v 2.100000 0.300000 0.300000
v 2.100000 0.300000 0.200000
v 2.100000 0.200000 0.300000
v 2.100000 0.200000 0.200000
v 2.100000 0.100000 0.300000
v 2.100000 0.100000 0.100000
v 2.100000 0.000000 0.300000
v 2.100000 0.000000 0.100000
v 2.100000 -0.100000 0.300000
v 2.100000 -0.100000 -0.000000
v 2.100000 -0.200000 0.300000
v 2.100000 -0.200000 -0.000000
v 2.000000 0.700000 1.500000
v 2.000000 0.700000 0.900000
v 2.000000 0.600000 1.500000
v 2.000000 0.600000 0.900000
v 2.000000 -0.100000 2.500000
v 2.000000 -0.100000 2.400000
v 2.000000 -0.200000 2.500000
v 2.000000 -0.200000 2.400000
v 2.000000 -0.200000 2.300000
v 2.000000 -0.200000 0.100000
v 2.000000 -0.200000 -0.000000
v 2.000000 -0.300000 2.400000
v 2.000000 -0.300000 2.300000
v 2.000000 -0.300000 0.100000
v 2.000000 -0.300000 -0.000000
v 1.900000 0.700000 1.600000
v 1.900000 0.700000 1.500000
v 1.900000 0.700000 0.900000
v 1.900000 0.700000 0.700000
v 1.900000 0.600000 1.600000
v 1.900000 0.600000 1.500000
v 1.900000 0.600000 0.900000
v 1.900000 0.600000 0.700000
v 1.800000 0.700000 2.400000
v 1.800000 0.700000 1.600000
v 1.800000 0.700000 1.500000
v 1.800000 0.700000 0.900000
v 1.800000 0.700000 0.700000
v 1.800000 0.700000 -0.100000
v 1.800000 0.600000 2.500000
v 1.800000 0.600000 2.400000
v 1.800000 0.600000 2.300000
v 1.800000 0.600000 1.600000
v 1.800000 0.600000 1.500000
v 1.800000 0.600000 0.900000
v 1.800000 0.600000 0.700000
v 1.800000 0.600000 0.600000
v 1.800000 0.600000 -0.100000
v 1.800000 0.500000 2.500000
v 1.800000 0.500000 2.400000
v 1.800000 0.500000 2.300000
v 1.800000 0.500000 2.200000
v 1.800000 0.500000 1.600000
v 1.800000 0.500000 1.500000
v 1.800000 0.500000 0.700000
v 1.800000 0.500000 0.600000
v 1.800000 0.400000 2.300000
v 1.800000 -0.200000 2.500000
v 1.800000 -0.200000 2.400000
v 1.800000 -0.200000 2.300000
v 1.800000 -0.300000 2.500000
v 1.800000 -0.300000 2.400000
v 1.800000 -0.300000 2.300000
v 1.800000 -0.300000 2.200000
v 1.800000 -0.300000 1.600000
v 1.800000 -0.300000 1.200000
v 1.800000 -0.300000 1.100000
v 1.800000 -0.300000 0.900000
v 1.800000 -0.400000 2.400000
v 1.800000 -0.400000 2.300000
v 1.800000 -0.400000 1.600000
v 1.800000 -0.400000 1.200000
v 1.800000 -0.400000 1.100000
v 1.800000 -0.400000 0.900000
v 1.700000 0.500000 -0.000000
v 1.700000 0.500000 -0.100000
v 1.700000 0.400000 -0.000000
v 1.700000 0.400000 -0.100000
v 1.700000 0.300000 -0.000000
v 1.700000 0.300000 -0.100000
v 1.700000 0.200000 -0.000000
v 1.700000 0.200000 -0.100000
v 1.700000 0.100000 -0.000000
v 1.700000 0.100000 -0.100000
v 1.700000 -0.000000 -0.000000
v 1.700000 -0.000000 -0.100000
v 1.700000 -0.100000 -0.000000
v 1.700000 -0.100000 -0.100000
v 1.700000 -0.200000 -0.000000
v 1.700000 -0.200000 -0.100000
v 1.700000 -0.400000 1.900000
v 1.700000 -0.400000 1.600000
v 1.700000 -0.500000 1.900000
v 1.700000 -0.500000 1.600000
v 1.600000 0.600000 2.300000
v 1.600000 0.600000 2.200000
v 1.600000 0.500000 2.400000
v 1.600000 0.500000 2.300000
v 1.600000 0.500000 2.200000
v 1.600000 0.500000 2.100000
v 1.600000 0.400000 2.400000
v 1.600000 0.400000 2.300000
v 1.600000 0.400000 2.200000
v 1.600000 0.300000 2.300000
v 1.600000 0.300000 2.200000
v 1.600000 0.200000 2.300000
v 1.600000 0.200000 2.200000
v 1.600000 0.100000 2.300000
v 1.600000 0.100000 2.200000
v 1.600000 0.000000 2.300000
v 1.600000 0.000000 2.200000
v 1.600000 -0.100000 2.300000
v 1.600000 -0.100000 2.200000
v 1.600000 -0.200000 2.400000
v 1.600000 -0.200000 2.300000
v 1.600000 -0.200000 2.200000
v 1.600000 -0.300000 2.400000
v 1.600000 -0.300000 2.300000
v 1.600000 -0.300000 2.200000
v 1.600000 -0.300000 2.100000
v 1.600000 -0.400000 2.300000
v 1.600000 -0.400000 2.200000
v 1.500000 0.400000 -0.100000
v 1.500000 0.400000 -0.200000
v 1.500000 0.300000 -0.100000
v 1.500000 0.300000 -0.200000
v 1.500000 0.200000 2.100000
v 1.500000 0.200000 2.000000
v 1.500000 0.200000 -0.100000
v 1.500000 0.200000 -0.200000
v 1.500000 0.100000 2.100000
v 1.500000 0.100000 2.000000
v 1.500000 0.100000 -0.100000
v 1.500000 0.100000 -0.200000
v 1.500000 0.000000 2.100000
v 1.500000 0.000000 2.000000
v 1.500000 -0.000000 -0.100000
v 1.500000 -0.000000 -0.300000
v 1.500000 -0.100000 2.100000
v 1.500000 -0.100000 2.000000
v 1.500000 -0.100000 -0.100000
v 1.500000 -0.100000 -0.300000
v 1.500000 -0.200000 -0.100000
v 1.500000 -0.200000 -0.400000
v 1.500000 -0.300000 -0.100000
v 1.500000 -0.300000 -0.400000
v 1.400000 0.600000 2.200000
v 1.400000 0.600000 1.600000
v 1.400000 0.600000 1.500000
v 1.400000 0.600000 0.700000
v 1.400000 0.600000 0.600000
v 1.400000 0.600000 -0.400000
v 1.400000 0.500000 2.300000
v 1.400000 0.500000 2.200000
v 1.400000 0.500000 1.600000
v 1.400000 0.500000 1.500000
v 1.400000 0.500000 0.900000
v 1.400000 0.500000 0.700000
v 1.400000 0.500000 0.600000
v 1.400000 0.500000 -0.400000
v 1.400000 0.400000 2.300000
v 1.400000 0.400000 2.200000
v 1.400000 0.400000 1.600000
v 1.400000 0.400000 1.500000
v 1.400000 0.400000 0.900000
v 1.400000 0.400000 0.700000
v 1.400000 -0.200000 2.300000
v 1.400000 -0.200000 2.200000
v 1.400000 -0.300000 2.300000
v 1.400000 -0.300000 2.200000
v 1.400000 -0.300000 2.100000
v 1.400000 -0.300000 -0.300000
v 1.400000 -0.300000 -0.400000
v 1.400000 -0.400000 2.200000
v 1.400000 -0.400000 2.100000
v 1.400000 -0.400000 -0.300000
v 1.400000 -0.400000 -0.400000
v 1.300000 0.500000 1.500000
v 1.300000 0.500000 0.900000
v 1.300000 0.400000 1.500000
v 1.300000 0.400000 0.900000
v 1.300000 0.400000 -0.200000
v 1.300000 0.400000 -0.300000
v 1.300000 0.300000 -0.200000
v 1.300000 0.300000 -0.300000
v 1.300000 0.200000 -0.200000
v 1.300000 0.200000 -0.300000
v 1.300000 0.100000 -0.200000
v 1.300000 0.100000 -0.300000
v 1.300000 -0.000000 -0.200000
v 1.300000 -0.000000 -0.300000
v 1.300000 -0.100000 -0.200000
v 1.300000 -0.100000 -0.300000
v 1.300000 -0.200000 -0.200000
v 1.300000 -0.200000 -0.300000
v 1.300000 -0.300000 -0.200000
v 1.300000 -0.300000 -0.300000
v 1.200000 -0.400000 1.400000
v 1.200000 -0.400000 1.000000
v 1.200000 -0.400000 0.900000
v 1.200000 -0.400000 0.700000
v 1.200000 -0.500000 1.400000
v 1.200000 -0.500000 1.000000
v 1.200000 -0.500000 0.900000
v 1.200000 -0.500000 0.700000
v 1.100000 0.300000 -0.300000
v 1.100000 0.300000 -0.400000
v 1.100000 0.200000 -0.300000
v 1.100000 0.200000 -0.400000
v 1.100000 0.100000 -0.300000
v 1.100000 0.100000 -0.400000
v 1.100000 -0.000000 -0.300000
v 1.100000 -0.000000 -0.400000
v 1.100000 -0.100000 -0.300000
v 1.100000 -0.100000 -0.500000
v 1.100000 -0.200000 -0.300000
v 1.100000 -0.200000 -0.500000
v 1.100000 -0.300000 -0.300000
v 1.100000 -0.300000 -0.600000
v 1.100000 -0.400000 -0.300000
v 1.100000 -0.400000 -0.600000
v 1.100000 -0.500000 1.700000
v 1.100000 -0.500000 1.400000
v 1.100000 -0.600000 1.700000
v 1.100000 -0.600000 1.400000
v 1.100000 -0.800000 -1.100000
v 1.100000 -0.800000 -1.400000
v 1.100000 -0.800000 -1.500000
v 1.100000 -0.900000 -1.100000
v 1.100000 -0.900000 -1.400000
v 1.100000 -0.900000 -1.500000
v 1.000000 0.500000 2.200000
v 1.000000 0.500000 2.100000
v 1.000000 0.400000 2.300000
v 1.000000 0.400000 2.200000
v 1.000000 0.400000 2.100000
v 1.000000 0.400000 2.000000
v 1.000000 0.300000 2.300000
v 1.000000 0.300000 2.200000
v 1.000000 0.300000 2.100000
v 1.000000 -0.300000 2.300000
v 1.000000 -0.300000 2.200000
v 1.000000 -0.300000 2.100000
v 1.000000 -0.400000 2.300000
v 1.000000 -0.400000 2.200000
v 1.000000 -0.400000 2.100000
v 1.000000 -0.400000 2.000000
v 1.000000 -0.400000 0.800000
v 1.000000 -0.400000 0.700000
v 1.000000 -0.400000 0.400000
v 1.000000 -0.500000 2.200000
v 1.000000 -0.500000 2.100000
v 1.000000 -0.500000 0.800000
v 1.000000 -0.500000 0.400000
v 1.000000 -0.700000 -0.900000
v 1.000000 -0.700000 -1.300000
v 1.000000 -0.700000 -1.400000
v 1.000000 -0.800000 -0.900000
v 1.000000 -0.800000 -1.400000
v 0.900000 0.800000 0.700000
v 0.900000 0.800000 -0.200000
v 0.900000 0.800000 -0.300000
v 0.900000 0.700000 1.000000
v 0.900000 0.700000 0.700000
v 0.900000 0.700000 -0.000000
v 0.900000 0.700000 -0.200000
v 0.900000 0.700000 -0.300000
v 0.900000 0.600000 1.300000
v 0.900000 0.600000 1.000000
v 0.900000 0.600000 0.300000
v 0.900000 0.600000 -0.000000
v 0.900000 0.500000 1.300000
v 0.900000 0.500000 0.300000
v 0.900000 -0.400000 0.400000
v 0.900000 -0.400000 0.100000
v 0.900000 -0.500000 0.400000
v 0.900000 -0.500000 0.100000
v 0.900000 -0.600000 -0.700000
v 0.900000 -0.600000 -1.300000
v 0.900000 -0.700000 -0.700000
v 0.900000 -0.700000 -1.300000
v 0.800000 0.500000 2.100000
v 0.800000 0.500000 2.000000
v 0.800000 0.400000 2.200000
v 0.800000 0.400000 2.100000
v 0.800000 0.400000 2.000000
v 0.800000 0.400000 1.900000
v 0.800000 0.300000 2.200000
v 0.800000 0.300000 2.100000
v 0.800000 0.300000 2.000000
v 0.800000 0.200000 2.100000
v 0.800000 0.200000 2.000000
v 0.800000 0.100000 2.100000
v 0.800000 0.100000 2.000000
v 0.800000 0.000000 2.100000
v 0.800000 0.000000 2.000000
v 0.800000 -0.100000 2.100000
v 0.800000 -0.100000 2.000000
v 0.800000 -0.100000 1.900000
v 0.800000 -0.200000 2.100000
v 0.800000 -0.200000 2.000000
v 0.800000 -0.200000 1.900000
v 0.800000 -0.300000 2.200000
v 0.800000 -0.300000 2.100000
v 0.800000 -0.400000 2.200000
v 0.800000 -0.400000 2.100000
v 0.800000 -0.400000 2.000000
v 0.800000 -0.400000 1.900000
v 0.800000 -0.500000 2.000000
v 0.800000 -0.500000 1.900000
v 0.800000 -0.500000 -0.700000
v 0.800000 -0.500000 -1.200000
v 0.800000 -0.500000 -1.300000
v 0.800000 -0.600000 -0.700000
v 0.800000 -0.600000 -1.300000
v 0.700000 0.200000 -0.900000
v 0.700000 0.200000 -1.000000
v 0.700000 -0.000000 -0.900000
v 0.700000 -0.000000 -1.000000
v 0.700000 -0.100000 -0.900000
v 0.700000 -0.100000 -1.000000
v 0.700000 -0.200000 -0.900000
v 0.700000 -0.200000 -1.100000
v 0.700000 -0.300000 -0.900000
v 0.700000 -0.300000 -1.100000
v 0.700000 -0.400000 -0.900000
v 0.700000 -0.400000 -1.200000
v 0.700000 -0.500000 0.800000
v 0.700000 -0.500000 0.700000
v 0.700000 -0.500000 -0.000000
v 0.700000 -0.500000 -0.100000
v 0.700000 -0.500000 -0.900000
v 0.700000 -0.500000 -1.200000
v 0.700000 -0.600000 0.800000
v 0.700000 -0.600000 0.700000
v 0.700000 -0.600000 -0.000000
v 0.700000 -0.600000 -0.100000
v 0.600000 0.500000 2.000000
v 0.600000 0.500000 1.900000
v 0.600000 0.500000 -0.100000
v 0.600000 0.500000 -0.800000
v 0.600000 0.400000 2.100000
v 0.600000 0.400000 2.000000
v 0.600000 0.400000 1.900000
v 0.600000 0.400000 1.800000
v 0.600000 0.400000 -0.100000
v 0.600000 0.400000 -0.200000
v 0.600000 0.400000 -0.400000
v 0.600000 0.400000 -0.600000
v 0.600000 0.400000 -0.800000
v 0.600000 0.400000 -0.900000
v 0.600000 0.300000 2.100000
v 0.600000 0.300000 2.000000
v 0.600000 0.300000 1.900000
v 0.600000 0.300000 -0.200000
v 0.600000 0.300000 -0.300000
v 0.600000 0.100000 -0.900000
v 0.600000 -0.100000 -0.300000
v 0.600000 -0.100000 -0.400000
v 0.600000 -0.100000 -0.600000
v 0.600000 -0.100000 -0.900000
v 0.600000 -0.400000 2.100000
v 0.600000 -0.400000 2.000000
v 0.600000 -0.400000 1.900000
v 0.600000 -0.500000 2.100000
v 0.600000 -0.500000 2.000000
v 0.600000 -0.500000 1.900000
v 0.600000 -0.500000 1.800000
v 0.600000 -0.500000 0.700000
v 0.600000 -0.500000 0.500000
v 0.600000 -0.500000 -0.100000
v 0.600000 -0.500000 -0.200000
v 0.600000 -0.600000 2.000000
v 0.600000 -0.600000 1.900000
v 0.600000 -0.600000 0.700000
v 0.600000 -0.600000 0.500000
v 0.600000 -0.600000 -0.100000
v 0.600000 -0.600000 -0.200000
v 0.500000 0.500000 1.900000
v 0.500000 0.500000 1.800000
v 0.500000 0.400000 2.000000
v 0.500000 0.400000 1.900000
v 0.500000 0.400000 1.800000
v 0.500000 0.300000 2.000000
v 0.500000 0.300000 1.900000
v 0.500000 0.300000 1.800000
v 0.500000 0.300000 1.700000
v 0.500000 0.300000 -1.300000
v 0.500000 0.300000 -1.500000
v 0.500000 0.200000 -1.300000
v 0.500000 0.100000 -1.300000
v 0.500000 0.100000 -1.500000
v 0.500000 0.100000 -1.600000
v 0.500000 -0.000000 -1.300000
v 0.500000 -0.000000 -1.600000
v 0.500000 -0.100000 -1.300000
v 0.500000 -0.100000 -1.400000
v 0.500000 -0.100000 -1.600000
v 0.500000 -0.200000 -1.400000
v 0.500000 -0.200000 -1.700000
v 0.500000 -0.300000 -1.400000
v 0.500000 -0.300000 -1.500000
v 0.500000 -0.300000 -1.700000
v 0.500000 -0.400000 2.000000
v 0.500000 -0.400000 1.900000
v 0.500000 -0.400000 1.800000
v 0.500000 -0.400000 1.700000
v 0.500000 -0.400000 -1.500000
v 0.500000 -0.400000 -1.800000
v 0.500000 -0.500000 2.000000
v 0.500000 -0.500000 1.900000
v 0.500000 -0.500000 1.800000
v 0.500000 -0.500000 0.500000
v 0.500000 -0.500000 0.400000
v 0.500000 -0.500000 -0.200000
v 0.500000 -0.500000 -0.300000
v 0.500000 -0.500000 -1.500000
v 0.500000 -0.500000 -1.600000
v 0.500000 -0.500000 -1.800000
v 0.500000 -0.600000 1.900000
v 0.500000 -0.600000 1.800000
v 0.500000 -0.600000 0.500000
v 0.500000 -0.600000 0.400000
v 0.500000 -0.600000 -0.200000
v 0.500000 -0.600000 -0.300000
v 0.500000 -0.600000 -0.600000
v 0.500000 -0.600000 -1.200000
v 0.500000 -0.600000 -1.300000
v 0.500000 -0.600000 -1.600000
v 0.500000 -0.600000 -1.700000
v 0.500000 -0.600000 -1.900000
v 0.500000 -0.700000 -0.600000
v 0.500000 -0.700000 -1.200000
v 0.500000 -0.700000 -1.600000
v 0.500000 -0.700000 -1.700000
v 0.500000 -0.700000 -1.800000
v 0.500000 -0.800000 -1.600000
v 0.500000 -0.800000 -1.800000
v 0.500000 -0.800000 -1.900000
v 0.500000 -0.900000 -1.800000
v 0.500000 -0.900000 -1.900000
v 0.400000 0.500000 1.800000
v 0.400000 0.500000 1.600000
v 0.400000 0.500000 0.100000
v 0.400000 0.500000 -0.100000
v 0.400000 0.400000 1.900000
v 0.400000 0.400000 1.800000
v 0.400000 0.400000 1.700000
v 0.400000 0.400000 1.600000
v 0.400000 0.400000 1.500000
v 0.400000 0.400000 1.300000
v 0.400000 0.400000 0.100000
v 0.400000 0.400000 -0.000000
v 0.400000 0.400000 -0.100000
v 0.400000 0.400000 -0.200000
v 0.400000 0.300000 1.900000
v 0.400000 0.300000 1.700000
v 0.400000 0.300000 1.500000
v 0.400000 0.300000 -0.000000
v 0.400000 0.300000 -0.100000
v 0.400000 0.300000 -0.200000
v 0.400000 0.300000 -0.300000
v 0.400000 0.100000 1.500000
v 0.400000 0.100000 1.400000
v 0.400000 0.000000 1.600000
v 0.400000 0.000000 1.500000
v 0.400000 0.000000 1.400000
v 0.400000 0.000000 1.300000
v 0.400000 -0.100000 1.500000
v 0.400000 -0.100000 1.300000
v 0.400000 -0.100000 -0.100000
v 0.400000 -0.100000 -0.300000
v 0.400000 -0.400000 1.900000
v 0.400000 -0.400000 1.700000
v 0.400000 -0.400000 1.600000
v 0.400000 -0.400000 1.500000
v 0.400000 -0.400000 1.300000
v 0.400000 -0.500000 1.900000
v 0.400000 -0.500000 1.800000
v 0.400000 -0.500000 1.700000
v 0.400000 -0.500000 1.600000
v 0.400000 -0.500000 1.500000
v 0.400000 -0.500000 0.400000
v 0.400000 -0.500000 0.300000
v 0.400000 -0.600000 1.800000
v 0.400000 -0.600000 1.500000
v 0.400000 -0.600000 0.400000
v 0.400000 -0.600000 0.300000
v 0.400000 -0.600000 -1.600000
v 0.400000 -0.600000 -1.700000
v 0.400000 -0.700000 -1.600000
v 0.400000 -0.700000 -1.700000
v 0.300000 0.500000 1.600000
v 0.300000 0.500000 1.200000
v 0.300000 0.400000 1.700000
v 0.300000 0.400000 1.600000
v 0.300000 0.400000 1.500000
v 0.300000 0.400000 1.300000
v 0.300000 0.400000 1.200000
v 0.300000 0.300000 1.700000
v 0.300000 0.300000 1.500000
v 0.300000 0.300000 1.300000
v 0.300000 0.300000 1.100000
v 0.300000 0.000000 1.600000
v 0.300000 0.000000 1.300000
v 0.300000 0.000000 1.100000
v 0.300000 -0.100000 1.500000
v 0.300000 -0.100000 1.300000
v 0.300000 -0.100000 1.200000
v 0.300000 -0.300000 1.200000
v 0.300000 -0.300000 1.100000
v 0.300000 -0.400000 1.600000
v 0.300000 -0.400000 1.500000
v 0.300000 -0.400000 1.300000
v 0.300000 -0.400000 1.200000
v 0.300000 -0.500000 1.600000
v 0.300000 -0.500000 1.500000
v 0.300000 -0.500000 1.200000
v 0.300000 -0.500000 1.100000
v 0.300000 -0.600000 1.500000
v 0.300000 -0.600000 1.200000
v 0.200000 0.500000 1.200000
v 0.200000 0.500000 0.600000
v 0.200000 0.500000 0.300000
v 0.200000 0.500000 0.100000
v 0.200000 0.400000 1.300000
v 0.200000 0.400000 1.200000
v 0.200000 0.400000 1.100000
v 0.200000 0.400000 0.800000
v 0.200000 0.400000 0.700000
v 0.200000 0.400000 0.600000
v 0.200000 0.400000 0.300000
v 0.200000 0.400000 0.200000
v 0.200000 0.400000 0.100000
v 0.200000 0.400000 -0.000000
v 0.200000 0.300000 1.300000
v 0.200000 0.300000 1.100000
v 0.200000 0.300000 0.800000
v 0.200000 0.300000 0.700000
v 0.200000 0.300000 0.200000
v 0.200000 0.300000 0.100000
v 0.200000 0.300000 -0.000000
v 0.200000 0.300000 -0.100000
v 0.200000 0.300000 -1.300000
v 0.200000 0.300000 -1.400000
v 0.200000 0.200000 0.700000
v 0.200000 0.200000 0.600000
v 0.200000 0.200000 0.500000
v 0.200000 0.200000 -0.000000
v 0.200000 0.200000 -0.100000
v 0.200000 0.200000 -1.300000
v 0.200000 0.200000 -1.400000
v 0.200000 0.200000 -1.500000
v 0.200000 0.100000 0.900000
v 0.200000 0.100000 0.700000
v 0.200000 0.100000 0.600000
v 0.200000 0.100000 0.500000
v 0.200000 0.100000 -0.000000
v 0.200000 0.100000 -0.100000
v 0.200000 0.100000 -1.400000
v 0.200000 0.100000 -1.500000
v 0.200000 0.000000 1.300000
v 0.200000 0.000000 1.100000
v 0.200000 0.000000 0.800000
v 0.200000 0.000000 0.500000
v 0.200000 -0.000000 -1.200000
v 0.200000 -0.000000 -1.600000
v 0.200000 -0.000000 -1.700000
v 0.200000 -0.000000 -1.900000
v 0.200000 -0.100000 1.300000
v 0.200000 -0.100000 1.200000
v 0.200000 -0.100000 0.700000
v 0.200000 -0.100000 0.600000
v 0.200000 -0.100000 0.100000
v 0.200000 -0.100000 -0.100000
v 0.200000 -0.200000 1.200000
v 0.200000 -0.200000 0.900000
v 0.200000 -0.200000 0.700000
v 0.200000 -0.200000 0.600000
v 0.200000 -0.200000 0.500000
v 0.200000 -0.300000 1.100000
v 0.200000 -0.300000 0.800000
v 0.200000 -0.300000 0.700000
v 0.200000 -0.400000 0.700000
v 0.200000 -0.400000 -1.200000
v 0.200000 -0.400000 -1.600000
v 0.200000 -0.400000 -1.700000
v 0.200000 -0.400000 -1.900000
v 0.200000 -0.500000 1.200000
v 0.200000 -0.500000 1.100000
v 0.200000 -0.500000 0.700000
v 0.200000 -0.500000 0.600000
v 0.200000 -0.600000 1.200000
v 0.200000 -0.600000 0.600000
v 0.100000 0.100000 0.900000
v 0.100000 0.100000 0.700000
v 0.100000 0.100000 0.600000
v 0.100000 0.100000 0.500000
v 0.100000 0.000000 0.800000
v 0.100000 0.000000 0.500000
v 0.100000 -0.200000 1.200000
v 0.100000 -0.200000 0.900000
v 0.100000 -0.300000 1.200000
v 0.100000 -0.300000 0.800000
v -0.100000 -0.100000 -1.200000
v -0.100000 -0.100000 -1.600000
v -0.100000 -0.100000 -1.700000
v -0.100000 -0.300000 -1.200000
v -0.100000 -0.300000 -1.600000
v -0.100000 -0.300000 -1.700000
v -0.200000 0.100000 -1.300000
v -0.200000 0.100000 -1.500000
v -0.200000 0.100000 -1.600000
v -0.200000 0.100000 -1.700000
v -0.200000 0.100000 -1.900000
v -0.200000 -0.000000 -1.300000
v -0.200000 -0.000000 -1.600000
v -0.200000 -0.000000 -1.700000
v -0.200000 -0.000000 -1.900000
v -0.200000 -0.400000 -1.300000
v -0.200000 -0.400000 -1.600000
v -0.200000 -0.400000 -1.700000
v -0.200000 -0.400000 -1.900000
v -0.200000 -0.500000 -1.300000
v -0.200000 -0.500000 -1.600000
v -0.200000 -0.500000 -1.700000
v -0.200000 -0.500000 -1.900000
v -0.200000 -0.600000 0.100000
v -0.200000 -0.600000 -0.000000
v -0.200000 -0.700000 0.100000
v -0.200000 -0.700000 -0.000000
v -0.200000 -0.700000 -0.100000
v -0.200000 -0.700000 -0.200000
v -0.200000 -0.800000 -0.100000
v -0.200000 -0.800000 -0.200000
v -0.200000 -0.800000 -0.300000
v -0.200000 -0.800000 -0.900000
v -0.200000 -0.800000 -1.100000
v -0.200000 -0.900000 -0.200000
v -0.200000 -0.900000 -0.300000
v -0.200000 -0.900000 -0.900000
v -0.200000 -0.900000 -1.100000
v -0.300000 0.300000 -0.800000
v -0.300000 0.300000 -0.900000
v -0.300000 0.200000 -0.700000
v -0.300000 0.200000 -0.800000
v -0.300000 0.200000 -0.900000
v -0.300000 0.100000 -0.500000
v -0.300000 0.100000 -0.600000
v -0.300000 0.100000 -0.700000
v -0.300000 0.100000 -0.800000
v -0.300000 -0.000000 -0.300000
v -0.300000 -0.000000 -0.400000
v -0.300000 -0.000000 -0.500000
v -0.300000 -0.000000 -0.600000
v -0.300000 -0.000000 -1.300000
v -0.300000 -0.000000 -1.600000
v -0.300000 -0.000000 -1.700000
v -0.300000 -0.000000 -1.900000
v -0.300000 -0.100000 -0.300000
v -0.300000 -0.100000 -0.400000
v -0.300000 -0.400000 -1.300000
v -0.300000 -0.400000 -1.600000
v -0.300000 -0.400000 -1.700000
v -0.300000 -0.400000 -1.900000
v -0.300000 -0.600000 -0.000000
v -0.300000 -0.600000 -0.100000
v -0.300000 -0.700000 -0.000000
v -0.300000 -0.700000 -0.100000
v -0.300000 -0.700000 -0.200000
v -0.300000 -0.700000 -0.300000
v -0.300000 -0.700000 -0.600000
v -0.300000 -0.700000 -0.700000
v -0.300000 -0.700000 -1.300000
v -0.300000 -0.700000 -1.500000
v -0.300000 -0.800000 -0.200000
v -0.300000 -0.800000 -0.300000
v -0.300000 -0.800000 -0.600000
v -0.300000 -0.800000 -0.700000
v -0.300000 -0.800000 -0.900000
v -0.300000 -0.800000 -1.300000
v -0.300000 -0.800000 -1.500000
v -0.300000 -0.900000 -0.300000
v -0.300000 -0.900000 -0.600000
v -0.300000 -0.900000 -0.700000
v -0.300000 -0.900000 -0.900000
v -0.400000 0.300000 -0.900000
v -0.400000 0.300000 -1.400000
v -0.400000 0.200000 -0.800000
v -0.400000 0.200000 -0.900000
v -0.400000 0.200000 -1.300000
v -0.400000 0.200000 -1.400000
v -0.400000 0.200000 -1.500000
v -0.400000 0.100000 -0.600000
v -0.400000 0.100000 -0.800000
v -0.400000 0.100000 -1.300000
v -0.400000 0.100000 -1.500000
v -0.400000 -0.000000 -0.400000
v -0.400000 -0.000000 -0.600000
v -0.400000 -0.000000 -0.700000
v -0.400000 -0.000000 -0.900000
v -0.400000 -0.100000 -0.400000
v -0.400000 -0.100000 -0.700000
v -0.400000 -0.500000 0.500000
v -0.400000 -0.500000 0.400000
v -0.400000 -0.500000 -0.200000
v -0.400000 -0.500000 -0.300000
v -0.400000 -0.600000 0.500000
v -0.400000 -0.600000 0.400000
v -0.400000 -0.600000 -0.100000
v -0.400000 -0.600000 -0.200000
v -0.400000 -0.600000 -0.600000
v -0.400000 -0.600000 -0.700000
v -0.400000 -0.600000 -1.200000
v -0.400000 -0.700000 -0.100000
v -0.400000 -0.700000 -0.300000
v -0.400000 -0.700000 -0.600000
v -0.400000 -0.700000 -0.700000
v -0.400000 -0.700000 -1.200000
v -0.400000 -0.700000 -1.300000
v -0.400000 -0.800000 -0.300000
v -0.400000 -0.800000 -0.600000
v -0.400000 -0.800000 -0.700000
v -0.400000 -0.800000 -1.300000
v -0.500000 0.400000 1.900000
v -0.500000 0.400000 1.800000
v -0.500000 0.300000 1.900000
v -0.500000 0.300000 1.800000
v -0.500000 0.200000 -0.900000
v -0.500000 0.200000 -1.300000
v -0.500000 0.100000 -0.900000
v -0.500000 0.100000 -1.300000
v -0.500000 -0.000000 -0.700000
v -0.500000 -0.000000 -0.900000
v -0.500000 -0.100000 -0.700000
v -0.500000 -0.100000 -0.900000
v -0.500000 -0.400000 1.900000
v -0.500000 -0.400000 1.800000
v -0.500000 -0.500000 1.900000
v -0.500000 -0.500000 1.800000
v -0.500000 -0.500000 0.700000
v -0.500000 -0.500000 0.500000
v -0.500000 -0.500000 -0.100000
v -0.500000 -0.500000 -0.200000
v -0.500000 -0.600000 0.700000
v -0.500000 -0.600000 0.500000
v -0.500000 -0.600000 -0.100000
v -0.500000 -0.600000 -0.200000
v -0.500000 -0.600000 -0.300000
v -0.500000 -0.600000 -0.400000
v -0.500000 -0.700000 -0.300000
v -0.500000 -0.700000 -0.400000
v -0.600000 0.400000 2.000000
v -0.600000 0.400000 1.900000
v -0.600000 0.300000 2.000000
v -0.600000 0.300000 1.900000
v -0.600000 0.300000 -1.300000
v -0.600000 0.300000 -1.500000
v -0.600000 0.100000 -0.900000
v -0.600000 0.100000 -1.300000
v -0.600000 0.100000 -1.500000
v -0.600000 0.100000 -1.600000
v -0.600000 -0.000000 -1.300000
v -0.600000 -0.000000 -1.600000
v -0.600000 -0.100000 -1.300000
v -0.600000 -0.100000 -1.400000
v -0.600000 -0.100000 -1.600000
v -0.600000 -0.200000 -1.400000
v -0.600000 -0.200000 -1.700000
v -0.600000 -0.300000 -1.400000
v -0.600000 -0.300000 -1.500000
v -0.600000 -0.300000 -1.700000
v -0.600000 -0.400000 2.000000
v -0.600000 -0.400000 1.900000
v -0.600000 -0.400000 -1.500000
v -0.600000 -0.400000 -1.800000
v -0.600000 -0.500000 2.000000
v -0.600000 -0.500000 1.900000
v -0.600000 -0.500000 0.800000
v -0.600000 -0.500000 0.700000
v -0.600000 -0.500000 -0.000000
v -0.600000 -0.500000 -0.100000
v -0.600000 -0.500000 -1.500000
v -0.600000 -0.500000 -1.600000
v -0.600000 -0.500000 -1.800000
v -0.600000 -0.600000 0.800000
v -0.600000 -0.600000 0.700000
v -0.600000 -0.600000 -0.000000
v -0.600000 -0.600000 -0.100000
v -0.600000 -0.600000 -0.400000
v -0.600000 -0.600000 -0.900000
v -0.600000 -0.600000 -1.600000
v -0.600000 -0.600000 -1.900000
v -0.600000 -0.700000 -0.400000
v -0.600000 -0.700000 -1.600000
v -0.600000 -0.700000 -1.800000
v -0.600000 -0.800000 -1.600000
v -0.600000 -0.800000 -1.800000
v -0.600000 -0.800000 -1.900000
v -0.600000 -0.900000 -1.800000
v -0.600000 -0.900000 -1.900000
v -0.700000 0.400000 -0.500000
v -0.700000 0.400000 -0.600000
v -0.700000 -0.100000 -0.800000
v -0.700000 -0.100000 -0.900000
v -0.700000 -0.200000 -0.800000
v -0.700000 -0.200000 -0.900000
v -0.700000 -0.400000 -0.500000
v -0.700000 -0.400000 -0.600000
v -0.700000 -0.500000 0.900000
v -0.700000 -0.500000 0.800000
v -0.700000 -0.500000 0.100000
v -0.700000 -0.500000 -0.000000
v -0.700000 -0.500000 -0.700000
v -0.700000 -0.500000 -0.900000
v -0.700000 -0.600000 0.900000
v -0.700000 -0.600000 0.800000
v -0.700000 -0.600000 0.100000
v -0.700000 -0.600000 -0.000000
v -0.700000 -0.600000 -0.700000
v -0.700000 -0.600000 -0.900000
v -0.800000 0.500000 -0.700000
v -0.800000 0.500000 -0.800000
v -0.800000 0.400000 2.100000
v -0.800000 0.400000 2.000000
v -0.800000 0.400000 -0.600000
v -0.800000 0.400000 -0.700000
v -0.800000 0.400000 -0.800000
v -0.800000 0.400000 -0.900000
v -0.800000 0.300000 2.100000
v -0.800000 0.300000 2.000000
v -0.800000 0.200000 -0.900000
v -0.800000 0.200000 -1.000000
v -0.800000 -0.000000 -0.700000
v -0.800000 -0.000000 -1.000000
v -0.800000 -0.100000 -0.700000
v -0.800000 -0.100000 -0.800000
v -0.800000 -0.100000 -1.000000
v -0.800000 -0.200000 -0.800000
v -0.800000 -0.200000 -1.100000
v -0.800000 -0.300000 -0.800000
v -0.800000 -0.300000 -0.900000
v -0.800000 -0.300000 -1.100000
v -0.800000 -0.400000 0.900000
v -0.800000 -0.400000 0.800000
v -0.800000 -0.400000 0.400000
v -0.800000 -0.400000 0.100000
v -0.800000 -0.400000 -0.600000
v -0.800000 -0.400000 -0.700000
v -0.800000 -0.400000 -0.900000
v -0.800000 -0.400000 -1.200000
v -0.800000 -0.500000 2.000000
v -0.800000 -0.500000 0.900000
v -0.800000 -0.500000 0.800000
v -0.800000 -0.500000 0.400000
v -0.800000 -0.500000 0.100000
v -0.800000 -0.500000 -0.000000
v -0.800000 -0.500000 -0.700000
v -0.800000 -0.500000 -1.200000
v -0.800000 -0.600000 2.000000
v -0.800000 -0.600000 0.900000
v -0.800000 -0.600000 0.800000
v -0.800000 -0.600000 0.100000
v -0.800000 -0.600000 -0.000000
v -0.800000 -0.600000 -0.700000
v -0.900000 0.300000 2.100000
v -0.900000 0.300000 2.000000
v -0.900000 0.200000 2.100000
v -0.900000 0.200000 2.000000
v -0.900000 0.100000 2.100000
v -0.900000 0.100000 2.000000
v -0.900000 0.000000 2.100000
v -0.900000 0.000000 2.000000
v -0.900000 -0.100000 2.100000
v -0.900000 -0.100000 2.000000
v -0.900000 -0.200000 2.100000
v -0.900000 -0.200000 2.000000
v -0.900000 -0.400000 0.800000
v -0.900000 -0.400000 0.700000
v -0.900000 -0.400000 0.400000
v -0.900000 -0.500000 0.800000
v -0.900000 -0.500000 0.400000
v -0.900000 -0.500000 -0.700000
v -0.900000 -0.500000 -1.300000
v -0.900000 -0.600000 -0.700000
v -0.900000 -0.600000 -1.300000
v -1.000000 0.800000 0.700000
v -1.000000 0.800000 -0.200000
v -1.000000 0.800000 -0.300000
v -1.000000 0.700000 1.000000
v -1.000000 0.700000 0.700000
v -1.000000 0.700000 -0.000000
v -1.000000 0.700000 -0.200000
v -1.000000 0.700000 -0.300000
v -1.000000 0.600000 1.300000
v -1.000000 0.600000 1.000000
v -1.000000 0.600000 0.300000
v -1.000000 0.600000 -0.000000
v -1.000000 0.500000 1.300000
v -1.000000 0.500000 0.300000
v -1.000000 0.500000 -0.600000
v -1.000000 0.500000 -0.700000
v -1.000000 0.400000 2.200000
v -1.000000 0.400000 2.100000
v -1.000000 0.400000 -0.300000
v -1.000000 0.400000 -0.500000
v -1.000000 0.400000 -0.600000
v -1.000000 0.400000 -0.700000
v -1.000000 0.300000 2.200000
v -1.000000 0.300000 2.100000
v -1.000000 -0.300000 2.200000
v -1.000000 -0.300000 2.100000
v -1.000000 -0.400000 2.200000
v -1.000000 -0.400000 2.100000
v -1.000000 -0.400000 -0.300000
v -1.000000 -0.400000 -0.500000
v -1.000000 -0.400000 -0.600000
v -1.000000 -0.400000 -0.700000
v -1.000000 -0.500000 -0.600000
v -1.000000 -0.500000 -0.700000
v -1.000000 -0.600000 -0.700000
v -1.000000 -0.600000 -1.300000
v -1.000000 -0.700000 -0.700000
v -1.000000 -0.700000 -0.900000
v -1.000000 -0.700000 -1.300000
v -1.100000 0.400000 -0.200000
v -1.100000 0.400000 -0.300000
v -1.100000 0.300000 -0.200000
v -1.100000 0.300000 -0.300000
v -1.100000 0.200000 2.100000
v -1.100000 0.200000 2.000000
v -1.100000 0.200000 -0.200000
v -1.100000 0.200000 -0.300000
v -1.100000 0.100000 2.100000
v -1.100000 0.100000 2.000000
v -1.100000 0.100000 -0.200000
v -1.100000 0.100000 -0.300000
v -1.100000 0.000000 2.100000
v -1.100000 0.000000 2.000000
v -1.100000 -0.000000 -0.200000
v -1.100000 -0.000000 -0.300000
v -1.100000 -0.100000 2.100000
v -1.100000 -0.100000 2.000000
v -1.100000 -0.100000 -0.200000
v -1.100000 -0.100000 -0.300000
v -1.100000 -0.200000 -0.200000
v -1.100000 -0.200000 -0.300000
v -1.100000 -0.300000 -0.200000
v -1.100000 -0.300000 -0.300000
v -1.100000 -0.400000 1.400000
v -1.100000 -0.400000 0.900000
v -1.100000 -0.400000 0.800000
v -1.100000 -0.400000 0.700000
v -1.100000 -0.500000 1.400000
v -1.100000 -0.500000 0.900000
v -1.100000 -0.500000 0.800000
v -1.100000 -0.500000 0.700000
v -1.100000 -0.700000 -0.900000
v -1.100000 -0.700000 -1.400000
v -1.100000 -0.800000 -0.900000
v -1.100000 -0.800000 -1.100000
v -1.100000 -0.800000 -1.400000
v -1.200000 0.500000 1.500000
v -1.200000 0.500000 0.900000
v -1.200000 0.500000 -0.500000
v -1.200000 0.500000 -0.600000
v -1.200000 0.400000 1.500000
v -1.200000 0.400000 0.900000
v -1.200000 0.400000 -0.500000
v -1.200000 0.400000 -0.600000
v -1.200000 -0.400000 -0.500000
v -1.200000 -0.400000 -0.600000
v -1.200000 -0.500000 1.700000
v -1.200000 -0.500000 1.400000
v -1.200000 -0.500000 -0.500000
v -1.200000 -0.500000 -0.600000
v -1.200000 -0.600000 1.700000
v -1.200000 -0.600000 1.400000
v -1.200000 -0.800000 -1.100000
v -1.200000 -0.800000 -1.400000
v -1.200000 -0.800000 -1.500000
v -1.200000 -0.900000 -1.100000
v -1.200000 -0.900000 -1.400000
v -1.200000 -0.900000 -1.500000
v -1.300000 0.500000 1.600000
v -1.300000 0.500000 1.500000
v -1.300000 0.500000 0.900000
v -1.300000 0.500000 0.700000
v -1.300000 0.400000 1.600000
v -1.300000 0.400000 1.500000
v -1.300000 0.400000 0.900000
v -1.300000 0.400000 0.700000
v -1.300000 0.300000 -0.300000
v -1.300000 0.300000 -0.400000
v -1.300000 0.200000 -0.300000
v -1.300000 0.200000 -0.400000
v -1.300000 0.100000 -0.300000
v -1.300000 0.100000 -0.400000
v -1.300000 -0.000000 -0.300000
v -1.300000 -0.000000 -0.400000
v -1.300000 -0.100000 -0.300000
v -1.300000 -0.100000 -0.500000
v -1.300000 -0.200000 -0.300000
v -1.300000 -0.200000 -0.500000
v -1.300000 -0.300000 -0.300000
v -1.300000 -0.300000 -0.600000
v -1.300000 -0.400000 -0.300000
v -1.300000 -0.400000 -0.500000
v -1.300000 -0.400000 -0.600000
v -1.400000 0.500000 2.200000
v -1.400000 0.500000 2.100000
v -1.400000 0.500000 -0.100000
v -1.400000 0.500000 -0.400000
v -1.400000 0.500000 -0.500000
v -1.400000 0.400000 2.300000
v -1.400000 0.400000 2.200000
v -1.400000 0.400000 2.100000
v -1.400000 0.400000 -0.100000
v -1.400000 0.400000 -0.300000
v -1.400000 0.400000 -0.500000
v -1.400000 0.300000 2.300000
v -1.400000 0.300000 2.200000
v -1.400000 -0.300000 2.300000
v -1.400000 -0.300000 2.200000
v -1.400000 -0.300000 1.100000
v -1.400000 -0.300000 1.000000
v -1.400000 -0.300000 -0.100000
v -1.400000 -0.300000 -0.300000
v -1.400000 -0.400000 2.300000
v -1.400000 -0.400000 2.200000
v -1.400000 -0.400000 1.100000
v -1.400000 -0.400000 1.000000
v -1.400000 -0.400000 0.900000
v -1.400000 -0.400000 -0.400000
v -1.400000 -0.400000 -0.500000
v -1.400000 -0.500000 2.200000
v -1.400000 -0.500000 1.000000
v -1.400000 -0.500000 0.900000
v -1.400000 -0.500000 -0.500000
v -1.500000 0.500000 -0.000000
v -1.500000 0.500000 -0.100000
v -1.500000 0.400000 -0.000000
v -1.500000 0.400000 -0.100000
v -1.500000 0.300000 -0.000000
v -1.500000 0.300000 -0.100000
v -1.500000 0.200000 -0.000000
v -1.500000 0.200000 -0.100000
v -1.500000 0.100000 -0.000000
v -1.500000 0.100000 -0.100000
v -1.500000 -0.000000 -0.000000
v -1.500000 -0.000000 -0.100000
v -1.500000 -0.100000 -0.000000
v -1.500000 -0.100000 -0.100000
v -1.500000 -0.200000 -0.000000
v -1.500000 -0.200000 -0.100000
v -1.600000 0.600000 -0.300000
v -1.600000 0.600000 -0.400000
v -1.600000 0.500000 2.300000
v -1.600000 0.500000 2.200000
v -1.600000 0.500000 -0.300000
v -1.600000 0.500000 -0.400000
v -1.600000 0.400000 2.300000
v -1.600000 0.400000 2.200000
v -1.600000 -0.200000 2.300000
v -1.600000 -0.200000 2.200000
v -1.600000 -0.300000 2.300000
v -1.600000 -0.300000 2.200000
v -1.600000 -0.300000 -0.300000
v -1.600000 -0.300000 -0.400000
v -1.600000 -0.400000 -0.300000
v -1.600000 -0.400000 -0.400000
v -1.700000 0.400000 2.300000
v -1.700000 0.400000 2.200000
v -1.700000 0.400000 -0.100000
v -1.700000 0.400000 -0.200000
v -1.700000 0.300000 2.300000
v -1.700000 0.300000 2.200000
v -1.700000 0.300000 -0.100000
v -1.700000 0.300000 -0.200000
v -1.700000 0.200000 2.300000
v -1.700000 0.200000 2.200000
v -1.700000 0.200000 -0.100000
v -1.700000 0.200000 -0.200000
v -1.700000 0.100000 2.300000
v -1.700000 0.100000 2.200000
v -1.700000 0.100000 -0.100000
v -1.700000 0.100000 -0.200000
v -1.700000 0.000000 2.300000
v -1.700000 0.000000 2.200000
v -1.700000 -0.000000 -0.100000
v -1.700000 -0.000000 -0.300000
v -1.700000 -0.100000 2.300000
v -1.700000 -0.100000 2.200000
v -1.700000 -0.100000 -0.100000
v -1.700000 -0.100000 -0.300000
v -1.700000 -0.200000 -0.100000
v -1.700000 -0.200000 -0.400000
v -1.700000 -0.300000 1.600000
v -1.700000 -0.300000 1.100000
v -1.700000 -0.300000 1.000000
v -1.700000 -0.300000 0.900000
v -1.700000 -0.300000 -0.100000
v -1.700000 -0.300000 -0.300000
v -1.700000 -0.300000 -0.400000
v -1.700000 -0.400000 1.600000
v -1.700000 -0.400000 1.100000
v -1.700000 -0.400000 1.000000
v -1.700000 -0.400000 0.900000
v -1.800000 0.600000 0.100000
v -1.800000 0.600000 -0.100000
v -1.800000 0.600000 -0.300000
v -1.800000 0.500000 2.400000
v -1.800000 0.500000 2.300000
v -1.800000 0.500000 0.100000
v -1.800000 0.500000 -0.100000
v -1.800000 0.500000 -0.300000
v -1.800000 0.400000 2.400000
v -1.800000 0.400000 2.300000
v -1.800000 -0.200000 2.400000
v -1.800000 -0.200000 2.300000
v -1.800000 -0.300000 2.400000
v -1.800000 -0.300000 2.300000
v -1.800000 -0.300000 0.100000
v -1.800000 -0.300000 -0.100000
v -1.800000 -0.300000 -0.200000
v -1.800000 -0.300000 -0.300000
v -1.800000 -0.400000 1.900000
v -1.800000 -0.400000 1.600000
v -1.800000 -0.400000 -0.200000
v -1.800000 -0.400000 -0.300000
v -1.800000 -0.500000 1.900000
v -1.800000 -0.500000 1.600000
v -1.900000 0.700000 1.500000
v -1.900000 0.700000 0.900000
v -1.900000 0.600000 1.500000
v -1.900000 0.600000 0.900000
v -1.900000 0.300000 2.300000
v -1.900000 0.300000 2.200000
v -1.900000 0.200000 2.300000
v -1.900000 0.200000 2.200000
v -1.900000 0.100000 2.300000
v -1.900000 0.100000 2.200000
v -1.900000 0.000000 2.300000
v -1.900000 0.000000 2.200000
v -2.000000 0.700000 -0.000000
v -2.000000 0.700000 -0.100000
v -2.000000 0.600000 0.300000
v -2.000000 0.600000 0.100000
v -2.000000 0.600000 -0.000000
v -2.000000 0.600000 -0.100000
v -2.000000 -0.200000 2.500000
v -2.000000 -0.200000 2.400000
v -2.000000 -0.200000 1.100000
v -2.000000 -0.200000 1.000000
v -2.000000 -0.200000 0.300000
v -2.000000 -0.200000 0.100000
v -2.000000 -0.300000 2.500000
v -2.000000 -0.300000 2.400000
v -2.000000 -0.300000 1.200000
v -2.000000 -0.300000 1.100000
v -2.000000 -0.300000 1.000000
v -2.000000 -0.300000 -0.000000
v -2.000000 -0.300000 -0.200000
v -2.000000 -0.400000 2.400000
v -2.000000 -0.400000 1.200000
v -2.000000 -0.400000 1.100000
v -2.000000 -0.400000 -0.200000
v -2.100000 0.600000 0.400000
v -2.100000 0.600000 0.300000
v -2.100000 0.500000 0.400000
v -2.100000 0.500000 0.300000
v -2.100000 0.400000 0.400000
v -2.100000 0.400000 0.300000
v -2.100000 0.300000 0.400000
v -2.100000 0.300000 0.300000
v -2.100000 0.200000 0.400000
v -2.100000 0.200000 0.300000
v -2.100000 0.100000 0.400000
v -2.100000 0.100000 0.300000
v -2.100000 0.000000 0.400000
v -2.100000 0.000000 0.300000
v -2.100000 -0.100000 0.400000
v -2.100000 -0.100000 0.300000
v -2.200000 0.700000 0.100000
v -2.200000 0.700000 -0.000000
v -2.200000 0.600000 0.100000
v -2.200000 0.600000 -0.000000
v -2.200000 -0.200000 1.500000
v -2.200000 -0.200000 1.100000
v -2.200000 -0.200000 1.000000
v -2.200000 -0.200000 0.800000
v -2.200000 -0.200000 0.100000
v -2.200000 -0.200000 -0.000000
v -2.200000 -0.300000 1.500000
v -2.200000 -0.300000 1.100000
v -2.200000 -0.300000 1.000000
v -2.200000 -0.300000 0.800000
v -2.200000 -0.300000 0.100000
v -2.200000 -0.300000 -0.000000
v -2.300000 1.000000 1.100000
v -2.300000 1.000000 0.300000
v -2.300000 1.000000 0.200000
v -2.300000 0.900000 1.400000
v -2.300000 0.900000 1.100000
v -2.300000 0.900000 0.500000
v -2.300000 0.900000 0.300000
v -2.300000 0.900000 0.200000
v -2.300000 0.800000 1.700000
v -2.300000 0.800000 1.400000
v -2.300000 0.800000 0.800000
v -2.300000 0.800000 0.500000
v -2.300000 0.700000 1.700000
v -2.300000 0.700000 0.800000
v -2.300000 0.500000 0.300000
v -2.300000 0.500000 0.200000
v -2.300000 0.400000 0.300000
v -2.300000 0.400000 0.200000
v -2.300000 0.300000 0.300000
v -2.300000 0.300000 0.200000
v -2.300000 0.200000 0.300000
v -2.300000 0.200000 0.200000
v -2.300000 0.100000 0.300000
v -2.300000 0.100000 0.100000
v -2.300000 0.000000 0.300000
v -2.300000 0.000000 0.100000
v -2.300000 -0.100000 0.300000
v -2.300000 -0.100000 -0.000000
v -2.300000 -0.200000 0.300000
v -2.300000 -0.200000 0.100000
v -2.300000 -0.200000 -0.000000
v -2.300000 -0.300000 1.800000
v -2.300000 -0.300000 1.500000
v -2.300000 -0.400000 1.800000
v -2.300000 -0.400000 1.500000
v -2.400000 0.700000 2.400000
v -2.400000 0.700000 2.200000
v -2.400000 0.700000 0.200000
v -2.400000 0.700000 0.100000
v -2.400000 0.600000 2.500000
v -2.400000 0.600000 2.400000
v -2.400000 0.600000 2.300000
v -2.400000 0.600000 2.200000
v -2.400000 0.600000 0.500000
v -2.400000 0.600000 0.300000
v -2.400000 0.600000 0.200000
v -2.400000 0.600000 0.100000
v -2.400000 0.500000 2.500000
v -2.400000 0.500000 2.400000
v -2.400000 0.500000 2.300000
v -2.400000 0.500000 2.200000
v -2.400000 0.400000 2.200000
v -2.400000 0.400000 2.100000
v -2.400000 0.300000 2.200000
v -2.400000 0.300000 2.100000
v -2.400000 0.200000 2.200000
v -2.400000 0.200000 2.100000
v -2.400000 0.100000 2.200000
v -2.400000 0.100000 2.100000
v -2.400000 0.000000 2.200000
v -2.400000 0.000000 2.100000
v -2.400000 -0.100000 2.500000
v -2.400000 -0.100000 2.400000
v -2.400000 -0.100000 2.300000
v -2.400000 -0.100000 2.100000
v -2.400000 -0.100000 1.900000
v -2.400000 -0.100000 0.500000
v -2.400000 -0.100000 0.300000
v -2.400000 -0.200000 2.500000
v -2.400000 -0.200000 2.400000
v -2.400000 -0.200000 2.300000
v -2.400000 -0.200000 2.200000
v -2.400000 -0.200000 2.100000
v -2.400000 -0.200000 1.900000
v -2.400000 -0.200000 0.200000
v -2.400000 -0.200000 0.100000
v -2.400000 -0.300000 2.400000
v -2.400000 -0.300000 2.200000
v -2.400000 -0.300000 0.200000
v -2.400000 -0.300000 0.100000
v -2.500000 0.700000 2.200000
v -2.500000 0.700000 2.000000
v -2.500000 0.600000 2.300000
v -2.500000 0.600000 2.200000
v -2.500000 0.600000 2.100000
v -2.500000 0.600000 2.000000
v -2.500000 0.500000 2.300000
v -2.500000 0.500000 2.200000
v -2.500000 0.500000 2.100000
v -2.500000 0.500000 1.900000
v -2.500000 0.500000 0.600000
v -2.500000 0.500000 0.500000
v -2.500000 0.400000 2.200000
v -2.500000 0.400000 2.100000
v -2.500000 0.400000 0.600000
v -2.500000 0.400000 0.500000
v -2.500000 0.300000 2.200000
v -2.500000 0.300000 2.100000
v -2.500000 0.300000 0.600000
v -2.500000 0.300000 0.500000
v -2.500000 0.200000 2.200000
v -2.500000 0.200000 2.100000
v -2.500000 0.200000 0.600000
v -2.500000 0.200000 0.500000
v -2.500000 0.100000 2.200000
v -2.500000 0.100000 2.100000
v -2.500000 0.100000 0.600000
v -2.500000 0.100000 0.500000
v -2.500000 0.000000 2.200000
v -2.500000 0.000000 2.100000
v -2.500000 0.000000 0.600000
v -2.500000 0.000000 0.500000
v -2.500000 -0.100000 2.300000
v -2.500000 -0.100000 2.100000
v -2.500000 -0.100000 1.900000
v -2.500000 -0.200000 2.300000
v -2.500000 -0.200000 2.200000
v -2.500000 -0.200000 2.100000
v -2.500000 -0.200000 2.000000
v -2.500000 -0.300000 2.200000
v -2.500000 -0.300000 2.000000
v -2.600000 0.700000 2.000000
v -2.600000 0.700000 1.600000
v -2.600000 0.700000 0.300000
v -2.600000 0.700000 0.200000
v -2.600000 0.600000 2.100000
v -2.600000 0.600000 2.000000
v -2.600000 0.600000 1.700000
v -2.600000 0.600000 1.600000
v -2.600000 0.600000 1.500000
v -2.600000 0.600000 1.300000
v -2.600000 0.600000 0.300000
v -2.600000 0.600000 0.200000
v -2.600000 0.500000 2.100000
v -2.600000 0.500000 1.900000
v -2.600000 0.500000 1.700000
v -2.600000 0.500000 1.600000
v -2.600000 0.500000 1.500000
v -2.600000 0.300000 1.600000
v -2.600000 0.300000 1.500000
v -2.600000 0.200000 1.600000
v -2.600000 0.200000 1.500000
v -2.600000 0.200000 1.300000
v -2.600000 0.100000 1.700000
v -2.600000 0.100000 1.300000
v -2.600000 -0.100000 2.100000
v -2.600000 -0.100000 1.900000
v -2.600000 -0.100000 1.700000
v -2.600000 -0.100000 1.300000
v -2.600000 -0.200000 2.100000
v -2.600000 -0.200000 2.000000
v -2.600000 -0.200000 1.700000
v -2.600000 -0.200000 1.600000
v -2.600000 -0.300000 2.000000
v -2.600000 -0.300000 1.600000
v -2.700000 0.700000 1.600000
v -2.700000 0.700000 1.400000
v -2.700000 0.600000 1.700000
v -2.700000 0.600000 1.600000
v -2.700000 0.600000 1.500000
v -2.700000 0.600000 1.400000
v -2.700000 0.600000 0.500000
v -2.700000 0.600000 0.400000
v -2.700000 0.500000 1.700000
v -2.700000 0.500000 1.600000
v -2.700000 0.500000 1.500000
v -2.700000 0.500000 0.500000
v -2.700000 0.500000 0.400000
v -2.700000 0.400000 0.500000
v -2.700000 0.400000 0.400000
v -2.700000 0.300000 0.500000
v -2.700000 0.300000 0.400000
v -2.700000 0.200000 1.600000
v -2.700000 0.200000 1.300000
v -2.700000 0.200000 0.500000
v -2.700000 0.200000 0.300000
v -2.700000 0.100000 1.700000
v -2.700000 0.100000 1.300000
v -2.700000 0.100000 0.500000
v -2.700000 0.100000 0.300000
v -2.700000 0.000000 0.500000
v -2.700000 0.000000 0.200000
v -2.700000 -0.100000 1.700000
v -2.700000 -0.100000 1.500000
v -2.700000 -0.100000 1.400000
v -2.700000 -0.100000 0.900000
v -2.700000 -0.100000 0.800000
v -2.700000 -0.100000 0.500000
v -2.700000 -0.100000 0.300000
v -2.700000 -0.100000 0.200000
v -2.700000 -0.200000 1.700000
v -2.700000 -0.200000 1.600000
v -2.700000 -0.200000 1.400000
v -2.700000 -0.200000 1.000000
v -2.700000 -0.200000 0.900000
v -2.700000 -0.200000 0.800000
v -2.700000 -0.200000 0.300000
v -2.700000 -0.200000 0.200000
v -2.700000 -0.300000 1.600000
v -2.700000 -0.300000 1.000000
v -2.700000 -0.300000 0.900000
v -2.700000 -0.300000 0.200000
v -2.800000 0.700000 1.400000
v -2.800000 0.700000 1.100000
v -2.800000 0.700000 0.500000
v -2.800000 0.700000 0.300000
v -2.800000 0.600000 1.500000
v -2.800000 0.600000 1.400000
v -2.800000 0.600000 1.100000
v -2.800000 0.600000 0.900000
v -2.800000 0.600000 0.700000
v -2.800000 0.600000 0.500000
v -2.800000 0.600000 0.300000
v -2.800000 0.500000 1.500000
v -2.800000 0.500000 1.300000
v -2.800000 0.500000 0.900000
v -2.800000 0.400000 1.100000
v -2.800000 0.400000 0.900000
v -2.800000 0.300000 1.000000
v -2.800000 0.300000 0.900000
v -2.800000 0.200000 1.000000
v -2.800000 0.200000 0.900000
v -2.800000 0.100000 1.100000
v -2.800000 0.100000 1.000000
v -2.800000 0.100000 0.900000
v -2.800000 0.100000 0.700000
v -2.800000 0.100000 0.500000
v -2.800000 0.000000 1.500000
v -2.800000 0.000000 1.300000
v -2.800000 0.000000 1.100000
v -2.800000 0.000000 1.000000
v -2.800000 0.000000 0.600000
v -2.800000 0.000000 0.500000
v -2.800000 -0.100000 1.500000
v -2.800000 -0.100000 1.400000
v -2.800000 -0.100000 0.600000
v -2.800000 -0.100000 0.500000
v -2.800000 -0.100000 0.300000
v -2.800000 -0.200000 1.400000
v -2.800000 -0.200000 1.000000
v -2.800000 -0.200000 0.600000
v -2.800000 -0.200000 0.300000
v -2.900000 0.700000 1.100000
v -2.900000 0.700000 1.000000
v -2.900000 0.700000 0.600000
v -2.900000 0.700000 0.500000
v -2.900000 0.600000 1.100000
v -2.900000 0.600000 0.900000
v -2.900000 0.600000 0.700000
v -2.900000 0.600000 0.500000
v -2.900000 0.400000 1.100000
v -2.900000 0.400000 0.900000
v -2.900000 0.300000 1.000000
v -2.900000 0.300000 0.900000
v -2.900000 0.100000 1.100000
v -2.900000 0.100000 1.000000
v -2.900000 0.100000 0.900000
v -2.900000 0.100000 0.700000
v -2.900000 0.100000 0.500000
v -2.900000 0.000000 1.100000
v -2.900000 0.000000 1.000000
v -2.900000 0.000000 0.900000
v -2.900000 0.000000 0.800000
v -2.900000 0.000000 0.700000
v -2.900000 0.000000 0.600000
v -2.900000 0.000000 0.500000
v -2.900000 -0.100000 1.000000
v -2.900000 -0.100000 0.900000
v -2.900000 -0.100000 0.800000
v -2.900000 -0.100000 0.600000
v -2.900000 -0.200000 1.000000
v -2.900000 -0.200000 0.900000
v -2.900000 -0.200000 0.800000
v -2.900000 -0.200000 0.600000
v -3.000000 0.800000 1.000000
v -3.000000 0.800000 0.600000
v -3.000000 0.700000 1.000000
v -3.000000 0.700000 0.600000
v -3.000000 0.000000 1.000000
v -3.000000 0.000000 0.900000
v -3.000000 0.000000 0.800000
v -3.000000 0.000000 0.600000
v -3.000000 -0.100000 1.000000
v -3.000000 -0.100000 0.900000
v -3.000000 -0.100000 0.800000
v -3.000000 -0.100000 0.600000
v 2.400000 0.600000 2.500000
v 2.400000 0.500000 2.500000
v 2.400000 -0.100000 2.500000
v 2.400000 -0.200000 2.500000
v 2.200000 0.600000 2.500000
v 2.200000 0.500000 2.500000
v 2.200000 -0.100000 2.500000
v 2.200000 -0.200000 2.500000
v 2.100000 0.600000 2.500000
v 2.100000 0.500000 2.500000
v 2.100000 -0.100000 2.500000
v 2.100000 -0.200000 2.500000
v 2.000000 -0.100000 2.500000
v 2.000000 -0.200000 2.500000
v 2.000000 -0.300000 2.500000
v 1.800000 0.600000 2.500000
v 1.800000 0.500000 2.500000
v 1.800000 -0.200000 2.500000
v 1.800000 -0.300000 2.500000
v -1.800000 0.600000 2.500000
v -1.800000 0.500000 2.500000
v -1.800000 -0.200000 2.500000
v -1.800000 -0.300000 2.500000
v -2.000000 -0.100000 2.500000
v -2.000000 -0.200000 2.500000
v -2.000000 -0.300000 2.500000
v -2.100000 0.600000 2.500000
v -2.100000 0.500000 2.500000
v -2.100000 -0.100000 2.500000
v -2.100000 -0.200000 2.500000
v -2.200000 0.600000 2.500000
v -2.200000 0.500000 2.500000
v -2.200000 -0.100000 2.500000
v -2.200000 -0.200000 2.500000
v -2.400000 0.600000 2.500000
v -2.400000 0.500000 2.500000
v -2.400000 -0.100000 2.500000
v -2.400000 -0.200000 2.500000
v 2.400000 0.700000 2.400000
v 2.400000 0.600000 2.400000
v 2.400000 -0.200000 2.400000
v 2.400000 -0.300000 2.400000
v 2.200000 0.600000 2.400000
v 2.200000 -0.200000 2.400000
v 2.100000 0.600000 2.400000
v 2.100000 -0.200000 2.400000
v 2.000000 -0.200000 2.400000
v 2.000000 -0.300000 2.400000
v 2.000000 -0.400000 2.400000
v 1.800000 0.700000 2.400000
v 1.800000 0.600000 2.400000
v 1.800000 0.500000 2.400000
v 1.800000 0.400000 2.400000
v 1.800000 -0.200000 2.400000
v 1.800000 -0.300000 2.400000
v 1.800000 -0.400000 2.400000
v 1.600000 0.500000 2.400000
v 1.600000 0.400000 2.400000
v 1.600000 -0.200000 2.400000
v 1.600000 -0.300000 2.400000
v -1.600000 0.500000 2.400000
v -1.600000 0.400000 2.400000
v -1.600000 -0.200000 2.400000
v -1.600000 -0.300000 2.400000
v -1.800000 0.700000 2.400000
v -1.800000 0.600000 2.400000
v -1.800000 0.500000 2.400000
v -1.800000 0.400000 2.400000
v -1.800000 -0.200000 2.400000
v -1.800000 -0.300000 2.400000
v -1.800000 -0.400000 2.400000
v -2.000000 -0.200000 2.400000
v -2.000000 -0.300000 2.400000
v -2.000000 -0.400000 2.400000
v -2.100000 0.600000 2.400000
v -2.100000 -0.200000 2.400000
v -2.200000 0.600000 2.400000
v -2.200000 -0.200000 2.400000
v -2.400000 0.700000 2.400000
v -2.400000 0.600000 2.400000
v -2.400000 -0.200000 2.400000
v -2.400000 -0.300000 2.400000
v 2.500000 0.600000 2.300000
v 2.500000 0.500000 2.300000
v 2.500000 -0.100000 2.300000
v 2.500000 -0.200000 2.300000
v 2.400000 0.600000 2.300000
v 2.400000 0.500000 2.300000
v 2.400000 -0.100000 2.300000
v 2.400000 -0.200000 2.300000
v 2.300000 0.300000 2.300000
v 2.300000 0.200000 2.300000
v 2.300000 0.100000 2.300000
v 2.300000 0.000000 2.300000
v 2.000000 -0.200000 2.300000
v 2.000000 -0.300000 2.300000
v 1.900000 0.300000 2.300000
v 1.900000 0.200000 2.300000
v 1.900000 0.100000 2.300000
v 1.900000 0.000000 2.300000
v 1.800000 0.600000 2.300000
v 1.800000 0.500000 2.300000
v 1.800000 0.400000 2.300000
v 1.800000 -0.200000 2.300000
v 1.800000 -0.300000 2.300000
v 1.800000 -0.400000 2.300000
v 1.700000 0.400000 2.300000
v 1.700000 0.300000 2.300000
v 1.700000 0.200000 2.300000
v 1.700000 0.100000 2.300000
v 1.700000 0.000000 2.300000
v 1.700000 -0.100000 2.300000
v 1.600000 0.600000 2.300000
v 1.600000 0.500000 2.300000
v 1.600000 0.400000 2.300000
v 1.600000 0.300000 2.300000
v 1.600000 0.200000 2.300000
v 1.600000 0.100000 2.300000
v 1.600000 0.000000 2.300000
v 1.600000 -0.100000 2.300000
v 1.600000 -0.200000 2.300000
v 1.600000 -0.300000 2.300000
v 1.600000 -0.400000 2.300000
v 1.400000 0.500000 2.300000
v 1.400000 0.400000 2.300000
v 1.400000 0.300000 2.300000
v 1.400000 -0.200000 2.300000
v 1.400000 -0.300000 2.300000
v 1.400000 -0.400000 2.300000
v 1.300000 0.400000 2.300000
v 1.300000 0.300000 2.300000
v 1.300000 -0.300000 2.300000
v 1.300000 -0.400000 2.300000
v 1.200000 0.400000 2.300000
v 1.200000 0.300000 2.300000
v 1.200000 -0.300000 2.300000
v 1.200000 -0.400000 2.300000
v 1.000000 0.400000 2.300000
v 1.000000 0.300000 2.300000
v 1.000000 -0.300000 2.300000
v 1.000000 -0.400000 2.300000
v -1.000000 0.400000 2.300000
v -1.000000 0.300000 2.300000
v -1.000000 -0.300000 2.300000
v -1.000000 -0.400000 2.300000
v -1.200000 0.400000 2.300000
v -1.200000 0.300000 2.300000
v -1.200000 -0.300000 2.300000
v -1.200000 -0.400000 2.300000
v -1.300000 0.400000 2.300000
v -1.300000 0.300000 2.300000
v -1.300000 -0.300000 2.300000
v -1.300000 -0.400000 2.300000
v -1.400000 0.500000 2.300000
v -1.400000 0.400000 2.300000
v -1.400000 0.300000 2.300000
v -1.400000 -0.200000 2.300000
v -1.400000 -0.300000 2.300000
v -1.400000 -0.400000 2.300000
v -1.600000 0.600000 2.300000
v -1.600000 0.500000 2.300000
v -1.600000 0.400000 2.300000
v -1.600000 0.300000 2.300000
v -1.600000 0.200000 2.300000
v -1.600000 0.100000 2.300000
v -1.600000 0.000000 2.300000
v -1.600000 -0.100000 2.300000
v -1.600000 -0.200000 2.300000
v -1.600000 -0.300000 2.300000
v -1.600000 -0.400000 2.300000
v -1.700000 0.400000 2.300000
v -1.700000 0.300000 2.300000
v -1.700000 0.200000 2.300000
v -1.700000 0.100000 2.300000
v -1.700000 0.000000 2.300000
v -1.700000 -0.100000 2.300000
v -1.800000 0.600000 2.300000
v -1.800000 0.500000 2.300000
v -1.800000 0.400000 2.300000
v -1.800000 -0.200000 2.300000
v -1.800000 -0.300000 2.300000
v -1.800000 -0.400000 2.300000
v -1.900000 0.300000 2.300000
v -1.900000 0.200000 2.300000
v -1.900000 0.100000 2.300000
v -1.900000 0.000000 2.300000
v -2.000000 -0.200000 2.300000
v -2.000000 -0.300000 2.300000
v -2.300000 0.300000 2.300000
v -2.300000 0.200000 2.300000
v -2.300000 0.100000 2.300000
v -2.300000 0.000000 2.300000
v -2.400000 0.600000 2.300000
v -2.400000 0.500000 2.300000
v -2.400000 -0.100000 2.300000
v -2.400000 -0.200000 2.300000
v -2.500000 0.600000 2.300000
v -2.500000 0.500000 2.300000
v -2.500000 -0.100000 2.300000
v -2.500000 -0.200000 2.300000
v 2.500000 0.700000 2.200000
v 2.500000 0.600000 2.200000
v 2.500000 0.500000 2.200000
v 2.500000 0.400000 2.200000
v 2.500000 0.300000 2.200000
v 2.500000 0.200000 2.200000
v 2.500000 0.100000 2.200000
v 2.500000 0.000000 2.200000
v 2.500000 -0.200000 2.200000
v 2.500000 -0.300000 2.200000
v 2.400000 0.700000 2.200000
v 2.400000 0.600000 2.200000
v 2.400000 0.500000 2.200000
v 2.400000 0.400000 2.200000
v 2.400000 0.300000 2.200000
v 2.400000 0.200000 2.200000
v 2.400000 0.100000 2.200000
v 2.400000 0.000000 2.200000
v 2.400000 -0.200000 2.200000
v 2.400000 -0.300000 2.200000
v 2.300000 0.300000 2.200000
v 2.300000 0.200000 2.200000
v 2.300000 0.100000 2.200000
v 2.300000 0.000000 2.200000
v 1.900000 0.300000 2.200000
v 1.900000 0.200000 2.200000
v 1.900000 0.100000 2.200000
v 1.900000 0.000000 2.200000
v 1.800000 0.500000 2.200000
v 1.800000 -0.300000 2.200000
v 1.700000 0.400000 2.200000
v 1.700000 0.300000 2.200000
v 1.700000 0.200000 2.200000
v 1.700000 0.100000 2.200000
v 1.700000 0.000000 2.200000
v 1.700000 -0.100000 2.200000
v 1.600000 0.600000 2.200000
v 1.600000 0.500000 2.200000
v 1.600000 0.400000 2.200000
v 1.600000 0.300000 2.200000
v 1.600000 0.200000 2.200000
v 1.600000 0.100000 2.200000
v 1.600000 0.000000 2.200000
v 1.600000 -0.100000 2.200000
v 1.600000 -0.200000 2.200000
v 1.600000 -0.300000 2.200000
v 1.600000 -0.400000 2.200000
v 1.400000 0.600000 2.200000
v 1.400000 0.500000 2.200000
v 1.400000 0.400000 2.200000
v 1.400000 -0.300000 2.200000
v 1.400000 -0.400000 2.200000
v 1.400000 -0.500000 2.200000
v 1.300000 0.400000 2.200000
v 1.300000 -0.400000 2.200000
v 1.200000 0.400000 2.200000
v 1.200000 -0.400000 2.200000
v 1.000000 0.500000 2.200000
v 1.000000 0.400000 2.200000
v 1.000000 0.300000 2.200000
v 1.000000 -0.300000 2.200000
v 1.000000 -0.400000 2.200000
v 1.000000 -0.500000 2.200000
v 0.800000 0.400000 2.200000
v 0.800000 0.300000 2.200000
v 0.800000 -0.300000 2.200000
v 0.800000 -0.400000 2.200000
v -0.800000 0.400000 2.200000
v -0.800000 0.300000 2.200000
v -0.800000 -0.300000 2.200000
v -0.800000 -0.400000 2.200000
v -1.000000 0.500000 2.200000
v -1.000000 0.400000 2.200000
v -1.000000 0.300000 2.200000
v -1.000000 -0.300000 2.200000
v -1.000000 -0.400000 2.200000
v -1.000000 -0.500000 2.200000
v -1.200000 0.400000 2.200000
v -1.200000 -0.400000 2.200000
v -1.300000 0.400000 2.200000
v -1.300000 -0.400000 2.200000
v -1.400000 0.600000 2.200000
v -1.400000 0.500000 2.200000
v -1.400000 0.400000 2.200000
v -1.400000 -0.300000 2.200000
v -1.400000 -0.400000 2.200000
v -1.400000 -0.500000 2.200000
v -1.600000 0.600000 2.200000
v -1.600000 0.500000 2.200000
v -1.600000 0.400000 2.200000
v -1.600000 0.300000 2.200000
v -1.600000 0.200000 2.200000
v -1.600000 0.100000 2.200000
v -1.600000 0.000000 2.200000
v -1.600000 -0.100000 2.200000
v -1.600000 -0.200000 2.200000
v -1.600000 -0.300000 2.200000
v -1.600000 -0.400000 2.200000
v -1.700000 0.400000 2.200000
v -1.700000 0.300000 2.200000
v -1.700000 0.200000 2.200000
v -1.700000 0.100000 2.200000
v -1.700000 0.000000 2.200000
v -1.700000 -0.100000 2.200000
v -1.800000 0.500000 2.200000
v -1.800000 -0.300000 2.200000
v -1.900000 0.300000 2.200000
v -1.900000 0.200000 2.200000
v -1.900000 0.100000 2.200000
v -1.900000 0.000000 2.200000
v -2.300000 0.300000 2.200000
v -2.300000 0.200000 2.200000
v -2.300000 0.100000 2.200000
v -2.300000 0.000000 2.200000
v -2.400000 0.700000 2.200000
v -2.400000 0.600000 2.200000
v -2.400000 0.500000 2.200000
v -2.400000 0.400000 2.200000
v -2.400000 0.300000 2.200000
v -2.400000 0.200000 2.200000
v -2.400000 0.100000 2.200000
v -2.400000 0.000000 2.200000
v -2.400000 -0.200000 2.200000
v -2.400000 -0.300000 2.200000
v -2.500000 0.700000 2.200000
v -2.500000 0.600000 2.200000
v -2.500000 0.500000 2.200000
v -2.500000 0.400000 2.200000
v -2.500000 0.300000 2.200000
v -2.500000 0.200000 2.200000
v -2.500000 0.100000 2.200000
v -2.500000 0.000000 2.200000
v -2.500000 -0.200000 2.200000
v -2.500000 -0.300000 2.200000
v 2.600000 0.600000 2.100000
v 2.600000 0.500000 2.100000
v 2.600000 -0.100000 2.100000
v 2.600000 -0.200000 2.100000
v 2.500000 0.600000 2.100000
v 2.500000 0.500000 2.100000
v 2.500000 0.400000 2.100000
v 2.500000 0.300000 2.100000
v 2.500000 0.200000 2.100000
v 2.500000 0.100000 2.100000
v 2.500000 0.000000 2.100000
v 2.500000 -0.100000 2.100000
v 2.500000 -0.200000 2.100000
v 2.400000 0.400000 2.100000
v 2.400000 0.300000 2.100000
v 2.400000 0.200000 2.100000
v 2.400000 0.100000 2.100000
v 2.400000 0.000000 2.100000
v 2.400000 -0.100000 2.100000
v 1.600000 0.500000 2.100000
v 1.600000 -0.300000 2.100000
v 1.500000 0.200000 2.100000
v 1.500000 0.100000 2.100000
v 1.500000 0.000000 2.100000
v 1.500000 -0.100000 2.100000
v 1.400000 0.500000 2.100000
v 1.400000 0.400000 2.100000
v 1.400000 -0.300000 2.100000
v 1.400000 -0.400000 2.100000
v 1.100000 0.200000 2.100000
v 1.100000 0.100000 2.100000
v 1.100000 0.000000 2.100000
v 1.100000 -0.100000 2.100000
v 1.000000 0.500000 2.100000
v 1.000000 0.400000 2.100000
v 1.000000 0.300000 2.100000
v 1.000000 -0.300000 2.100000
v 1.000000 -0.400000 2.100000
v 1.000000 -0.500000 2.100000
v 0.900000 0.300000 2.100000
v 0.900000 0.200000 2.100000
v 0.900000 0.100000 2.100000
v 0.900000 0.000000 2.100000
v 0.900000 -0.100000 2.100000
v 0.900000 -0.200000 2.100000
v 0.800000 0.500000 2.100000
v 0.800000 0.400000 2.100000
v 0.800000 0.300000 2.100000
v 0.800000 0.200000 2.100000
v 0.800000 0.100000 2.100000
v 0.800000 0.000000 2.100000
v 0.800000 -0.100000 2.100000
v 0.800000 -0.200000 2.100000
v 0.800000 -0.400000 2.100000
v 0.600000 0.400000 2.100000
v 0.600000 0.300000 2.100000
v 0.600000 -0.400000 2.100000
v 0.600000 -0.500000 2.100000
v -0.600000 0.400000 2.100000
v -0.600000 0.300000 2.100000
v -0.600000 -0.400000 2.100000
v -0.600000 -0.500000 2.100000
v -0.800000 0.500000 2.100000
v -0.800000 0.400000 2.100000
v -0.800000 0.300000 2.100000
v -0.800000 0.200000 2.100000
v -0.800000 0.100000 2.100000
v -0.800000 0.000000 2.100000
v -0.800000 -0.100000 2.100000
v -0.800000 -0.200000 2.100000
v -0.800000 -0.400000 2.100000
v -0.900000 0.300000 2.100000
v -0.900000 0.200000 2.100000
v -0.900000 0.100000 2.100000
v -0.900000 0.000000 2.100000
v -0.900000 -0.100000 2.100000
v -0.900000 -0.200000 2.100000
v -1.000000 0.500000 2.100000
v -1.000000 0.400000 2.100000
v -1.000000 0.300000 2.100000
v -1.000000 -0.300000 2.100000
v -1.000000 -0.400000 2.100000
v -1.000000 -0.500000 2.100000
v -1.100000 0.200000 2.100000
v -1.100000 0.100000 2.100000
v -1.100000 0.000000 2.100000
v -1.100000 -0.100000 2.100000
v -1.400000 0.500000 2.100000
v -1.400000 0.400000 2.100000
v -1.400000 -0.300000 2.100000
v -1.400000 -0.400000 2.100000
v -1.500000 0.200000 2.100000
v -1.500000 0.100000 2.100000
v -1.500000 0.000000 2.100000
v -1.500000 -0.100000 2.100000
v -1.600000 0.500000 2.100000
v -1.600000 -0.300000 2.100000
v -2.400000 0.400000 2.100000
v -2.400000 0.300000 2.100000
v -2.400000 0.200000 2.100000
v -2.400000 0.100000 2.100000
v -2.400000 0.000000 2.100000
v -2.400000 -0.100000 2.100000
v -2.500000 0.600000 2.100000
v -2.500000 0.500000 2.100000
v -2.500000 0.400000 2.100000
v -2.500000 0.300000 2.100000
v -2.500000 0.200000 2.100000
v -2.500000 0.100000 2.100000
v -2.500000 0.000000 2.100000
v -2.500000 -0.100000 2.100000
v -2.500000 -0.200000 2.100000
v -2.600000 0.600000 2.100000
v -2.600000 0.500000 2.100000
v -2.600000 -0.100000 2.100000
v -2.600000 -0.200000 2.100000
v 2.600000 0.700000 2.000000
v 2.600000 0.600000 2.000000
v 2.600000 -0.200000 2.000000
v 2.600000 -0.300000 2.000000
v 2.500000 0.700000 2.000000
v 2.500000 0.600000 2.000000
v 2.500000 -0.200000 2.000000
v 2.500000 -0.300000 2.000000
v 1.500000 0.200000 2.000000
v 1.500000 0.100000 2.000000
v 1.500000 0.000000 2.000000
v 1.500000 -0.100000 2.000000
v 1.100000 0.200000 2.000000
v 1.100000 0.100000 2.000000
v 1.100000 0.000000 2.000000
v 1.100000 -0.100000 2.000000
v 1.000000 0.400000 2.000000
v 1.000000 -0.400000 2.000000
v 0.900000 0.300000 2.000000
v 0.900000 0.200000 2.000000
v 0.900000 0.100000 2.000000
v 0.900000 0.000000 2.000000
v 0.900000 -0.100000 2.000000
v 0.900000 -0.200000 2.000000
v 0.800000 0.500000 2.000000
v 0.800000 0.400000 2.000000
v 0.800000 0.300000 2.000000
v 0.800000 0.200000 2.000000
v 0.800000 0.100000 2.000000
v 0.800000 0.000000 2.000000
v 0.800000 -0.100000 2.000000
v 0.800000 -0.200000 2.000000
v 0.800000 -0.400000 2.000000
v 0.800000 -0.500000 2.000000
v 0.800000 -0.600000 2.000000
v 0.600000 0.500000 2.000000
v 0.600000 0.400000 2.000000
v 0.600000 0.300000 2.000000
v 0.600000 -0.400000 2.000000
v 0.600000 -0.500000 2.000000
v 0.600000 -0.600000 2.000000
v 0.500000 0.400000 2.000000
v 0.500000 0.300000 2.000000
v 0.500000 -0.400000 2.000000
v 0.500000 -0.500000 2.000000
v -0.500000 0.400000 2.000000
v -0.500000 0.300000 2.000000
v -0.500000 -0.400000 2.000000
v -0.500000 -0.500000 2.000000
v -0.600000 0.500000 2.000000
v -0.600000 0.400000 2.000000
v -0.600000 0.300000 2.000000
v -0.600000 -0.400000 2.000000
v -0.600000 -0.500000 2.000000
v -0.600000 -0.600000 2.000000
v -0.800000 0.500000 2.000000
v -0.800000 0.400000 2.000000
v -0.800000 0.300000 2.000000
v -0.800000 0.200000 2.000000
v -0.800000 0.100000 2.000000
v -0.800000 0.000000 2.000000
v -0.800000 -0.100000 2.000000
v -0.800000 -0.200000 2.000000
v -0.800000 -0.400000 2.000000
v -0.800000 -0.500000 2.000000
v -0.800000 -0.600000 2.000000
v -0.900000 0.300000 2.000000
v -0.900000 0.200000 2.000000
v -0.900000 0.100000 2.000000
v -0.900000 0.000000 2.000000
v -0.900000 -0.100000 2.000000
v -0.900000 -0.200000 2.000000
v -1.000000 0.400000 2.000000
v -1.000000 -0.400000 2.000000
v -1.100000 0.200000 2.000000
v -1.100000 0.100000 2.000000
v -1.100000 0.000000 2.000000
v -1.100000 -0.100000 2.000000
v -1.500000 0.200000 2.000000
v -1.500000 0.100000 2.000000
v -1.500000 0.000000 2.000000
v -1.500000 -0.100000 2.000000
v -2.500000 0.700000 2.000000
v -2.500000 0.600000 2.000000
v -2.500000 -0.200000 2.000000
v -2.500000 -0.300000 2.000000
v -2.600000 0.700000 2.000000
v -2.600000 0.600000 2.000000
v -2.600000 -0.200000 2.000000
v -2.600000 -0.300000 2.000000
v 2.600000 0.500000 1.900000
v 2.600000 -0.100000 1.900000
v 2.500000 0.500000 1.900000
v 2.500000 -0.100000 1.900000
v 2.500000 -0.200000 1.900000
v 2.400000 -0.100000 1.900000
v 2.400000 -0.200000 1.900000
v 1.800000 -0.400000 1.900000
v 1.800000 -0.500000 1.900000
v 1.700000 -0.400000 1.900000
v 1.700000 -0.500000 1.900000
v 0.800000 0.400000 1.900000
v 0.800000 -0.100000 1.900000
v 0.800000 -0.200000 1.900000
v 0.800000 -0.400000 1.900000
v 0.800000 -0.500000 1.900000
v 0.700000 -0.100000 1.900000
v 0.700000 -0.200000 1.900000
v 0.600000 0.500000 1.900000
v 0.600000 0.400000 1.900000
v 0.600000 0.300000 1.900000
v 0.600000 -0.400000 1.900000
v 0.600000 -0.500000 1.900000
v 0.600000 -0.600000 1.900000
v 0.500000 0.500000 1.900000
v 0.500000 0.400000 1.900000
v 0.500000 0.300000 1.900000
v 0.500000 -0.400000 1.900000
v 0.500000 -0.500000 1.900000
v 0.500000 -0.600000 1.900000
v 0.400000 0.400000 1.900000
v 0.400000 0.300000 1.900000
v 0.400000 -0.400000 1.900000
v 0.400000 -0.500000 1.900000
v -0.400000 0.400000 1.900000
v -0.400000 0.300000 1.900000
v -0.400000 -0.400000 1.900000
v -0.400000 -0.500000 1.900000
v -0.500000 0.500000 1.900000
v -0.500000 0.400000 1.900000
v -0.500000 0.300000 1.900000
v -0.500000 -0.400000 1.900000
v -0.500000 -0.500000 1.900000
v -0.500000 -0.600000 1.900000
v -0.600000 0.500000 1.900000
v -0.600000 0.400000 1.900000
v -0.600000 0.300000 1.900000
v -0.600000 -0.400000 1.900000
v -0.600000 -0.500000 1.900000
v -0.600000 -0.600000 1.900000
v -0.700000 -0.100000 1.900000
v -0.700000 -0.200000 1.900000
v -0.800000 0.400000 1.900000
v -0.800000 -0.100000 1.900000
v -0.800000 -0.200000 1.900000
v -0.800000 -0.400000 1.900000
v -0.800000 -0.500000 1.900000
v -1.700000 -0.400000 1.900000
v -1.700000 -0.500000 1.900000
v -1.800000 -0.400000 1.900000
v -1.800000 -0.500000 1.900000
v -2.400000 -0.100000 1.900000
v -2.400000 -0.200000 1.900000
v -2.500000 0.500000 1.900000
v -2.500000 -0.100000 1.900000
v -2.500000 -0.200000 1.900000
v -2.600000 0.500000 1.900000
v -2.600000 -0.100000 1.900000
v 2.300000 -0.300000 1.800000
v 2.300000 -0.400000 1.800000
v 2.200000 -0.300000 1.800000
v 2.200000 -0.400000 1.800000
v 0.600000 0.400000 1.800000
v 0.600000 -0.500000 1.800000
v 0.500000 0.500000 1.800000
v 0.500000 0.400000 1.800000
v 0.500000 0.300000 1.800000
v 0.500000 -0.400000 1.800000
v 0.500000 -0.500000 1.800000
v 0.500000 -0.600000 1.800000
v 0.400000 0.500000 1.800000
v 0.400000 0.400000 1.800000
v 0.400000 -0.500000 1.800000
v 0.400000 -0.600000 1.800000
v -0.400000 0.500000 1.800000
v -0.400000 0.400000 1.800000
v -0.400000 -0.500000 1.800000
v -0.400000 -0.600000 1.800000
v -0.500000 0.500000 1.800000
v -0.500000 0.400000 1.800000
v -0.500000 0.300000 1.800000
v -0.500000 -0.400000 1.800000
v -0.500000 -0.500000 1.800000
v -0.500000 -0.600000 1.800000
v -0.600000 0.400000 1.800000
v -0.600000 -0.500000 1.800000
v -2.200000 -0.300000 1.800000
v -2.200000 -0.400000 1.800000
v -2.300000 -0.300000 1.800000
v -2.300000 -0.400000 1.800000
v 2.700000 0.600000 1.700000
v 2.700000 0.500000 1.700000
v 2.700000 0.100000 1.700000
v 2.700000 -0.100000 1.700000
v 2.700000 -0.200000 1.700000
v 2.600000 0.600000 1.700000
v 2.600000 0.500000 1.700000
v 2.600000 0.100000 1.700000
v 2.600000 -0.100000 1.700000
v 2.600000 -0.200000 1.700000
v 2.300000 0.800000 1.700000
v 2.300000 0.700000 1.700000
v 2.200000 0.800000 1.700000
v 2.200000 0.700000 1.700000
v 1.200000 -0.500000 1.700000
v 1.200000 -0.600000 1.700000
v 1.100000 -0.500000 1.700000
v 1.100000 -0.600000 1.700000
v 0.500000 0.300000 1.700000
v 0.500000 -0.400000 1.700000
v 0.400000 0.400000 1.700000
v 0.400000 0.300000 1.700000
v 0.400000 -0.400000 1.700000
v 0.300000 0.400000 1.700000
v 0.300000 0.300000 1.700000
v -0.300000 0.400000 1.700000
v -0.300000 0.300000 1.700000
v -0.400000 0.400000 1.700000
v -0.400000 0.300000 1.700000
v -0.400000 -0.400000 1.700000
v -0.500000 0.300000 1.700000
v -0.500000 -0.400000 1.700000
v -1.100000 -0.500000 1.700000
v -1.100000 -0.600000 1.700000
v -1.200000 -0.500000 1.700000
v -1.200000 -0.600000 1.700000
v -2.200000 0.800000 1.700000
v -2.200000 0.700000 1.700000
v -2.300000 0.800000 1.700000
v -2.300000 0.700000 1.700000
v -2.600000 0.600000 1.700000
v -2.600000 0.500000 1.700000
v -2.600000 0.100000 1.700000
v -2.600000 -0.100000 1.700000
v -2.600000 -0.200000 1.700000
v -2.700000 0.600000 1.700000
v -2.700000 0.500000 1.700000
v -2.700000 0.100000 1.700000
v -2.700000 -0.100000 1.700000
v -2.700000 -0.200000 1.700000
v 2.700000 0.700000 1.600000
v 2.700000 0.600000 1.600000
v 2.700000 -0.200000 1.600000
v 2.700000 -0.300000 1.600000
v 2.600000 0.700000 1.600000
v 2.600000 0.600000 1.600000
v 2.600000 -0.200000 1.600000
v 2.600000 -0.300000 1.600000
v 0.400000 0.500000 1.600000
v 0.400000 0.400000 1.600000
v 0.400000 0.000000 1.600000
v 0.400000 -0.400000 1.600000
v 0.400000 -0.500000 1.600000
v 0.300000 0.500000 1.600000
v 0.300000 0.400000 1.600000
v 0.300000 0.000000 1.600000
v 0.300000 -0.400000 1.600000
v 0.300000 -0.500000 1.600000
v -0.300000 0.500000 1.600000
v -0.300000 0.400000 1.600000
v -0.300000 0.000000 1.600000
v -0.300000 -0.400000 1.600000
v -0.300000 -0.500000 1.600000
v -0.400000 0.500000 1.600000
v -0.400000 0.400000 1.600000
v -0.400000 0.000000 1.600000
v -0.400000 -0.400000 1.600000
v -0.400000 -0.500000 1.600000
v -2.600000 0.700000 1.600000
v -2.600000 0.600000 1.600000
v -2.600000 -0.200000 1.600000
v -2.600000 -0.300000 1.600000
v -2.700000 0.700000 1.600000
v -2.700000 0.600000 1.600000
v -2.700000 -0.200000 1.600000
v -2.700000 -0.300000 1.600000
v 2.800000 0.600000 1.500000
v 2.800000 0.500000 1.500000
v 2.800000 0.000000 1.500000
v 2.800000 -0.100000 1.500000
v 2.700000 0.600000 1.500000
v 2.700000 0.500000 1.500000
v 2.700000 0.000000 1.500000
v 2.700000 -0.100000 1.500000
v 1.900000 0.700000 1.500000
v 1.900000 0.600000 1.500000
v 1.800000 0.700000 1.500000
v 1.800000 0.600000 1.500000
v 1.800000 0.500000 1.500000
v 1.400000 0.600000 1.500000
v 1.400000 0.500000 1.500000
v 1.400000 0.400000 1.500000
v 1.300000 0.500000 1.500000
v 1.300000 0.400000 1.500000
v 0.400000 -0.500000 1.500000
v 0.400000 -0.600000 1.500000
v 0.300000 -0.500000 1.500000
v 0.300000 -0.600000 1.500000
v -0.300000 -0.500000 1.500000
v -0.300000 -0.600000 1.500000
v -0.400000 -0.500000 1.500000
v -0.400000 -0.600000 1.500000
v -1.300000 0.500000 1.500000
v -1.300000 0.400000 1.500000
v -1.400000 0.600000 1.500000
v -1.400000 0.500000 1.500000
v -1.400000 0.400000 1.500000
v -1.800000 0.700000 1.500000
v -1.800000 0.600000 1.500000
v -1.800000 0.500000 1.500000
v -1.900000 0.700000 1.500000
v -1.900000 0.600000 1.500000
v -2.700000 0.600000 1.500000
v -2.700000 0.500000 1.500000
v -2.700000 0.000000 1.500000
v -2.700000 -0.100000 1.500000
v -2.800000 0.600000 1.500000
v -2.800000 0.500000 1.500000
v -2.800000 0.000000 1.500000
v -2.800000 -0.100000 1.500000
v 2.800000 0.700000 1.400000
v 2.800000 0.600000 1.400000
v 2.800000 -0.100000 1.400000
v 2.800000 -0.200000 1.400000
v 2.700000 0.700000 1.400000
v 2.700000 0.600000 1.400000
v 2.700000 -0.100000 1.400000
v 2.700000 -0.200000 1.400000
v 2.300000 0.900000 1.400000
v 2.300000 0.800000 1.400000
v 2.200000 0.900000 1.400000
v 2.200000 0.800000 1.400000
v -2.200000 0.900000 1.400000
v -2.200000 0.800000 1.400000
v -2.300000 0.900000 1.400000
v -2.300000 0.800000 1.400000
v -2.700000 0.700000 1.400000
v -2.700000 0.600000 1.400000
v -2.700000 -0.100000 1.400000
v -2.700000 -0.200000 1.400000
v -2.800000 0.700000 1.400000
v -2.800000 0.600000 1.400000
v -2.800000 -0.100000 1.400000
v -2.800000 -0.200000 1.400000
v 2.800000 0.500000 1.300000
v 2.800000 0.000000 1.300000
v 2.700000 0.600000 1.300000
v 2.700000 0.500000 1.300000
v 2.700000 0.200000 1.300000
v 2.700000 0.100000 1.300000
v 2.700000 0.000000 1.300000
v 2.700000 -0.100000 1.300000
v 2.600000 0.600000 1.300000
v 2.600000 0.200000 1.300000
v 2.600000 0.100000 1.300000
v 2.600000 -0.100000 1.300000
v 1.000000 0.600000 1.300000
v 1.000000 0.500000 1.300000
v 0.900000 0.600000 1.300000
v 0.900000 0.500000 1.300000
v 0.400000 0.400000 1.300000
v 0.400000 0.000000 1.300000
v 0.400000 -0.100000 1.300000
v 0.400000 -0.400000 1.300000
v 0.300000 0.400000 1.300000
v 0.300000 0.300000 1.300000
v 0.300000 0.000000 1.300000
v 0.300000 -0.100000 1.300000
v 0.300000 -0.400000 1.300000
v 0.200000 0.400000 1.300000
v 0.200000 0.300000 1.300000
v 0.200000 0.000000 1.300000
v 0.200000 -0.100000 1.300000
v -0.200000 0.400000 1.300000
v -0.200000 0.300000 1.300000
v -0.200000 0.000000 1.300000
v -0.200000 -0.100000 1.300000
v -0.300000 0.400000 1.300000
v -0.300000 0.300000 1.300000
v -0.300000 0.000000 1.300000
v -0.300000 -0.100000 1.300000
v -0.300000 -0.400000 1.300000
v -0.400000 0.400000 1.300000
v -0.400000 0.000000 1.300000
v -0.400000 -0.100000 1.300000
v -0.400000 -0.400000 1.300000
v -0.900000 0.600000 1.300000
v -0.900000 0.500000 1.300000
v -1.000000 0.600000 1.300000
v -1.000000 0.500000 1.300000
v -2.600000 0.600000 1.300000
v -2.600000 0.200000 1.300000
v -2.600000 0.100000 1.300000
v -2.600000 -0.100000 1.300000
v -2.700000 0.600000 1.300000
v -2.700000 0.500000 1.300000
v -2.700000 0.200000 1.300000
v -2.700000 0.100000 1.300000
v -2.700000 0.000000 1.300000
v -2.700000 -0.100000 1.300000
v -2.800000 0.500000 1.300000
v -2.800000 0.000000 1.300000
v 0.300000 0.500000 1.200000
v 0.300000 0.400000 1.200000
v 0.300000 -0.100000 1.200000
v 0.300000 -0.300000 1.200000
v 0.300000 -0.500000 1.200000
v 0.300000 -0.600000 1.200000
v 0.200000 0.500000 1.200000
v 0.200000 0.400000 1.200000
v 0.200000 -0.100000 1.200000
v 0.200000 -0.200000 1.200000
v 0.200000 -0.500000 1.200000
v 0.200000 -0.600000 1.200000
v 0.100000 -0.200000 1.200000
v 0.100000 -0.300000 1.200000
v -0.100000 -0.200000 1.200000
v -0.100000 -0.300000 1.200000
v -0.200000 0.500000 1.200000
v -0.200000 0.400000 1.200000
v -0.200000 -0.100000 1.200000
v -0.200000 -0.200000 1.200000
v -0.200000 -0.500000 1.200000
v -0.200000 -0.600000 1.200000
v -0.300000 0.500000 1.200000
v -0.300000 0.400000 1.200000
v -0.300000 -0.100000 1.200000
v -0.300000 -0.300000 1.200000
v -0.300000 -0.500000 1.200000
v -0.300000 -0.600000 1.200000
v 2.900000 0.700000 1.100000
v 2.900000 0.600000 1.100000
v 2.900000 0.400000 1.100000
v 2.900000 0.100000 1.100000
v 2.900000 0.000000 1.100000
v 2.800000 0.700000 1.100000
v 2.800000 0.600000 1.100000
v 2.800000 0.400000 1.100000
v 2.800000 0.100000 1.100000
v 2.800000 0.000000 1.100000
v 2.300000 1.000000 1.100000
v 2.300000 0.900000 1.100000
v 2.200000 1.000000 1.100000
v 2.200000 0.900000 1.100000
v 2.000000 -0.300000 1.100000
v 2.000000 -0.400000 1.100000
v 1.800000 -0.300000 1.100000
v 1.800000 -0.400000 1.100000
v 0.300000 0.300000 1.100000
v 0.300000 0.000000 1.100000
v 0.300000 -0.300000 1.100000
v 0.300000 -0.500000 1.100000
v 0.200000 0.300000 1.100000
v 0.200000 0.000000 1.100000
v 0.200000 -0.300000 1.100000
v 0.200000 -0.500000 1.100000
v -0.200000 0.300000 1.100000
v -0.200000 0.000000 1.100000
v -0.200000 -0.300000 1.100000
v -0.200000 -0.500000 1.100000
v -0.300000 0.300000 1.100000
v -0.300000 0.000000 1.100000
v -0.300000 -0.300000 1.100000
v -0.300000 -0.500000 1.100000
v -1.800000 -0.300000 1.100000
v -1.800000 -0.400000 1.100000
v -2.000000 -0.300000 1.100000
v -2.000000 -0.400000 1.100000
v -2.200000 1.000000 1.100000
v -2.200000 0.900000 1.100000
v -2.300000 1.000000 1.100000
v -2.300000 0.900000 1.100000
v -2.800000 0.700000 1.100000
v -2.800000 0.600000 1.100000
v -2.800000 0.400000 1.100000
v -2.800000 0.100000 1.100000
v -2.800000 0.000000 1.100000
v -2.900000 0.700000 1.100000
v -2.900000 0.600000 1.100000
v -2.900000 0.400000 1.100000
v -2.900000 0.100000 1.100000
v -2.900000 0.000000 1.100000
v 3.000000 0.800000 1.000000
v 3.000000 0.700000 1.000000
v 3.000000 0.000000 1.000000
v 3.000000 -0.100000 1.000000
v 2.900000 0.800000 1.000000
v 2.900000 0.700000 1.000000
v 2.900000 0.000000 1.000000
v 2.900000 -0.100000 1.000000
v 2.900000 -0.200000 1.000000
v 2.800000 0.800000 1.000000
v 2.800000 0.700000 1.000000
v 2.800000 0.000000 1.000000
v 2.800000 -0.200000 1.000000
v 2.200000 -0.200000 1.000000
v 2.200000 -0.300000 1.000000
v 2.000000 -0.200000 1.000000
v 2.000000 -0.300000 1.000000
v 1.700000 -0.300000 1.000000
v 1.700000 -0.400000 1.000000
v 1.400000 -0.300000 1.000000
v 1.400000 -0.400000 1.000000
v 1.000000 0.700000 1.000000
v 1.000000 0.600000 1.000000
v 0.900000 0.700000 1.000000
v 0.900000 0.600000 1.000000
v -0.900000 0.700000 1.000000
v -0.900000 0.600000 1.000000
v -1.000000 0.700000 1.000000
v -1.000000 0.600000 1.000000
v -1.400000 -0.300000 1.000000
v -1.400000 -0.400000 1.000000
v -1.700000 -0.300000 1.000000
v -1.700000 -0.400000 1.000000
v -2.000000 -0.200000 1.000000
v -2.000000 -0.300000 1.000000
v -2.200000 -0.200000 1.000000
v -2.200000 -0.300000 1.000000
v -2.800000 0.800000 1.000000
v -2.800000 0.700000 1.000000
v -2.800000 0.000000 1.000000
v -2.800000 -0.200000 1.000000
v -2.900000 0.800000 1.000000
v -2.900000 0.700000 1.000000
v -2.900000 0.000000 1.000000
v -2.900000 -0.100000 1.000000
v -2.900000 -0.200000 1.000000
v -3.000000 0.800000 1.000000
v -3.000000 0.700000 1.000000
v -3.000000 0.000000 1.000000
v -3.000000 -0.100000 1.000000
v 2.900000 0.600000 0.900000
v 2.900000 0.400000 0.900000
v 2.900000 0.300000 0.900000
v 2.900000 0.100000 0.900000
v 2.800000 0.600000 0.900000
v 2.800000 0.500000 0.900000
v 2.800000 0.400000 0.900000
v 2.800000 0.300000 0.900000
v 2.800000 0.200000 0.900000
v 2.800000 0.100000 0.900000
v 2.700000 -0.200000 0.900000
v 2.700000 -0.300000 0.900000
v 2.300000 -0.200000 0.900000
v 2.300000 -0.300000 0.900000
v 2.000000 0.700000 0.900000
v 2.000000 0.600000 0.900000
v 1.900000 0.700000 0.900000
v 1.900000 0.600000 0.900000
v 1.800000 -0.300000 0.900000
v 1.800000 -0.400000 0.900000
v 1.700000 -0.300000 0.900000
v 1.700000 -0.400000 0.900000
v 1.400000 -0.400000 0.900000
v 1.400000 -0.500000 0.900000
v 1.300000 0.500000 0.900000
v 1.300000 0.400000 0.900000
v 1.200000 0.500000 0.900000
v 1.200000 0.400000 0.900000
v 1.200000 -0.400000 0.900000
v 1.200000 -0.500000 0.900000
v 0.200000 0.100000 0.900000
v 0.200000 -0.200000 0.900000
v 0.100000 0.100000 0.900000
v 0.100000 -0.200000 0.900000
v -0.100000 0.100000 0.900000
v -0.100000 -0.200000 0.900000
v -0.200000 0.100000 0.900000
v -0.200000 -0.200000 0.900000
v -1.200000 0.500000 0.900000
v -1.200000 0.400000 0.900000
v -1.200000 -0.400000 0.900000
v -1.200000 -0.500000 0.900000
v -1.300000 0.500000 0.900000
v -1.300000 0.400000 0.900000
v -1.400000 -0.400000 0.900000
v -1.400000 -0.500000 0.900000
v -1.700000 -0.300000 0.900000
v -1.700000 -0.400000 0.900000
v -1.800000 -0.300000 0.900000
v -1.800000 -0.400000 0.900000
v -1.900000 0.700000 0.900000
v -1.900000 0.600000 0.900000
v -2.000000 0.700000 0.900000
v -2.000000 0.600000 0.900000
v -2.300000 -0.200000 0.900000
v -2.300000 -0.300000 0.900000
v -2.700000 -0.200000 0.900000
v -2.700000 -0.300000 0.900000
v -2.800000 0.600000 0.900000
v -2.800000 0.500000 0.900000
v -2.800000 0.400000 0.900000
v -2.800000 0.300000 0.900000
v -2.800000 0.200000 0.900000
v -2.800000 0.100000 0.900000
v -2.900000 0.600000 0.900000
v -2.900000 0.400000 0.900000
v -2.900000 0.300000 0.900000
v -2.900000 0.100000 0.900000
v 3.000000 0.000000 0.800000
v 3.000000 -0.100000 0.800000
v 2.900000 0.000000 0.800000
v 2.900000 -0.100000 0.800000
v 2.900000 -0.200000 0.800000
v 2.700000 -0.100000 0.800000
v 2.700000 -0.200000 0.800000
v 2.300000 -0.200000 0.800000
v 2.300000 -0.300000 0.800000
v 2.200000 -0.200000 0.800000
v 2.200000 -0.300000 0.800000
v 1.100000 -0.400000 0.800000
v 1.100000 -0.500000 0.800000
v 1.000000 -0.400000 0.800000
v 1.000000 -0.500000 0.800000
v 0.900000 -0.400000 0.800000
v 0.900000 -0.500000 0.800000
v 0.800000 -0.400000 0.800000
v 0.800000 -0.500000 0.800000
v 0.800000 -0.600000 0.800000
v 0.700000 -0.500000 0.800000
v 0.700000 -0.600000 0.800000
v -0.700000 -0.500000 0.800000
v -0.700000 -0.600000 0.800000
v -0.800000 -0.400000 0.800000
v -0.800000 -0.500000 0.800000
v -0.800000 -0.600000 0.800000
v -0.900000 -0.400000 0.800000
v -0.900000 -0.500000 0.800000
v -1.000000 -0.400000 0.800000
v -1.000000 -0.500000 0.800000
v -1.100000 -0.400000 0.800000
v -1.100000 -0.500000 0.800000
v -2.200000 -0.200000 0.800000
v -2.200000 -0.300000 0.800000
v -2.300000 -0.200000 0.800000
v -2.300000 -0.300000 0.800000
v -2.700000 -0.100000 0.800000
v -2.700000 -0.200000 0.800000
v -2.900000 0.000000 0.800000
v -2.900000 -0.100000 0.800000
v -2.900000 -0.200000 0.800000
v -3.000000 0.000000 0.800000
v -3.000000 -0.100000 0.800000
v 1.900000 0.700000 0.700000
v 1.900000 0.600000 0.700000
v 1.800000 0.700000 0.700000
v 1.800000 0.600000 0.700000
v 1.400000 0.500000 0.700000
v 1.400000 0.400000 0.700000
v 1.300000 0.500000 0.700000
v 1.300000 0.400000 0.700000
v 1.200000 -0.400000 0.700000
v 1.200000 -0.500000 0.700000
v 1.100000 -0.400000 0.700000
v 1.100000 -0.500000 0.700000
v 1.000000 0.800000 0.700000
v 1.000000 0.700000 0.700000
v 0.900000 0.800000 0.700000
v 0.900000 0.700000 0.700000
v 0.700000 -0.500000 0.700000
v 0.700000 -0.600000 0.700000
v 0.600000 -0.500000 0.700000
v 0.600000 -0.600000 0.700000
v 0.200000 0.400000 0.700000
v 0.200000 0.300000 0.700000
v 0.200000 0.200000 0.700000
v 0.200000 0.100000 0.700000
v 0.200000 -0.100000 0.700000
v 0.200000 -0.200000 0.700000
v 0.200000 -0.300000 0.700000
v 0.200000 -0.400000 0.700000
v 0.200000 -0.500000 0.700000
v 0.100000 0.100000 0.700000
v 0.100000 -0.100000 0.700000
v 0.100000 -0.200000 0.700000
v -0.100000 0.100000 0.700000
v -0.100000 -0.100000 0.700000
v -0.100000 -0.200000 0.700000
v -0.200000 0.400000 0.700000
v -0.200000 0.300000 0.700000
v -0.200000 0.200000 0.700000
v -0.200000 0.100000 0.700000
v -0.200000 -0.100000 0.700000
v -0.200000 -0.200000 0.700000
v -0.200000 -0.300000 0.700000
v -0.200000 -0.400000 0.700000
v -0.200000 -0.500000 0.700000
v -0.600000 -0.500000 0.700000
v -0.600000 -0.600000 0.700000
v -0.700000 -0.500000 0.700000
v -0.700000 -0.600000 0.700000
v -0.900000 0.800000 0.700000
v -0.900000 0.700000 0.700000
v -1.000000 0.800000 0.700000
v -1.000000 0.700000 0.700000
v -1.100000 -0.400000 0.700000
v -1.100000 -0.500000 0.700000
v -1.200000 -0.400000 0.700000
v -1.200000 -0.500000 0.700000
v -1.300000 0.500000 0.700000
v -1.300000 0.400000 0.700000
v -1.400000 0.500000 0.700000
v -1.400000 0.400000 0.700000
v -1.800000 0.700000 0.700000
v -1.800000 0.600000 0.700000
v -1.900000 0.700000 0.700000
v -1.900000 0.600000 0.700000
v 1.800000 0.600000 0.600000
v 1.800000 0.500000 0.600000
v 1.400000 0.600000 0.600000
v 1.400000 0.500000 0.600000
v 0.200000 0.500000 0.600000
v 0.200000 0.400000 0.600000
v 0.200000 -0.500000 0.600000
v 0.200000 -0.600000 0.600000
v -0.200000 0.500000 0.600000
v -0.200000 0.400000 0.600000
v -0.200000 -0.500000 0.600000
v -0.200000 -0.600000 0.600000
v -1.400000 0.600000 0.600000
v -1.400000 0.500000 0.600000
v -1.800000 0.600000 0.600000
v -1.800000 0.500000 0.600000
v 0.600000 -0.500000 0.500000
v 0.600000 -0.600000 0.500000
v 0.500000 -0.500000 0.500000
v 0.500000 -0.600000 0.500000
v 0.200000 0.200000 0.500000
v 0.200000 0.100000 0.500000
v 0.200000 0.000000 0.500000
v 0.200000 -0.200000 0.500000
v 0.100000 0.100000 0.500000
v 0.100000 0.000000 0.500000
v -0.100000 0.100000 0.500000
v -0.100000 0.000000 0.500000
v -0.200000 0.200000 0.500000
v -0.200000 0.100000 0.500000
v -0.200000 0.000000 0.500000
v -0.200000 -0.200000 0.500000
v -0.500000 -0.500000 0.500000
v -0.500000 -0.600000 0.500000
v -0.600000 -0.500000 0.500000
v -0.600000 -0.600000 0.500000
v 1.000000 -0.400000 0.400000
v 1.000000 -0.500000 0.400000
v 0.900000 -0.400000 0.400000
v 0.900000 -0.500000 0.400000
v 0.500000 -0.500000 0.400000
v 0.500000 -0.600000 0.400000
v 0.400000 -0.500000 0.400000
v 0.400000 -0.600000 0.400000
v -0.400000 -0.500000 0.400000
v -0.400000 -0.600000 0.400000
v -0.500000 -0.500000 0.400000
v -0.500000 -0.600000 0.400000
v -0.900000 -0.400000 0.400000
v -0.900000 -0.500000 0.400000
v -1.000000 -0.400000 0.400000
v -1.000000 -0.500000 0.400000
v 0.400000 -0.500000 0.300000
v 0.400000 -0.600000 0.300000
v -0.400000 -0.500000 0.300000
v -0.400000 -0.600000 0.300000
v 0.900000 -0.400000 0.100000
v 0.900000 -0.500000 0.100000
v 0.800000 -0.400000 0.100000
v 0.800000 -0.500000 0.100000
v 0.200000 -0.600000 0.100000
v 0.200000 -0.700000 0.100000
v -0.200000 -0.600000 0.100000
v -0.200000 -0.700000 0.100000
v -0.800000 -0.400000 0.100000
v -0.800000 -0.500000 0.100000
v -0.900000 -0.400000 0.100000
v -0.900000 -0.500000 0.100000
v 0.800000 -0.500000 -0.000000
v 0.800000 -0.600000 -0.000000
v 0.700000 -0.500000 -0.000000
v 0.700000 -0.600000 -0.000000
v 0.300000 -0.600000 -0.000000
v 0.300000 -0.700000 -0.000000
v 0.200000 -0.600000 -0.000000
v 0.200000 -0.700000 -0.000000
v -0.200000 -0.600000 -0.000000
v -0.200000 -0.700000 -0.000000
v -0.300000 -0.600000 -0.000000
v -0.300000 -0.700000 -0.000000
v -0.700000 -0.500000 -0.000000
v -0.700000 -0.600000 -0.000000
v -0.800000 -0.500000 -0.000000
v -0.800000 -0.600000 -0.000000
v 0.700000 -0.500000 -0.100000
v 0.700000 -0.600000 -0.100000
v 0.600000 -0.500000 -0.100000
v 0.600000 -0.600000 -0.100000
v 0.400000 -0.600000 -0.100000
v 0.400000 -0.700000 -0.100000
v 0.300000 -0.600000 -0.100000
v 0.300000 -0.700000 -0.100000
v 0.200000 -0.700000 -0.100000
v 0.200000 -0.800000 -0.100000
v -0.200000 -0.700000 -0.100000
v -0.200000 -0.800000 -0.100000
v -0.300000 -0.600000 -0.100000
v -0.300000 -0.700000 -0.100000
v -0.400000 -0.600000 -0.100000
v -0.400000 -0.700000 -0.100000
v -0.600000 -0.500000 -0.100000
v -0.600000 -0.600000 -0.100000
v -0.700000 -0.500000 -0.100000
v -0.700000 -0.600000 -0.100000
v 0.600000 -0.500000 -0.200000
v 0.600000 -0.600000 -0.200000
v 0.500000 -0.500000 -0.200000
v 0.500000 -0.600000 -0.200000
v 0.300000 -0.700000 -0.200000
v 0.300000 -0.800000 -0.200000
v 0.200000 -0.700000 -0.200000
v 0.200000 -0.800000 -0.200000
v 0.200000 -0.900000 -0.200000
v -0.200000 -0.700000 -0.200000
v -0.200000 -0.800000 -0.200000
v -0.200000 -0.900000 -0.200000
v -0.300000 -0.700000 -0.200000
v -0.300000 -0.800000 -0.200000
v -0.500000 -0.500000 -0.200000
v -0.500000 -0.600000 -0.200000
v -0.600000 -0.500000 -0.200000
v -0.600000 -0.600000 -0.200000
v 0.500000 -0.500000 -0.300000
v 0.500000 -0.600000 -0.300000
v 0.500000 -0.700000 -0.300000
v 0.400000 -0.500000 -0.300000
v 0.400000 -0.700000 -0.300000
v 0.400000 -0.800000 -0.300000
v 0.300000 -0.000000 -0.300000
v 0.300000 -0.100000 -0.300000
v 0.300000 -0.700000 -0.300000
v 0.300000 -0.800000 -0.300000
v 0.300000 -0.900000 -0.300000
v 0.200000 -0.800000 -0.300000
v 0.200000 -0.900000 -0.300000
v -0.200000 -0.800000 -0.300000
v -0.200000 -0.900000 -0.300000
v -0.300000 -0.000000 -0.300000
v -0.300000 -0.100000 -0.300000
v -0.300000 -0.700000 -0.300000
v -0.300000 -0.800000 -0.300000
v -0.300000 -0.900000 -0.300000
v -0.400000 -0.500000 -0.300000
v -0.400000 -0.700000 -0.300000
v -0.400000 -0.800000 -0.300000
v -0.500000 -0.500000 -0.300000
v -0.500000 -0.600000 -0.300000
v -0.500000 -0.700000 -0.300000
v 0.600000 -0.600000 -0.400000
v 0.600000 -0.700000 -0.400000
v 0.500000 -0.600000 -0.400000
v 0.500000 -0.700000 -0.400000
v 0.400000 -0.000000 -0.400000
v 0.400000 -0.100000 -0.400000
v 0.300000 -0.000000 -0.400000
v 0.300000 -0.100000 -0.400000
v -0.300000 -0.000000 -0.400000
v -0.300000 -0.100000 -0.400000
v -0.400000 -0.000000 -0.400000
v -0.400000 -0.100000 -0.400000
v -0.500000 -0.600000 -0.400000
v -0.500000 -0.700000 -0.400000
v -0.600000 -0.600000 -0.400000
v -0.600000 -0.700000 -0.400000
v 0.300000 0.100000 -0.500000
v 0.300000 -0.000000 -0.500000
v -0.300000 0.100000 -0.500000
v -0.300000 -0.000000 -0.500000
v 0.800000 0.400000 -0.600000
v 0.800000 -0.400000 -0.600000
v 0.700000 0.400000 -0.600000
v 0.700000 -0.400000 -0.600000
v 0.400000 0.100000 -0.600000
v 0.400000 -0.000000 -0.600000
v 0.300000 0.100000 -0.600000
v 0.300000 -0.000000 -0.600000
v -0.300000 0.100000 -0.600000
v -0.300000 -0.000000 -0.600000
v -0.400000 0.100000 -0.600000
v -0.400000 -0.000000 -0.600000
v -0.700000 0.400000 -0.600000
v -0.700000 -0.400000 -0.600000
v -0.800000 0.400000 -0.600000
v -0.800000 -0.400000 -0.600000
v 1.000000 -0.600000 -0.700000
v 1.000000 -0.700000 -0.700000
v 0.900000 -0.500000 -0.700000
v 0.900000 -0.600000 -0.700000
v 0.900000 -0.700000 -0.700000
v 0.800000 -0.500000 -0.700000
v 0.800000 -0.600000 -0.700000
v 0.500000 -0.000000 -0.700000
v 0.500000 -0.100000 -0.700000
v 0.400000 -0.000000 -0.700000
v 0.400000 -0.100000 -0.700000
v 0.400000 -0.700000 -0.700000
v 0.400000 -0.800000 -0.700000
v 0.300000 0.200000 -0.700000
v 0.300000 0.100000 -0.700000
v 0.300000 -0.700000 -0.700000
v 0.300000 -0.800000 -0.700000
v 0.300000 -0.900000 -0.700000
v -0.300000 0.200000 -0.700000
v -0.300000 0.100000 -0.700000
v -0.300000 -0.700000 -0.700000
v -0.300000 -0.800000 -0.700000
v -0.300000 -0.900000 -0.700000
v -0.400000 -0.000000 -0.700000
v -0.400000 -0.100000 -0.700000
v -0.400000 -0.700000 -0.700000
v -0.400000 -0.800000 -0.700000
v -0.500000 -0.000000 -0.700000
v -0.500000 -0.100000 -0.700000
v -0.800000 -0.500000 -0.700000
v -0.800000 -0.600000 -0.700000
v -0.900000 -0.500000 -0.700000
v -0.900000 -0.600000 -0.700000
v -0.900000 -0.700000 -0.700000
v -1.000000 -0.600000 -0.700000
v -1.000000 -0.700000 -0.700000
v 0.400000 0.200000 -0.800000
v 0.400000 0.100000 -0.800000
v 0.300000 0.300000 -0.800000
v 0.300000 0.200000 -0.800000
v 0.300000 0.100000 -0.800000
v -0.300000 0.300000 -0.800000
v -0.300000 0.200000 -0.800000
v -0.300000 0.100000 -0.800000
v -0.400000 0.200000 -0.800000
v -0.400000 0.100000 -0.800000
v 1.100000 -0.700000 -0.900000
v 1.100000 -0.800000 -0.900000
v 1.000000 -0.700000 -0.900000
v 1.000000 -0.800000 -0.900000
v 0.600000 0.100000 -0.900000
v 0.600000 -0.100000 -0.900000
v 0.500000 0.200000 -0.900000
v 0.500000 0.100000 -0.900000
v 0.500000 -0.000000 -0.900000
v 0.500000 -0.100000 -0.900000
v 0.400000 0.300000 -0.900000
v 0.400000 0.200000 -0.900000
v 0.400000 -0.000000 -0.900000
v 0.300000 0.300000 -0.900000
v 0.300000 0.200000 -0.900000
v -0.300000 0.300000 -0.900000
v -0.300000 0.200000 -0.900000
v -0.400000 0.300000 -0.900000
v -0.400000 0.200000 -0.900000
v -0.400000 -0.000000 -0.900000
v -0.500000 0.200000 -0.900000
v -0.500000 0.100000 -0.900000
v -0.500000 -0.000000 -0.900000
v -0.500000 -0.100000 -0.900000
v -0.600000 0.100000 -0.900000
v -0.600000 -0.100000 -0.900000
v -1.000000 -0.700000 -0.900000
v -1.000000 -0.800000 -0.900000
v -1.100000 -0.700000 -0.900000
v -1.100000 -0.800000 -0.900000
v 1.200000 -0.800000 -1.100000
v 1.200000 -0.900000 -1.100000
v 1.100000 -0.800000 -1.100000
v 1.100000 -0.900000 -1.100000
v -1.100000 -0.800000 -1.100000
v -1.100000 -0.900000 -1.100000
v -1.200000 -0.800000 -1.100000
v -1.200000 -0.900000 -1.100000
v 0.500000 -0.600000 -1.200000
v 0.500000 -0.700000 -1.200000
v 0.400000 -0.600000 -1.200000
v 0.400000 -0.700000 -1.200000
v -0.400000 -0.600000 -1.200000
v -0.400000 -0.700000 -1.200000
v -0.500000 -0.600000 -1.200000
v -0.500000 -0.700000 -1.200000
v 0.600000 0.300000 -1.300000
v 0.600000 0.100000 -1.300000
v 0.500000 0.300000 -1.300000
v 0.500000 0.200000 -1.300000
v 0.500000 0.100000 -1.300000
v -0.500000 0.300000 -1.300000
v -0.500000 0.200000 -1.300000
v -0.500000 0.100000 -1.300000
v -0.600000 0.300000 -1.300000
v -0.600000 0.100000 -1.300000
v 0.600000 -0.700000 -1.600000
v 0.600000 -0.800000 -1.600000
v 0.500000 -0.700000 -1.600000
v 0.500000 -0.800000 -1.600000
v 0.200000 -0.000000 -1.600000
v 0.200000 -0.400000 -1.600000
v 0.100000 -0.100000 -1.600000
v 0.100000 -0.300000 -1.600000
v -0.100000 -0.100000 -1.600000
v -0.100000 -0.300000 -1.600000
v -0.200000 -0.000000 -1.600000
v -0.200000 -0.400000 -1.600000
v -0.500000 -0.700000 -1.600000
v -0.500000 -0.800000 -1.600000
v -0.600000 -0.700000 -1.600000
v -0.600000 -0.800000 -1.600000
v 0.300000 -0.000000 -1.700000
v 0.300000 -0.400000 -1.700000
v 0.200000 0.100000 -1.700000
v 0.200000 -0.000000 -1.700000
v 0.200000 -0.400000 -1.700000
v 0.200000 -0.500000 -1.700000
v -0.200000 0.100000 -1.700000
v -0.200000 -0.000000 -1.700000
v -0.200000 -0.400000 -1.700000
v -0.200000 -0.500000 -1.700000
v -0.300000 -0.000000 -1.700000
v -0.300000 -0.400000 -1.700000
v 0.600000 -0.800000 -1.800000
v 0.600000 -0.900000 -1.800000
v 0.500000 -0.800000 -1.800000
v 0.500000 -0.900000 -1.800000
v -0.500000 -0.800000 -1.800000
v -0.500000 -0.900000 -1.800000
v -0.600000 -0.800000 -1.800000
v -0.600000 -0.900000 -1.800000
v 2.400000 0.600000 2.400000
v 2.400000 0.500000 2.400000
v 2.400000 -0.100000 2.400000
v 2.400000 -0.200000 2.400000
v 2.200000 0.600000 2.400000
v 2.200000 0.500000 2.400000
v 2.200000 -0.100000 2.400000
v 2.200000 -0.200000 2.400000
v 2.100000 0.600000 2.400000
v 2.100000 0.500000 2.400000
v 2.100000 -0.100000 2.400000
v 2.100000 -0.200000 2.400000
v 2.000000 -0.100000 2.400000
v 2.000000 -0.200000 2.400000
v 2.000000 -0.300000 2.400000
v 1.800000 0.600000 2.400000
v 1.800000 0.500000 2.400000
v 1.800000 -0.200000 2.400000
v 1.800000 -0.300000 2.400000
v -1.800000 0.600000 2.400000
v -1.800000 0.500000 2.400000
v -1.800000 -0.200000 2.400000
v -1.800000 -0.300000 2.400000
v -2.000000 -0.100000 2.400000
v -2.000000 -0.200000 2.400000
v -2.000000 -0.300000 2.400000
v -2.100000 0.600000 2.400000
v -2.100000 0.500000 2.400000
v -2.100000 -0.100000 2.400000
v -2.100000 -0.200000 2.400000
v -2.200000 0.600000 2.400000
v -2.200000 0.500000 2.400000
v -2.200000 -0.100000 2.400000
v -2.200000 -0.200000 2.400000
v -2.400000 0.600000 2.400000
v -2.400000 0.500000 2.400000
v -2.400000 -0.100000 2.400000
v -2.400000 -0.200000 2.400000
v 1.800000 0.500000 2.300000
v 1.800000 0.400000 2.300000
v 1.800000 -0.200000 2.300000
v 1.800000 -0.300000 2.300000
v 1.700000 0.400000 2.300000
v 1.600000 0.500000 2.300000
v 1.600000 0.400000 2.300000
v 1.600000 -0.200000 2.300000
v 1.600000 -0.300000 2.300000
v -1.600000 0.500000 2.300000
v -1.600000 0.400000 2.300000
v -1.600000 -0.200000 2.300000
v -1.600000 -0.300000 2.300000
v -1.700000 0.400000 2.300000
v -1.800000 0.500000 2.300000
v -1.800000 0.400000 2.300000
v -1.800000 -0.200000 2.300000
v -1.800000 -0.300000 2.300000
v 1.600000 0.500000 2.200000
v 1.600000 0.400000 2.200000
v 1.600000 -0.200000 2.200000
v 1.600000 -0.300000 2.200000
v 1.400000 0.500000 2.200000
v 1.400000 0.400000 2.200000
v 1.400000 0.300000 2.200000
v 1.400000 -0.200000 2.200000
v 1.400000 -0.300000 2.200000
v 1.400000 -0.400000 2.200000
v 1.300000 0.400000 2.200000
v 1.300000 0.300000 2.200000
v 1.300000 -0.300000 2.200000
v 1.300000 -0.400000 2.200000
v 1.200000 0.400000 2.200000
v 1.200000 0.300000 2.200000
v 1.200000 -0.300000 2.200000
v 1.200000 -0.400000 2.200000
v 1.000000 0.400000 2.200000
v 1.000000 0.300000 2.200000
v 1.000000 -0.300000 2.200000
v 1.000000 -0.400000 2.200000
v -1.000000 0.400000 2.200000
v -1.000000 0.300000 2.200000
v -1.000000 -0.300000 2.200000
v -1.000000 -0.400000 2.200000
v -1.200000 0.400000 2.200000
v -1.200000 0.300000 2.200000
v -1.200000 -0.300000 2.200000
v -1.200000 -0.400000 2.200000
v -1.300000 0.400000 2.200000
v -1.300000 0.300000 2.200000
v -1.300000 -0.300000 2.200000
v -1.300000 -0.400000 2.200000
v -1.400000 0.500000 2.200000
v -1.400000 0.400000 2.200000
v -1.400000 0.300000 2.200000
v -1.400000 -0.200000 2.200000
v -1.400000 -0.300000 2.200000
v -1.400000 -0.400000 2.200000
v -1.600000 0.500000 2.200000
v -1.600000 0.400000 2.200000
v -1.600000 -0.200000 2.200000
v -1.600000 -0.300000 2.200000
v 2.500000 -0.100000 2.100000
v 2.500000 -0.200000 2.100000
v 2.400000 -0.100000 2.100000
v 2.400000 -0.200000 2.100000
v 1.000000 0.400000 2.100000
v 1.000000 0.300000 2.100000
v 1.000000 -0.300000 2.100000
v 1.000000 -0.400000 2.100000
v 0.900000 0.300000 2.100000
v 0.800000 0.400000 2.100000
v 0.800000 0.300000 2.100000
v 0.800000 -0.300000 2.100000
v 0.800000 -0.400000 2.100000
v -0.800000 0.400000 2.100000
v -0.800000 0.300000 2.100000
v -0.800000 -0.300000 2.100000
v -0.800000 -0.400000 2.100000
v -0.900000 0.300000 2.100000
v -1.000000 0.400000 2.100000
v -1.000000 0.300000 2.100000
v -1.000000 -0.300000 2.100000
v -1.000000 -0.400000 2.100000
v -2.400000 -0.100000 2.100000
v -2.400000 -0.200000 2.100000
v -2.500000 -0.100000 2.100000
v -2.500000 -0.200000 2.100000
v 0.800000 0.400000 2.000000
v 0.800000 0.300000 2.000000
v 0.800000 -0.400000 2.000000
v 0.800000 -0.500000 2.000000
v 0.600000 0.400000 2.000000
v 0.600000 0.300000 2.000000
v 0.600000 -0.400000 2.000000
v 0.600000 -0.500000 2.000000
v -0.600000 0.400000 2.000000
v -0.600000 0.300000 2.000000
v -0.600000 -0.400000 2.000000
v -0.600000 -0.500000 2.000000
v -0.800000 0.400000 2.000000
v -0.800000 0.300000 2.000000
v -0.800000 -0.400000 2.000000
v -0.800000 -0.500000 2.000000
v 0.600000 0.400000 1.900000
v 0.600000 0.300000 1.900000
v 0.600000 -0.400000 1.900000
v 0.600000 -0.500000 1.900000
v 0.500000 0.400000 1.900000
v 0.500000 0.300000 1.900000
v 0.500000 -0.400000 1.900000
v 0.500000 -0.500000 1.900000
v -0.500000 0.400000 1.900000
v -0.500000 0.300000 1.900000
v -0.500000 -0.400000 1.900000
v -0.500000 -0.500000 1.900000
v -0.600000 0.400000 1.900000
v -0.600000 0.300000 1.900000
v -0.600000 -0.400000 1.900000
v -0.600000 -0.500000 1.900000
v 2.700000 0.500000 1.600000
v 2.700000 0.200000 1.600000
v 2.600000 0.500000 1.600000
v 2.600000 0.300000 1.600000
v 2.600000 0.200000 1.600000
v 1.900000 0.700000 1.600000
v 1.900000 0.600000 1.600000
v 1.800000 0.700000 1.600000
v 1.800000 0.600000 1.600000
v 1.800000 0.500000 1.600000
v 1.800000 -0.300000 1.600000
v 1.800000 -0.400000 1.600000
v 1.800000 -0.500000 1.600000
v 1.700000 -0.300000 1.600000
v 1.700000 -0.400000 1.600000
v 1.700000 -0.500000 1.600000
v 1.400000 0.600000 1.600000
v 1.400000 0.500000 1.600000
v 1.400000 0.400000 1.600000
v 1.300000 0.500000 1.600000
v 1.300000 0.400000 1.600000
v -1.300000 0.500000 1.600000
v -1.300000 0.400000 1.600000
v -1.400000 0.600000 1.600000
v -1.400000 0.500000 1.600000
v -1.400000 0.400000 1.600000
v -1.700000 -0.300000 1.600000
v -1.700000 -0.400000 1.600000
v -1.700000 -0.500000 1.600000
v -1.800000 0.700000 1.600000
v -1.800000 0.600000 1.600000
v -1.800000 0.500000 1.600000
v -1.800000 -0.300000 1.600000
v -1.800000 -0.400000 1.600000
v -1.800000 -0.500000 1.600000
v -1.900000 0.700000 1.600000
v -1.900000 0.600000 1.600000
v -2.600000 0.500000 1.600000
v -2.600000 0.300000 1.600000
v -2.600000 0.200000 1.600000
v -2.700000 0.500000 1.600000
v -2.700000 0.200000 1.600000
v 2.700000 0.600000 1.500000
v 2.700000 0.500000 1.500000
v 2.600000 0.600000 1.500000
v 2.600000 0.500000 1.500000
v 2.300000 -0.200000 1.500000
v 2.300000 -0.300000 1.500000
v 2.300000 -0.400000 1.500000
v 2.200000 -0.200000 1.500000
v 2.200000 -0.300000 1.500000
v 2.200000 -0.400000 1.500000
v 2.000000 0.700000 1.500000
v 2.000000 0.600000 1.500000
v 1.900000 0.700000 1.500000
v 1.900000 0.600000 1.500000
v 1.300000 0.500000 1.500000
v 1.300000 0.400000 1.500000
v 1.200000 0.500000 1.500000
v 1.200000 0.400000 1.500000
v 0.400000 0.400000 1.500000
v 0.400000 0.300000 1.500000
v 0.400000 -0.100000 1.500000
v 0.400000 -0.400000 1.500000
v 0.300000 0.400000 1.500000
v 0.300000 0.300000 1.500000
v 0.300000 -0.100000 1.500000
v 0.300000 -0.400000 1.500000
v -0.300000 0.400000 1.500000
v -0.300000 0.300000 1.500000
v -0.300000 -0.100000 1.500000
v -0.300000 -0.400000 1.500000
v -0.400000 0.400000 1.500000
v -0.400000 0.300000 1.500000
v -0.400000 -0.100000 1.500000
v -0.400000 -0.400000 1.500000
v -1.200000 0.500000 1.500000
v -1.200000 0.400000 1.500000
v -1.300000 0.500000 1.500000
v -1.300000 0.400000 1.500000
v -1.900000 0.700000 1.500000
v -1.900000 0.600000 1.500000
v -2.000000 0.700000 1.500000
v -2.000000 0.600000 1.500000
v -2.200000 -0.200000 1.500000
v -2.200000 -0.300000 1.500000
v -2.200000 -0.400000 1.500000
v -2.300000 -0.200000 1.500000
v -2.300000 -0.300000 1.500000
v -2.300000 -0.400000 1.500000
v -2.600000 0.600000 1.500000
v -2.600000 0.500000 1.500000
v -2.700000 0.600000 1.500000
v -2.700000 0.500000 1.500000
v 1.200000 -0.400000 1.400000
v 1.200000 -0.500000 1.400000
v 1.200000 -0.600000 1.400000
v 1.100000 -0.400000 1.400000
v 1.100000 -0.500000 1.400000
v 1.100000 -0.600000 1.400000
v -1.100000 -0.400000 1.400000
v -1.100000 -0.500000 1.400000
v -1.100000 -0.600000 1.400000
v -1.200000 -0.400000 1.400000
v -1.200000 -0.500000 1.400000
v -1.200000 -0.600000 1.400000
v 2.000000 -0.300000 1.200000
v 2.000000 -0.400000 1.200000
v 1.800000 -0.300000 1.200000
v 1.800000 -0.400000 1.200000
v -1.800000 -0.300000 1.200000
v -1.800000 -0.400000 1.200000
v -2.000000 -0.300000 1.200000
v -2.000000 -0.400000 1.200000
v 2.200000 -0.200000 1.100000
v 2.200000 -0.300000 1.100000
v 2.000000 -0.200000 1.100000
v 2.000000 -0.300000 1.100000
v 1.700000 -0.300000 1.100000
v 1.700000 -0.400000 1.100000
v 1.400000 -0.300000 1.100000
v 1.400000 -0.400000 1.100000
v -1.400000 -0.300000 1.100000
v -1.400000 -0.400000 1.100000
v -1.700000 -0.300000 1.100000
v -1.700000 -0.400000 1.100000
v -2.000000 -0.200000 1.100000
v -2.000000 -0.300000 1.100000
v -2.200000 -0.200000 1.100000
v -2.200000 -0.300000 1.100000
v 2.900000 0.300000 1.000000
v 2.900000 0.100000 1.000000
v 2.800000 0.300000 1.000000
v 2.800000 0.200000 1.000000
v 2.800000 0.100000 1.000000
v 2.700000 -0.200000 1.000000
v 2.700000 -0.300000 1.000000
v 2.300000 -0.200000 1.000000
v 2.300000 -0.300000 1.000000
v 1.400000 -0.400000 1.000000
v 1.400000 -0.500000 1.000000
v 1.200000 -0.400000 1.000000
v 1.200000 -0.500000 1.000000
v -1.200000 -0.400000 1.000000
v -1.200000 -0.500000 1.000000
v -1.400000 -0.400000 1.000000
v -1.400000 -0.500000 1.000000
v -2.300000 -0.200000 1.000000
v -2.300000 -0.300000 1.000000
v -2.700000 -0.200000 1.000000
v -2.700000 -0.300000 1.000000
v -2.800000 0.300000 1.000000
v -2.800000 0.200000 1.000000
v -2.800000 0.100000 1.000000
v -2.900000 0.300000 1.000000
v -2.900000 0.100000 1.000000
v 3.000000 0.000000 0.900000
v 3.000000 -0.100000 0.900000
v 2.900000 0.000000 0.900000
v 2.900000 -0.100000 0.900000
v 2.900000 -0.200000 0.900000
v 2.700000 -0.100000 0.900000
v 2.700000 -0.200000 0.900000
v 1.900000 0.700000 0.900000
v 1.900000 0.600000 0.900000
v 1.800000 0.700000 0.900000
v 1.800000 0.600000 0.900000
v 1.400000 0.500000 0.900000
v 1.400000 0.400000 0.900000
v 1.300000 0.500000 0.900000
v 1.300000 0.400000 0.900000
v 1.100000 -0.400000 0.900000
v 1.100000 -0.500000 0.900000
v 0.800000 -0.400000 0.900000
v 0.800000 -0.500000 0.900000
v 0.800000 -0.600000 0.900000
v 0.700000 -0.500000 0.900000
v 0.700000 -0.600000 0.900000
v -0.700000 -0.500000 0.900000
v -0.700000 -0.600000 0.900000
v -0.800000 -0.400000 0.900000
v -0.800000 -0.500000 0.900000
v -0.800000 -0.600000 0.900000
v -1.100000 -0.400000 0.900000
v -1.100000 -0.500000 0.900000
v -1.300000 0.500000 0.900000
v -1.300000 0.400000 0.900000
v -1.400000 0.500000 0.900000
v -1.400000 0.400000 0.900000
v -1.800000 0.700000 0.900000
v -1.800000 0.600000 0.900000
v -1.900000 0.700000 0.900000
v -1.900000 0.600000 0.900000
v -2.700000 -0.100000 0.900000
v -2.700000 -0.200000 0.900000
v -2.900000 0.000000 0.900000
v -2.900000 -0.100000 0.900000
v -2.900000 -0.200000 0.900000
v -3.000000 0.000000 0.900000
v -3.000000 -0.100000 0.900000
v 2.300000 0.800000 0.800000
v 2.300000 0.700000 0.800000
v 2.200000 0.800000 0.800000
v 2.200000 0.700000 0.800000
v 0.700000 -0.500000 0.800000
v 0.700000 -0.600000 0.800000
v 0.600000 -0.500000 0.800000
v 0.600000 -0.600000 0.800000
v 0.200000 0.000000 0.800000
v 0.200000 -0.300000 0.800000
v 0.100000 0.000000 0.800000
v 0.100000 -0.300000 0.800000
v -0.100000 0.000000 0.800000
v -0.100000 -0.300000 0.800000
v -0.200000 0.000000 0.800000
v -0.200000 -0.300000 0.800000
v -0.600000 -0.500000 0.800000
v -0.600000 -0.600000 0.800000
v -0.700000 -0.500000 0.800000
v -0.700000 -0.600000 0.800000
v -2.200000 0.800000 0.800000
v -2.200000 0.700000 0.800000
v -2.300000 0.800000 0.800000
v -2.300000 0.700000 0.800000
v 2.900000 0.600000 0.700000
v 2.900000 0.100000 0.700000
v 2.800000 0.600000 0.700000
v 2.800000 0.100000 0.700000
v 1.800000 0.600000 0.700000
v 1.800000 0.500000 0.700000
v 1.400000 0.600000 0.700000
v 1.400000 0.500000 0.700000
v 0.600000 -0.500000 0.700000
v 0.600000 -0.600000 0.700000
v 0.500000 -0.500000 0.700000
v 0.500000 -0.600000 0.700000
v -0.500000 -0.500000 0.700000
v -0.500000 -0.600000 0.700000
v -0.600000 -0.500000 0.700000
v -0.600000 -0.600000 0.700000
v -1.400000 0.600000 0.700000
v -1.400000 0.500000 0.700000
v -1.800000 0.600000 0.700000
v -1.800000 0.500000 0.700000
v -2.800000 0.600000 0.700000
v -2.800000 0.100000 0.700000
v -2.900000 0.600000 0.700000
v -2.900000 0.100000 0.700000
v 3.000000 0.800000 0.600000
v 3.000000 0.700000 0.600000
v 3.000000 0.000000 0.600000
v 3.000000 -0.100000 0.600000
v 2.900000 0.800000 0.600000
v 2.900000 0.700000 0.600000
v 2.900000 0.000000 0.600000
v 2.900000 -0.100000 0.600000
v 2.900000 -0.200000 0.600000
v 2.800000 0.800000 0.600000
v 2.800000 0.700000 0.600000
v 2.800000 0.000000 0.600000
v 2.800000 -0.100000 0.600000
v 2.800000 -0.200000 0.600000
v 2.700000 0.500000 0.600000
v 2.700000 0.400000 0.600000
v 2.700000 0.300000 0.600000
v 2.700000 0.200000 0.600000
v 2.700000 0.100000 0.600000
v 2.700000 0.000000 0.600000
v 2.500000 0.500000 0.600000
v 2.500000 0.400000 0.600000
v 2.500000 0.300000 0.600000
v 2.500000 0.200000 0.600000
v 2.500000 0.100000 0.600000
v 2.500000 0.000000 0.600000
v 0.200000 0.200000 0.600000
v 0.200000 0.100000 0.600000
v 0.200000 -0.100000 0.600000
v 0.200000 -0.200000 0.600000
v 0.100000 0.100000 0.600000
v 0.100000 -0.100000 0.600000
v 0.100000 -0.200000 0.600000
v -0.100000 0.100000 0.600000
v -0.100000 -0.100000 0.600000
v -0.100000 -0.200000 0.600000
v -0.200000 0.200000 0.600000
v -0.200000 0.100000 0.600000
v -0.200000 -0.100000 0.600000
v -0.200000 -0.200000 0.600000
v -2.500000 0.500000 0.600000
v -2.500000 0.400000 0.600000
v -2.500000 0.300000 0.600000
v -2.500000 0.200000 0.600000
v -2.500000 0.100000 0.600000
v -2.500000 0.000000 0.600000
v -2.700000 0.500000 0.600000
v -2.700000 0.400000 0.600000
v -2.700000 0.300000 0.600000
v -2.700000 0.200000 0.600000
v -2.700000 0.100000 0.600000
v -2.700000 0.000000 0.600000
v -2.800000 0.800000 0.600000
v -2.800000 0.700000 0.600000
v -2.800000 0.000000 0.600000
v -2.800000 -0.100000 0.600000
v -2.800000 -0.200000 0.600000
v -2.900000 0.800000 0.600000
v -2.900000 0.700000 0.600000
v -2.900000 0.000000 0.600000
v -2.900000 -0.100000 0.600000
v -2.900000 -0.200000 0.600000
v -3.000000 0.800000 0.600000
v -3.000000 0.700000 0.600000
v -3.000000 0.000000 0.600000
v -3.000000 -0.100000 0.600000
v 2.900000 0.700000 0.500000
v 2.900000 0.600000 0.500000
v 2.900000 0.100000 0.500000
v 2.900000 0.000000 0.500000
v 2.800000 0.700000 0.500000
v 2.800000 0.600000 0.500000
v 2.800000 0.100000 0.500000
v 2.800000 0.000000 0.500000
v 2.800000 -0.100000 0.500000
v 2.700000 0.600000 0.500000
v 2.700000 0.500000 0.500000
v 2.700000 0.400000 0.500000
v 2.700000 0.300000 0.500000
v 2.700000 0.200000 0.500000
v 2.700000 0.100000 0.500000
v 2.700000 0.000000 0.500000
v 2.700000 -0.100000 0.500000
v 2.500000 0.600000 0.500000
v 2.500000 0.500000 0.500000
v 2.500000 0.400000 0.500000
v 2.500000 0.300000 0.500000
v 2.500000 0.200000 0.500000
v 2.500000 0.100000 0.500000
v 2.500000 0.000000 0.500000
v 2.500000 -0.100000 0.500000
v 2.400000 0.600000 0.500000
v 2.400000 -0.100000 0.500000
v 2.300000 0.900000 0.500000
v 2.300000 0.800000 0.500000
v 2.200000 0.900000 0.500000
v 2.200000 0.800000 0.500000
v 0.500000 -0.500000 0.500000
v 0.500000 -0.600000 0.500000
v 0.400000 -0.500000 0.500000
v 0.400000 -0.600000 0.500000
v -0.400000 -0.500000 0.500000
v -0.400000 -0.600000 0.500000
v -0.500000 -0.500000 0.500000
v -0.500000 -0.600000 0.500000
v -2.200000 0.900000 0.500000
v -2.200000 0.800000 0.500000
v -2.300000 0.900000 0.500000
v -2.300000 0.800000 0.500000
v -2.400000 0.600000 0.500000
v -2.400000 -0.100000 0.500000
v -2.500000 0.600000 0.500000
v -2.500000 0.500000 0.500000
v -2.500000 0.400000 0.500000
v -2.500000 0.300000 0.500000
v -2.500000 0.200000 0.500000
v -2.500000 0.100000 0.500000
v -2.500000 0.000000 0.500000
v -2.500000 -0.100000 0.500000
v -2.700000 0.600000 0.500000
v -2.700000 0.500000 0.500000
v -2.700000 0.400000 0.500000
v -2.700000 0.300000 0.500000
v -2.700000 0.200000 0.500000
v -2.700000 0.100000 0.500000
v -2.700000 0.000000 0.500000
v -2.700000 -0.100000 0.500000
v -2.800000 0.700000 0.500000
v -2.800000 0.600000 0.500000
v -2.800000 0.100000 0.500000
v -2.800000 0.000000 0.500000
v -2.800000 -0.100000 0.500000
v -2.900000 0.700000 0.500000
v -2.900000 0.600000 0.500000
v -2.900000 0.100000 0.500000
v -2.900000 0.000000 0.500000
v 2.700000 0.600000 0.400000
v 2.700000 0.500000 0.400000
v 2.700000 0.400000 0.400000
v 2.700000 0.300000 0.400000
v 2.500000 0.600000 0.400000
v 2.500000 0.500000 0.400000
v 2.500000 0.400000 0.400000
v 2.500000 0.300000 0.400000
v 2.300000 0.600000 0.400000
v 2.300000 0.500000 0.400000
v 2.300000 0.400000 0.400000
v 2.300000 0.300000 0.400000
v 2.300000 0.200000 0.400000
v 2.300000 0.100000 0.400000
v 2.300000 0.000000 0.400000
v 2.300000 -0.100000 0.400000
v 2.100000 0.600000 0.400000
v 2.100000 0.500000 0.400000
v 2.100000 0.400000 0.400000
v 2.100000 0.300000 0.400000
v 2.100000 0.200000 0.400000
v 2.100000 0.100000 0.400000
v 2.100000 0.000000 0.400000
v 2.100000 -0.100000 0.400000
v 0.900000 -0.400000 0.400000
v 0.900000 -0.500000 0.400000
v 0.800000 -0.400000 0.400000
v 0.800000 -0.500000 0.400000
v 0.400000 -0.500000 0.400000
v 0.400000 -0.600000 0.400000
v -0.400000 -0.500000 0.400000
v -0.400000 -0.600000 0.400000
v -0.800000 -0.400000 0.400000
v -0.800000 -0.500000 0.400000
v -0.900000 -0.400000 0.400000
v -0.900000 -0.500000 0.400000
v -2.100000 0.600000 0.400000
v -2.100000 0.500000 0.400000
v -2.100000 0.400000 0.400000
v -2.100000 0.300000 0.400000
v -2.100000 0.200000 0.400000
v -2.100000 0.100000 0.400000
v -2.100000 0.000000 0.400000
v -2.100000 -0.100000 0.400000
v -2.300000 0.600000 0.400000
v -2.300000 0.500000 0.400000
v -2.300000 0.400000 0.400000
v -2.300000 0.300000 0.400000
v -2.300000 0.200000 0.400000
v -2.300000 0.100000 0.400000
v -2.300000 0.000000 0.400000
v -2.300000 -0.100000 0.400000
v -2.500000 0.600000 0.400000
v -2.500000 0.500000 0.400000
v -2.500000 0.400000 0.400000
v -2.500000 0.300000 0.400000
v -2.700000 0.600000 0.400000
v -2.700000 0.500000 0.400000
v -2.700000 0.400000 0.400000
v -2.700000 0.300000 0.400000
v 2.800000 0.700000 0.300000
v 2.800000 0.600000 0.300000
v 2.800000 -0.100000 0.300000
v 2.800000 -0.200000 0.300000
v 2.700000 0.200000 0.300000
v 2.700000 0.100000 0.300000
v 2.700000 -0.100000 0.300000
v 2.700000 -0.200000 0.300000
v 2.600000 0.700000 0.300000
v 2.600000 0.600000 0.300000
v 2.500000 0.200000 0.300000
v 2.500000 0.100000 0.300000
v 2.500000 -0.100000 0.300000
v 2.400000 0.600000 0.300000
v 2.400000 -0.100000 0.300000
v 2.400000 -0.200000 0.300000
v 2.300000 0.600000 0.300000
v 2.300000 0.500000 0.300000
v 2.300000 0.400000 0.300000
v 2.300000 0.300000 0.300000
v 2.300000 0.200000 0.300000
v 2.300000 0.100000 0.300000
v 2.300000 0.000000 0.300000
v 2.300000 -0.100000 0.300000
v 2.300000 -0.200000 0.300000
v 2.100000 0.600000 0.300000
v 2.100000 0.500000 0.300000
v 2.100000 0.400000 0.300000
v 2.100000 0.300000 0.300000
v 2.100000 0.200000 0.300000
v 2.100000 0.100000 0.300000
v 2.100000 0.000000 0.300000
v 2.100000 -0.100000 0.300000
v 2.100000 -0.200000 0.300000
v 2.000000 0.600000 0.300000
v 2.000000 -0.200000 0.300000
v 1.000000 0.600000 0.300000
v 1.000000 0.500000 0.300000
v 0.900000 0.600000 0.300000
v 0.900000 0.500000 0.300000
v 0.200000 0.500000 0.300000
v 0.200000 0.400000 0.300000
v -0.200000 0.500000 0.300000
v -0.200000 0.400000 0.300000
v -0.900000 0.600000 0.300000
v -0.900000 0.500000 0.300000
v -1.000000 0.600000 0.300000
v -1.000000 0.500000 0.300000
v -2.000000 0.600000 0.300000
v -2.000000 -0.200000 0.300000
v -2.100000 0.600000 0.300000
v -2.100000 0.500000 0.300000
v -2.100000 0.400000 0.300000
v -2.100000 0.300000 0.300000
v -2.100000 0.200000 0.300000
v -2.100000 0.100000 0.300000
v -2.100000 0.000000 0.300000
v -2.100000 -0.100000 0.300000
v -2.100000 -0.200000 0.300000
v -2.300000 0.600000 0.300000
v -2.300000 0.500000 0.300000
v -2.300000 0.400000 0.300000
v -2.300000 0.300000 0.300000
v -2.300000 0.200000 0.300000
v -2.300000 0.100000 0.300000
v -2.300000 0.000000 0.300000
v -2.300000 -0.100000 0.300000
v -2.300000 -0.200000 0.300000
v -2.400000 0.600000 0.300000
v -2.400000 -0.100000 0.300000
v -2.400000 -0.200000 0.300000
v -2.500000 0.200000 0.300000
v -2.500000 0.100000 0.300000
v -2.500000 -0.100000 0.300000
v -2.600000 0.700000 0.300000
v -2.600000 0.600000 0.300000
v -2.700000 0.200000 0.300000
v -2.700000 0.100000 0.300000
v -2.700000 -0.100000 0.300000
v -2.700000 -0.200000 0.300000
v -2.800000 0.700000 0.300000
v -2.800000 0.600000 0.300000
v -2.800000 -0.100000 0.300000
v -2.800000 -0.200000 0.300000
v 2.700000 0.000000 0.200000
v 2.700000 -0.100000 0.200000
v 2.700000 -0.200000 0.200000
v 2.700000 -0.300000 0.200000
v 2.600000 0.700000 0.200000
v 2.600000 0.600000 0.200000
v 2.500000 0.000000 0.200000
v 2.500000 -0.100000 0.200000
v 2.400000 0.700000 0.200000
v 2.400000 0.600000 0.200000
v 2.400000 -0.200000 0.200000
v 2.400000 -0.300000 0.200000
v 2.300000 1.000000 0.200000
v 2.300000 0.900000 0.200000
v 2.300000 0.500000 0.200000
v 2.300000 0.400000 0.200000
v 2.300000 0.300000 0.200000
v 2.300000 0.200000 0.200000
v 2.200000 1.000000 0.200000
v 2.200000 0.900000 0.200000
v 2.100000 0.500000 0.200000
v 2.100000 0.400000 0.200000
v 2.100000 0.300000 0.200000
v 2.100000 0.200000 0.200000
v 0.200000 0.400000 0.200000
v 0.200000 0.300000 0.200000
v -0.200000 0.400000 0.200000
v -0.200000 0.300000 0.200000
v -2.100000 0.500000 0.200000
v -2.100000 0.400000 0.200000
v -2.100000 0.300000 0.200000
v -2.100000 0.200000 0.200000
v -2.200000 1.000000 0.200000
v -2.200000 0.900000 0.200000
v -2.300000 1.000000 0.200000
v -2.300000 0.900000 0.200000
v -2.300000 0.500000 0.200000
v -2.300000 0.400000 0.200000
v -2.300000 0.300000 0.200000
v -2.300000 0.200000 0.200000
v -2.400000 0.700000 0.200000
v -2.400000 0.600000 0.200000
v -2.400000 -0.200000 0.200000
v -2.400000 -0.300000 0.200000
v -2.500000 0.000000 0.200000
v -2.500000 -0.100000 0.200000
v -2.600000 0.700000 0.200000
v -2.600000 0.600000 0.200000
v -2.700000 0.000000 0.200000
v -2.700000 -0.100000 0.200000
v -2.700000 -0.200000 0.200000
v -2.700000 -0.300000 0.200000
v 2.400000 0.700000 0.100000
v 2.400000 0.600000 0.100000
v 2.400000 -0.200000 0.100000
v 2.400000 -0.300000 0.100000
v 2.300000 0.100000 0.100000
v 2.300000 0.000000 0.100000
v 2.300000 -0.200000 0.100000
v 2.200000 0.700000 0.100000
v 2.200000 0.600000 0.100000
v 2.200000 -0.200000 0.100000
v 2.200000 -0.300000 0.100000
v 2.100000 0.100000 0.100000
v 2.100000 0.000000 0.100000
v 2.000000 0.600000 0.100000
v 2.000000 -0.200000 0.100000
v 2.000000 -0.300000 0.100000
v 1.800000 0.600000 0.100000
v 1.800000 0.500000 0.100000
v 1.800000 -0.300000 0.100000
v 0.800000 -0.500000 0.100000
v 0.800000 -0.600000 0.100000
v 0.700000 -0.500000 0.100000
v 0.700000 -0.600000 0.100000
v 0.400000 0.500000 0.100000
v 0.400000 0.400000 0.100000
v 0.200000 0.500000 0.100000
v 0.200000 0.400000 0.100000
v 0.200000 0.300000 0.100000
v 0.200000 -0.100000 0.100000
v -0.200000 0.500000 0.100000
v -0.200000 0.400000 0.100000
v -0.200000 0.300000 0.100000
v -0.200000 -0.100000 0.100000
v -0.400000 0.500000 0.100000
v -0.400000 0.400000 0.100000
v -0.700000 -0.500000 0.100000
v -0.700000 -0.600000 0.100000
v -0.800000 -0.500000 0.100000
v -0.800000 -0.600000 0.100000
v -1.800000 0.600000 0.100000
v -1.800000 0.500000 0.100000
v -1.800000 -0.300000 0.100000
v -2.000000 0.600000 0.100000
v -2.000000 -0.200000 0.100000
v -2.000000 -0.300000 0.100000
v -2.100000 0.100000 0.100000
v -2.100000 0.000000 0.100000
v -2.200000 0.700000 0.100000
v -2.200000 0.600000 0.100000
v -2.200000 -0.200000 0.100000
v -2.200000 -0.300000 0.100000
v -2.300000 0.100000 0.100000
v -2.300000 0.000000 0.100000
v -2.300000 -0.200000 0.100000
v -2.400000 0.700000 0.100000
v -2.400000 0.600000 0.100000
v -2.400000 -0.200000 0.100000
v -2.400000 -0.300000 0.100000
v 2.300000 -0.100000 -0.000000
v 2.300000 -0.200000 -0.000000
v 2.200000 0.700000 -0.000000
v 2.200000 0.600000 -0.000000
v 2.200000 -0.200000 -0.000000
v 2.200000 -0.300000 -0.000000
v 2.100000 -0.100000 -0.000000
v 2.100000 -0.200000 -0.000000
v 2.000000 0.700000 -0.000000
v 2.000000 0.600000 -0.000000
v 2.000000 -0.200000 -0.000000
v 2.000000 -0.300000 -0.000000
v 1.700000 0.500000 -0.000000
v 1.700000 0.400000 -0.000000
v 1.700000 0.300000 -0.000000
v 1.700000 0.200000 -0.000000
v 1.700000 0.100000 -0.000000
v 1.700000 -0.000000 -0.000000
v 1.700000 -0.100000 -0.000000
v 1.700000 -0.200000 -0.000000
v 1.500000 0.500000 -0.000000
v 1.500000 0.400000 -0.000000
v 1.500000 0.300000 -0.000000
v 1.500000 0.200000 -0.000000
v 1.500000 0.100000 -0.000000
v 1.500000 -0.000000 -0.000000
v 1.500000 -0.100000 -0.000000
v 1.500000 -0.200000 -0.000000
v 1.000000 0.700000 -0.000000
v 1.000000 0.600000 -0.000000
v 0.900000 0.700000 -0.000000
v 0.900000 0.600000 -0.000000
v 0.700000 -0.500000 -0.000000
v 0.700000 -0.600000 -0.000000
v 0.600000 -0.500000 -0.000000
v 0.600000 -0.600000 -0.000000
v 0.400000 0.400000 -0.000000
v 0.400000 0.300000 -0.000000
v 0.200000 0.400000 -0.000000
v 0.200000 0.300000 -0.000000
v -0.200000 0.400000 -0.000000
v -0.200000 0.300000 -0.000000
v -0.400000 0.400000 -0.000000
v -0.400000 0.300000 -0.000000
v -0.600000 -0.500000 -0.000000
v -0.600000 -0.600000 -0.000000
v -0.700000 -0.500000 -0.000000
v -0.700000 -0.600000 -0.000000
v -0.900000 0.700000 -0.000000
v -0.900000 0.600000 -0.000000
v -1.000000 0.700000 -0.000000
v -1.000000 0.600000 -0.000000
v -1.500000 0.500000 -0.000000
v -1.500000 0.400000 -0.000000
v -1.500000 0.300000 -0.000000
v -1.500000 0.200000 -0.000000
v -1.500000 0.100000 -0.000000
v -1.500000 -0.000000 -0.000000
v -1.500000 -0.100000 -0.000000
v -1.500000 -0.200000 -0.000000
v -1.700000 0.500000 -0.000000
v -1.700000 0.400000 -0.000000
v -1.700000 0.300000 -0.000000
v -1.700000 0.200000 -0.000000
v -1.700000 0.100000 -0.000000
v -1.700000 -0.000000 -0.000000
v -1.700000 -0.100000 -0.000000
v -1.700000 -0.200000 -0.000000
v -2.000000 0.700000 -0.000000
v -2.000000 0.600000 -0.000000
v -2.000000 -0.200000 -0.000000
v -2.000000 -0.300000 -0.000000
v -2.100000 -0.100000 -0.000000
v -2.100000 -0.200000 -0.000000
v -2.200000 0.700000 -0.000000
v -2.200000 0.600000 -0.000000
v -2.200000 -0.200000 -0.000000
v -2.200000 -0.300000 -0.000000
v -2.300000 -0.100000 -0.000000
v -2.300000 -0.200000 -0.000000
v 2.000000 0.700000 -0.100000
v 2.000000 0.600000 -0.100000
v 1.800000 0.700000 -0.100000
v 1.800000 0.600000 -0.100000
v 1.800000 0.500000 -0.100000
v 1.800000 -0.300000 -0.100000
v 1.700000 0.500000 -0.100000
v 1.700000 0.400000 -0.100000
v 1.700000 0.300000 -0.100000
v 1.700000 0.200000 -0.100000
v 1.700000 0.100000 -0.100000
v 1.700000 -0.000000 -0.100000
v 1.700000 -0.100000 -0.100000
v 1.700000 -0.200000 -0.100000
v 1.700000 -0.300000 -0.100000
v 1.500000 0.500000 -0.100000
v 1.500000 0.400000 -0.100000
v 1.500000 0.300000 -0.100000
v 1.500000 0.200000 -0.100000
v 1.500000 0.100000 -0.100000
v 1.500000 -0.000000 -0.100000
v 1.500000 -0.100000 -0.100000
v 1.500000 -0.200000 -0.100000
v 1.500000 -0.300000 -0.100000
v 1.400000 0.500000 -0.100000
v 1.400000 0.400000 -0.100000
v 1.400000 -0.300000 -0.100000
v 0.600000 0.500000 -0.100000
v 0.600000 0.400000 -0.100000
v 0.600000 -0.500000 -0.100000
v 0.600000 -0.600000 -0.100000
v 0.500000 -0.500000 -0.100000
v 0.500000 -0.600000 -0.100000
v 0.400000 0.500000 -0.100000
v 0.400000 0.400000 -0.100000
v 0.400000 0.300000 -0.100000
v 0.400000 -0.100000 -0.100000
v 0.300000 0.200000 -0.100000
v 0.300000 0.100000 -0.100000
v 0.200000 0.300000 -0.100000
v 0.200000 0.200000 -0.100000
v 0.200000 0.100000 -0.100000
v 0.200000 -0.100000 -0.100000
v -0.200000 0.300000 -0.100000
v -0.200000 0.200000 -0.100000
v -0.200000 0.100000 -0.100000
v -0.200000 -0.100000 -0.100000
v -0.300000 0.200000 -0.100000
v -0.300000 0.100000 -0.100000
v -0.400000 0.500000 -0.100000
v -0.400000 0.400000 -0.100000
v -0.400000 0.300000 -0.100000
v -0.400000 -0.100000 -0.100000
v -0.500000 -0.500000 -0.100000
v -0.500000 -0.600000 -0.100000
v -0.600000 0.500000 -0.100000
v -0.600000 0.400000 -0.100000
v -0.600000 -0.500000 -0.100000
v -0.600000 -0.600000 -0.100000
v -1.400000 0.500000 -0.100000
v -1.400000 0.400000 -0.100000
v -1.400000 -0.300000 -0.100000
v -1.500000 0.500000 -0.100000
v -1.500000 0.400000 -0.100000
v -1.500000 0.300000 -0.100000
v -1.500000 0.200000 -0.100000
v -1.500000 0.100000 -0.100000
v -1.500000 -0.000000 -0.100000
v -1.500000 -0.100000 -0.100000
v -1.500000 -0.200000 -0.100000
v -1.500000 -0.300000 -0.100000
v -1.700000 0.500000 -0.100000
v -1.700000 0.400000 -0.100000
v -1.700000 0.300000 -0.100000
v -1.700000 0.200000 -0.100000
v -1.700000 0.100000 -0.100000
v -1.700000 -0.000000 -0.100000
v -1.700000 -0.100000 -0.100000
v -1.700000 -0.200000 -0.100000
v -1.700000 -0.300000 -0.100000
v -1.800000 0.700000 -0.100000
v -1.800000 0.600000 -0.100000
v -1.800000 0.500000 -0.100000
v -1.800000 -0.300000 -0.100000
v -2.000000 0.700000 -0.100000
v -2.000000 0.600000 -0.100000
v 2.000000 -0.300000 -0.200000
v 2.000000 -0.400000 -0.200000
v 1.800000 -0.300000 -0.200000
v 1.800000 -0.400000 -0.200000
v 1.700000 0.400000 -0.200000
v 1.700000 0.300000 -0.200000
v 1.700000 0.200000 -0.200000
v 1.700000 0.100000 -0.200000
v 1.500000 0.400000 -0.200000
v 1.500000 0.300000 -0.200000
v 1.500000 0.200000 -0.200000
v 1.500000 0.100000 -0.200000
v 1.300000 0.400000 -0.200000
v 1.300000 0.300000 -0.200000
v 1.300000 0.200000 -0.200000
v 1.300000 0.100000 -0.200000
v 1.300000 -0.000000 -0.200000
v 1.300000 -0.100000 -0.200000
v 1.300000 -0.200000 -0.200000
v 1.300000 -0.300000 -0.200000
v 1.100000 0.400000 -0.200000
v 1.100000 0.300000 -0.200000
v 1.100000 0.200000 -0.200000
v 1.100000 0.100000 -0.200000
v 1.100000 -0.000000 -0.200000
v 1.100000 -0.100000 -0.200000
v 1.100000 -0.200000 -0.200000
v 1.100000 -0.300000 -0.200000
v 0.600000 0.400000 -0.200000
v 0.600000 0.300000 -0.200000
v 0.500000 -0.500000 -0.200000
v 0.500000 -0.600000 -0.200000
v 0.400000 0.400000 -0.200000
v 0.400000 0.300000 -0.200000
v 0.400000 -0.500000 -0.200000
v 0.400000 -0.600000 -0.200000
v -0.400000 0.400000 -0.200000
v -0.400000 0.300000 -0.200000
v -0.400000 -0.500000 -0.200000
v -0.400000 -0.600000 -0.200000
v -0.500000 -0.500000 -0.200000
v -0.500000 -0.600000 -0.200000
v -0.600000 0.400000 -0.200000
v -0.600000 0.300000 -0.200000
v -1.100000 0.400000 -0.200000
v -1.100000 0.300000 -0.200000
v -1.100000 0.200000 -0.200000
v -1.100000 0.100000 -0.200000
v -1.100000 -0.000000 -0.200000
v -1.100000 -0.100000 -0.200000
v -1.100000 -0.200000 -0.200000
v -1.100000 -0.300000 -0.200000
v -1.300000 0.400000 -0.200000
v -1.300000 0.300000 -0.200000
v -1.300000 0.200000 -0.200000
v -1.300000 0.100000 -0.200000
v -1.300000 -0.000000 -0.200000
v -1.300000 -0.100000 -0.200000
v -1.300000 -0.200000 -0.200000
v -1.300000 -0.300000 -0.200000
v -1.500000 0.400000 -0.200000
v -1.500000 0.300000 -0.200000
v -1.500000 0.200000 -0.200000
v -1.500000 0.100000 -0.200000
v -1.700000 0.400000 -0.200000
v -1.700000 0.300000 -0.200000
v -1.700000 0.200000 -0.200000
v -1.700000 0.100000 -0.200000
v -1.800000 -0.300000 -0.200000
v -1.800000 -0.400000 -0.200000
v -2.000000 -0.300000 -0.200000
v -2.000000 -0.400000 -0.200000
v 1.800000 0.600000 -0.300000
v 1.800000 0.500000 -0.300000
v 1.800000 -0.300000 -0.300000
v 1.800000 -0.400000 -0.300000
v 1.700000 -0.000000 -0.300000
v 1.700000 -0.100000 -0.300000
v 1.700000 -0.300000 -0.300000
v 1.600000 0.600000 -0.300000
v 1.600000 0.500000 -0.300000
v 1.600000 -0.300000 -0.300000
v 1.600000 -0.400000 -0.300000
v 1.500000 -0.000000 -0.300000
v 1.500000 -0.100000 -0.300000
v 1.400000 0.400000 -0.300000
v 1.400000 -0.300000 -0.300000
v 1.400000 -0.400000 -0.300000
v 1.300000 0.400000 -0.300000
v 1.300000 0.300000 -0.300000
v 1.300000 0.200000 -0.300000
v 1.300000 0.100000 -0.300000
v 1.300000 -0.000000 -0.300000
v 1.300000 -0.100000 -0.300000
v 1.300000 -0.200000 -0.300000
v 1.300000 -0.300000 -0.300000
v 1.300000 -0.400000 -0.300000
v 1.100000 0.400000 -0.300000
v 1.100000 0.300000 -0.300000
v 1.100000 0.200000 -0.300000
v 1.100000 0.100000 -0.300000
v 1.100000 -0.000000 -0.300000
v 1.100000 -0.100000 -0.300000
v 1.100000 -0.200000 -0.300000
v 1.100000 -0.300000 -0.300000
v 1.100000 -0.400000 -0.300000
v 1.000000 0.800000 -0.300000
v 1.000000 0.700000 -0.300000
v 1.000000 0.400000 -0.300000
v 1.000000 -0.400000 -0.300000
v 0.900000 0.800000 -0.300000
v 0.900000 0.700000 -0.300000
v 0.600000 0.300000 -0.300000
v 0.600000 -0.100000 -0.300000
v 0.400000 0.300000 -0.300000
v 0.400000 -0.100000 -0.300000
v -0.400000 0.300000 -0.300000
v -0.400000 -0.100000 -0.300000
v -0.600000 0.300000 -0.300000
v -0.600000 -0.100000 -0.300000
v -0.900000 0.800000 -0.300000
v -0.900000 0.700000 -0.300000
v -1.000000 0.800000 -0.300000
v -1.000000 0.700000 -0.300000
v -1.000000 0.400000 -0.300000
v -1.000000 -0.400000 -0.300000
v -1.100000 0.400000 -0.300000
v -1.100000 0.300000 -0.300000
v -1.100000 0.200000 -0.300000
v -1.100000 0.100000 -0.300000
v -1.100000 -0.000000 -0.300000
v -1.100000 -0.100000 -0.300000
v -1.100000 -0.200000 -0.300000
v -1.100000 -0.300000 -0.300000
v -1.100000 -0.400000 -0.300000
v -1.300000 0.400000 -0.300000
v -1.300000 0.300000 -0.300000
v -1.300000 0.200000 -0.300000
v -1.300000 0.100000 -0.300000
v -1.300000 -0.000000 -0.300000
v -1.300000 -0.100000 -0.300000
v -1.300000 -0.200000 -0.300000
v -1.300000 -0.300000 -0.300000
v -1.300000 -0.400000 -0.300000
v -1.400000 0.400000 -0.300000
v -1.400000 -0.300000 -0.300000
v -1.400000 -0.400000 -0.300000
v -1.500000 -0.000000 -0.300000
v -1.500000 -0.100000 -0.300000
v -1.600000 0.600000 -0.300000
v -1.600000 0.500000 -0.300000
v -1.600000 -0.300000 -0.300000
v -1.600000 -0.400000 -0.300000
v -1.700000 -0.000000 -0.300000
v -1.700000 -0.100000 -0.300000
v -1.700000 -0.300000 -0.300000
v -1.800000 0.600000 -0.300000
v -1.800000 0.500000 -0.300000
v -1.800000 -0.300000 -0.300000
v -1.800000 -0.400000 -0.300000
v 1.700000 -0.200000 -0.400000
v 1.700000 -0.300000 -0.400000
v 1.600000 0.600000 -0.400000
v 1.600000 0.500000 -0.400000
v 1.600000 -0.300000 -0.400000
v 1.600000 -0.400000 -0.400000
v 1.500000 -0.200000 -0.400000
v 1.500000 -0.300000 -0.400000
v 1.400000 0.600000 -0.400000
v 1.400000 0.500000 -0.400000
v 1.400000 -0.300000 -0.400000
v 1.400000 -0.400000 -0.400000
v 1.300000 0.300000 -0.400000
v 1.300000 0.200000 -0.400000
v 1.300000 0.100000 -0.400000
v 1.300000 -0.000000 -0.400000
v 1.100000 0.300000 -0.400000
v 1.100000 0.200000 -0.400000
v 1.100000 0.100000 -0.400000
v 1.100000 -0.000000 -0.400000
v -1.100000 0.300000 -0.400000
v -1.100000 0.200000 -0.400000
v -1.100000 0.100000 -0.400000
v -1.100000 -0.000000 -0.400000
v -1.300000 0.300000 -0.400000
v -1.300000 0.200000 -0.400000
v -1.300000 0.100000 -0.400000
v -1.300000 -0.000000 -0.400000
v -1.400000 0.600000 -0.400000
v -1.400000 0.500000 -0.400000
v -1.400000 -0.300000 -0.400000
v -1.400000 -0.400000 -0.400000
v -1.500000 -0.200000 -0.400000
v -1.500000 -0.300000 -0.400000
v -1.600000 0.600000 -0.400000
v -1.600000 0.500000 -0.400000
v -1.600000 -0.300000 -0.400000
v -1.600000 -0.400000 -0.400000
v -1.700000 -0.200000 -0.400000
v -1.700000 -0.300000 -0.400000
v 1.400000 0.500000 -0.500000
v 1.400000 0.400000 -0.500000
v 1.400000 -0.400000 -0.500000
v 1.400000 -0.500000 -0.500000
v 1.300000 -0.100000 -0.500000
v 1.300000 -0.200000 -0.500000
v 1.300000 -0.400000 -0.500000
v 1.200000 0.500000 -0.500000
v 1.200000 0.400000 -0.500000
v 1.200000 -0.400000 -0.500000
v 1.200000 -0.500000 -0.500000
v 1.100000 -0.100000 -0.500000
v 1.100000 -0.200000 -0.500000
v 1.000000 0.400000 -0.500000
v 1.000000 -0.400000 -0.500000
v 0.900000 0.200000 -0.500000
v 0.900000 0.100000 -0.500000
v 0.900000 -0.100000 -0.500000
v 0.900000 -0.200000 -0.500000
v 0.800000 0.200000 -0.500000
v 0.800000 0.100000 -0.500000
v 0.800000 -0.100000 -0.500000
v 0.800000 -0.200000 -0.500000
v 0.700000 0.400000 -0.500000
v 0.700000 -0.400000 -0.500000
v -0.700000 0.400000 -0.500000
v -0.700000 -0.400000 -0.500000
v -0.800000 0.200000 -0.500000
v -0.800000 0.100000 -0.500000
v -0.800000 -0.100000 -0.500000
v -0.800000 -0.200000 -0.500000
v -0.900000 0.200000 -0.500000
v -0.900000 0.100000 -0.500000
v -0.900000 -0.100000 -0.500000
v -0.900000 -0.200000 -0.500000
v -1.000000 0.400000 -0.500000
v -1.000000 -0.400000 -0.500000
v -1.100000 -0.100000 -0.500000
v -1.100000 -0.200000 -0.500000
v -1.200000 0.500000 -0.500000
v -1.200000 0.400000 -0.500000
v -1.200000 -0.400000 -0.500000
v -1.200000 -0.500000 -0.500000
v -1.300000 -0.100000 -0.500000
v -1.300000 -0.200000 -0.500000
v -1.300000 -0.400000 -0.500000
v -1.400000 0.500000 -0.500000
v -1.400000 0.400000 -0.500000
v -1.400000 -0.400000 -0.500000
v -1.400000 -0.500000 -0.500000
v 1.300000 -0.300000 -0.600000
v 1.300000 -0.400000 -0.600000
v 1.200000 0.500000 -0.600000
v 1.200000 0.400000 -0.600000
v 1.200000 -0.400000 -0.600000
v 1.200000 -0.500000 -0.600000
v 1.100000 -0.300000 -0.600000
v 1.100000 -0.400000 -0.600000
v 1.000000 0.500000 -0.600000
v 1.000000 0.400000 -0.600000
v 1.000000 -0.400000 -0.600000
v 1.000000 -0.500000 -0.600000
v 0.500000 -0.600000 -0.600000
v 0.500000 -0.700000 -0.600000
v 0.400000 -0.600000 -0.600000
v 0.400000 -0.700000 -0.600000
v 0.400000 -0.800000 -0.600000
v 0.300000 -0.700000 -0.600000
v 0.300000 -0.800000 -0.600000
v 0.300000 -0.900000 -0.600000
v -0.300000 -0.700000 -0.600000
v -0.300000 -0.800000 -0.600000
v -0.300000 -0.900000 -0.600000
v -0.400000 -0.600000 -0.600000
v -0.400000 -0.700000 -0.600000
v -0.400000 -0.800000 -0.600000
v -0.500000 -0.600000 -0.600000
v -0.500000 -0.700000 -0.600000
v -1.000000 0.500000 -0.600000
v -1.000000 0.400000 -0.600000
v -1.000000 -0.400000 -0.600000
v -1.000000 -0.500000 -0.600000
v -1.100000 -0.300000 -0.600000
v -1.100000 -0.400000 -0.600000
v -1.200000 0.500000 -0.600000
v -1.200000 0.400000 -0.600000
v -1.200000 -0.400000 -0.600000
v -1.200000 -0.500000 -0.600000
v -1.300000 -0.300000 -0.600000
v -1.300000 -0.400000 -0.600000
v 1.000000 0.500000 -0.700000
v 1.000000 0.400000 -0.700000
v 1.000000 -0.400000 -0.700000
v 1.000000 -0.500000 -0.700000
v 0.900000 -0.500000 -0.700000
v 0.800000 0.500000 -0.700000
v 0.800000 0.400000 -0.700000
v 0.800000 -0.400000 -0.700000
v 0.800000 -0.500000 -0.700000
v 0.800000 -0.600000 -0.700000
v 0.700000 -0.500000 -0.700000
v 0.700000 -0.600000 -0.700000
v -0.700000 -0.500000 -0.700000
v -0.700000 -0.600000 -0.700000
v -0.800000 0.500000 -0.700000
v -0.800000 0.400000 -0.700000
v -0.800000 -0.400000 -0.700000
v -0.800000 -0.500000 -0.700000
v -0.800000 -0.600000 -0.700000
v -0.900000 -0.500000 -0.700000
v -1.000000 0.500000 -0.700000
v -1.000000 0.400000 -0.700000
v -1.000000 -0.400000 -0.700000
v -1.000000 -0.500000 -0.700000
v 0.800000 0.500000 -0.800000
v 0.800000 0.400000 -0.800000
v 0.800000 -0.100000 -0.800000
v 0.800000 -0.200000 -0.800000
v 0.700000 -0.100000 -0.800000
v 0.700000 -0.200000 -0.800000
v 0.600000 0.500000 -0.800000
v 0.600000 0.400000 -0.800000
v -0.600000 0.500000 -0.800000
v -0.600000 0.400000 -0.800000
v -0.700000 -0.100000 -0.800000
v -0.700000 -0.200000 -0.800000
v -0.800000 0.500000 -0.800000
v -0.800000 0.400000 -0.800000
v -0.800000 -0.100000 -0.800000
v -0.800000 -0.200000 -0.800000
v 0.800000 0.400000 -0.900000
v 0.800000 0.200000 -0.900000
v 0.800000 -0.300000 -0.900000
v 0.800000 -0.400000 -0.900000
v 0.700000 0.200000 -0.900000
v 0.700000 -0.000000 -0.900000
v 0.700000 -0.100000 -0.900000
v 0.700000 -0.200000 -0.900000
v 0.700000 -0.300000 -0.900000
v 0.700000 -0.400000 -0.900000
v 0.700000 -0.500000 -0.900000
v 0.700000 -0.600000 -0.900000
v 0.600000 0.400000 -0.900000
v 0.600000 0.100000 -0.900000
v 0.600000 -0.600000 -0.900000
v 0.300000 -0.800000 -0.900000
v 0.300000 -0.900000 -0.900000
v 0.200000 -0.800000 -0.900000
v 0.200000 -0.900000 -0.900000
v -0.200000 -0.800000 -0.900000
v -0.200000 -0.900000 -0.900000
v -0.300000 -0.800000 -0.900000
v -0.300000 -0.900000 -0.900000
v -0.600000 0.400000 -0.900000
v -0.600000 0.100000 -0.900000
v -0.600000 -0.600000 -0.900000
v -0.700000 0.200000 -0.900000
v -0.700000 -0.000000 -0.900000
v -0.700000 -0.100000 -0.900000
v -0.700000 -0.200000 -0.900000
v -0.700000 -0.300000 -0.900000
v -0.700000 -0.400000 -0.900000
v -0.700000 -0.500000 -0.900000
v -0.700000 -0.600000 -0.900000
v -0.800000 0.400000 -0.900000
v -0.800000 0.200000 -0.900000
v -0.800000 -0.300000 -0.900000
v -0.800000 -0.400000 -0.900000
v 0.800000 0.200000 -1.000000
v 0.800000 -0.000000 -1.000000
v 0.800000 -0.100000 -1.000000
v 0.700000 0.200000 -1.000000
v 0.700000 -0.000000 -1.000000
v 0.700000 -0.100000 -1.000000
v -0.700000 0.200000 -1.000000
v -0.700000 -0.000000 -1.000000
v -0.700000 -0.100000 -1.000000
v -0.800000 0.200000 -1.000000
v -0.800000 -0.000000 -1.000000
v -0.800000 -0.100000 -1.000000
v 0.800000 -0.200000 -1.100000
v 0.800000 -0.300000 -1.100000
v 0.700000 -0.200000 -1.100000
v 0.700000 -0.300000 -1.100000
v 0.200000 -0.800000 -1.100000
v 0.200000 -0.900000 -1.100000
v 0.100000 -0.800000 -1.100000
v -0.100000 -0.800000 -1.100000
v -0.200000 -0.800000 -1.100000
v -0.200000 -0.900000 -1.100000
v -0.700000 -0.200000 -1.100000
v -0.700000 -0.300000 -1.100000
v -0.800000 -0.200000 -1.100000
v -0.800000 -0.300000 -1.100000
v 0.800000 -0.400000 -1.200000
v 0.800000 -0.500000 -1.200000
v 0.700000 -0.400000 -1.200000
v 0.700000 -0.500000 -1.200000
v 0.200000 -0.000000 -1.200000
v 0.200000 -0.400000 -1.200000
v 0.100000 -0.100000 -1.200000
v 0.100000 -0.300000 -1.200000
v -0.100000 -0.100000 -1.200000
v -0.100000 -0.300000 -1.200000
v -0.200000 -0.000000 -1.200000
v -0.200000 -0.400000 -1.200000
v -0.700000 -0.400000 -1.200000
v -0.700000 -0.500000 -1.200000
v -0.800000 -0.400000 -1.200000
v -0.800000 -0.500000 -1.200000
v 1.000000 -0.600000 -1.300000
v 1.000000 -0.700000 -1.300000
v 0.900000 -0.500000 -1.300000
v 0.900000 -0.600000 -1.300000
v 0.900000 -0.700000 -1.300000
v 0.800000 -0.500000 -1.300000
v 0.800000 -0.600000 -1.300000
v 0.500000 0.200000 -1.300000
v 0.500000 0.100000 -1.300000
v 0.500000 -0.000000 -1.300000
v 0.500000 -0.100000 -1.300000
v 0.500000 -0.600000 -1.300000
v 0.400000 0.200000 -1.300000
v 0.400000 0.100000 -1.300000
v 0.400000 -0.700000 -1.300000
v 0.400000 -0.800000 -1.300000
v 0.300000 -0.000000 -1.300000
v 0.300000 -0.400000 -1.300000
v 0.300000 -0.700000 -1.300000
v 0.300000 -0.800000 -1.300000
v 0.200000 0.300000 -1.300000
v 0.200000 0.200000 -1.300000
v 0.200000 0.100000 -1.300000
v 0.200000 -0.000000 -1.300000
v 0.200000 -0.400000 -1.300000
v 0.200000 -0.500000 -1.300000
v -0.200000 0.300000 -1.300000
v -0.200000 0.200000 -1.300000
v -0.200000 0.100000 -1.300000
v -0.200000 -0.000000 -1.300000
v -0.200000 -0.400000 -1.300000
v -0.200000 -0.500000 -1.300000
v -0.300000 -0.000000 -1.300000
v -0.300000 -0.400000 -1.300000
v -0.300000 -0.700000 -1.300000
v -0.300000 -0.800000 -1.300000
v -0.400000 0.200000 -1.300000
v -0.400000 0.100000 -1.300000
v -0.400000 -0.700000 -1.300000
v -0.400000 -0.800000 -1.300000
v -0.500000 0.200000 -1.300000
v -0.500000 0.100000 -1.300000
v -0.500000 -0.000000 -1.300000
v -0.500000 -0.100000 -1.300000
v -0.500000 -0.600000 -1.300000
v -0.800000 -0.500000 -1.300000
v -0.800000 -0.600000 -1.300000
v -0.900000 -0.500000 -1.300000
v -0.900000 -0.600000 -1.300000
v -0.900000 -0.700000 -1.300000
v -1.000000 -0.600000 -1.300000
v -1.000000 -0.700000 -1.300000
v 1.100000 -0.700000 -1.400000
v 1.100000 -0.800000 -1.400000
v 1.000000 -0.700000 -1.400000
v 1.000000 -0.800000 -1.400000
v 0.600000 -0.100000 -1.400000
v 0.600000 -0.200000 -1.400000
v 0.500000 -0.100000 -1.400000
v 0.500000 -0.200000 -1.400000
v 0.400000 0.300000 -1.400000
v 0.400000 0.200000 -1.400000
v 0.200000 0.300000 -1.400000
v 0.200000 0.200000 -1.400000
v 0.200000 0.100000 -1.400000
v -0.200000 0.300000 -1.400000
v -0.200000 0.200000 -1.400000
v -0.200000 0.100000 -1.400000
v -0.400000 0.300000 -1.400000
v -0.400000 0.200000 -1.400000
v -0.500000 -0.100000 -1.400000
v -0.500000 -0.200000 -1.400000
v -0.600000 -0.100000 -1.400000
v -0.600000 -0.200000 -1.400000
v -1.000000 -0.700000 -1.400000
v -1.000000 -0.800000 -1.400000
v -1.100000 -0.700000 -1.400000
v -1.100000 -0.800000 -1.400000
v 1.200000 -0.800000 -1.500000
v 1.200000 -0.900000 -1.500000
v 1.100000 -0.800000 -1.500000
v 1.100000 -0.900000 -1.500000
v 0.600000 0.300000 -1.500000
v 0.600000 0.100000 -1.500000
v 0.600000 -0.300000 -1.500000
v 0.600000 -0.400000 -1.500000
v 0.500000 0.300000 -1.500000
v 0.500000 0.100000 -1.500000
v 0.500000 -0.300000 -1.500000
v 0.500000 -0.400000 -1.500000
v 0.400000 0.200000 -1.500000
v 0.400000 0.100000 -1.500000
v 0.300000 -0.700000 -1.500000
v 0.300000 -0.800000 -1.500000
v 0.200000 0.200000 -1.500000
v 0.200000 0.100000 -1.500000
v 0.200000 -0.700000 -1.500000
v 0.200000 -0.800000 -1.500000
v 0.100000 -0.700000 -1.500000
v 0.100000 -0.800000 -1.500000
v -0.100000 -0.700000 -1.500000
v -0.100000 -0.800000 -1.500000
v -0.200000 0.200000 -1.500000
v -0.200000 0.100000 -1.500000
v -0.200000 -0.700000 -1.500000
v -0.200000 -0.800000 -1.500000
v -0.300000 -0.700000 -1.500000
v -0.300000 -0.800000 -1.500000
v -0.400000 0.200000 -1.500000
v -0.400000 0.100000 -1.500000
v -0.500000 0.300000 -1.500000
v -0.500000 0.100000 -1.500000
v -0.500000 -0.300000 -1.500000
v -0.500000 -0.400000 -1.500000
v -0.600000 0.300000 -1.500000
v -0.600000 0.100000 -1.500000
v -0.600000 -0.300000 -1.500000
v -0.600000 -0.400000 -1.500000
v -1.100000 -0.800000 -1.500000
v -1.100000 -0.900000 -1.500000
v -1.200000 -0.800000 -1.500000
v -1.200000 -0.900000 -1.500000
v 0.600000 0.100000 -1.600000
v 0.600000 -0.000000 -1.600000
v 0.600000 -0.100000 -1.600000
v 0.600000 -0.500000 -1.600000
v 0.600000 -0.600000 -1.600000
v 0.500000 0.100000 -1.600000
v 0.500000 -0.000000 -1.600000
v 0.500000 -0.100000 -1.600000
v 0.500000 -0.500000 -1.600000
v 0.500000 -0.600000 -1.600000
v 0.400000 -0.600000 -1.600000
v 0.400000 -0.700000 -1.600000
v 0.300000 -0.000000 -1.600000
v 0.300000 -0.400000 -1.600000
v 0.200000 0.100000 -1.600000
v 0.200000 -0.000000 -1.600000
v 0.200000 -0.400000 -1.600000
v 0.200000 -0.500000 -1.600000
v 0.200000 -0.600000 -1.600000
v 0.200000 -0.700000 -1.600000
v 0.100000 -0.600000 -1.600000
v 0.100000 -0.700000 -1.600000
v -0.100000 -0.600000 -1.600000
v -0.100000 -0.700000 -1.600000
v -0.200000 0.100000 -1.600000
v -0.200000 -0.000000 -1.600000
v -0.200000 -0.400000 -1.600000
v -0.200000 -0.500000 -1.600000
v -0.200000 -0.600000 -1.600000
v -0.200000 -0.700000 -1.600000
v -0.300000 -0.000000 -1.600000
v -0.300000 -0.400000 -1.600000
v -0.400000 -0.600000 -1.600000
v -0.400000 -0.700000 -1.600000
v -0.500000 0.100000 -1.600000
v -0.500000 -0.000000 -1.600000
v -0.500000 -0.100000 -1.600000
v -0.500000 -0.500000 -1.600000
v -0.500000 -0.600000 -1.600000
v -0.600000 0.100000 -1.600000
v -0.600000 -0.000000 -1.600000
v -0.600000 -0.100000 -1.600000
v -0.600000 -0.500000 -1.600000
v -0.600000 -0.600000 -1.600000
v 0.600000 -0.200000 -1.700000
v 0.600000 -0.300000 -1.700000
v 0.500000 -0.200000 -1.700000
v 0.500000 -0.300000 -1.700000
v 0.500000 -0.600000 -1.700000
v 0.500000 -0.700000 -1.700000
v 0.400000 -0.600000 -1.700000
v 0.400000 -0.700000 -1.700000
v 0.200000 -0.000000 -1.700000
v 0.200000 -0.400000 -1.700000
v 0.100000 -0.100000 -1.700000
v 0.100000 -0.300000 -1.700000
v -0.100000 -0.100000 -1.700000
v -0.100000 -0.300000 -1.700000
v -0.200000 -0.000000 -1.700000
v -0.200000 -0.400000 -1.700000
v -0.400000 -0.600000 -1.700000
v -0.400000 -0.700000 -1.700000
v -0.500000 -0.200000 -1.700000
v -0.500000 -0.300000 -1.700000
v -0.500000 -0.600000 -1.700000
v -0.500000 -0.700000 -1.700000
v -0.600000 -0.200000 -1.700000
v -0.600000 -0.300000 -1.700000
v 0.600000 -0.400000 -1.800000
v 0.600000 -0.500000 -1.800000
v 0.500000 -0.400000 -1.800000
v 0.500000 -0.500000 -1.800000
v -0.500000 -0.400000 -1.800000
v -0.500000 -0.500000 -1.800000
v -0.600000 -0.400000 -1.800000
v -0.600000 -0.500000 -1.800000
v 0.600000 -0.600000 -1.900000
v 0.600000 -0.800000 -1.900000
v 0.600000 -0.900000 -1.900000
v 0.500000 -0.600000 -1.900000
v 0.500000 -0.800000 -1.900000
v 0.500000 -0.900000 -1.900000
v 0.300000 -0.000000 -1.900000
v 0.300000 -0.400000 -1.900000
v 0.200000 0.100000 -1.900000
v 0.200000 -0.000000 -1.900000
v 0.200000 -0.400000 -1.900000
v 0.200000 -0.500000 -1.900000
v -0.200000 0.100000 -1.900000
v -0.200000 -0.000000 -1.900000
v -0.200000 -0.400000 -1.900000
v -0.200000 -0.500000 -1.900000
v -0.300000 -0.000000 -1.900000
v -0.300000 -0.400000 -1.900000
v -0.500000 -0.600000 -1.900000
v -0.500000 -0.800000 -1.900000
v -0.500000 -0.900000 -1.900000
v -0.600000 -0.600000 -1.900000
v -0.600000 -0.800000 -1.900000
v -0.600000 -0.900000 -1.900000
v 2.300000 1.000000 1.100000
v 2.200000 1.000000 1.100000
v -2.200000 1.000000 1.100000
v -2.300000 1.000000 1.100000
v 2.300000 1.000000 0.300000
v 2.200000 1.000000 0.300000
v -2.200000 1.000000 0.300000
v -2.300000 1.000000 0.300000
v 2.300000 1.000000 0.200000
v 2.200000 1.000000 0.200000
v -2.200000 1.000000 0.200000
v -2.300000 1.000000 0.200000
v 2.300000 0.900000 1.400000
v 2.200000 0.900000 1.400000
v -2.200000 0.900000 1.400000
v -2.300000 0.900000 1.400000
v 2.300000 0.900000 1.100000
v 2.200000 0.900000 1.100000
v -2.200000 0.900000 1.100000
v -2.300000 0.900000 1.100000
v 2.300000 0.800000 1.700000
v 2.200000 0.800000 1.700000
v -2.200000 0.800000 1.700000
v -2.300000 0.800000 1.700000
v 2.300000 0.800000 1.400000
v 2.200000 0.800000 1.400000
v -2.200000 0.800000 1.400000
v -2.300000 0.800000 1.400000
v 3.000000 0.800000 1.000000
v 2.900000 0.800000 1.000000
v 2.800000 0.800000 1.000000
v -2.800000 0.800000 1.000000
v -2.900000 0.800000 1.000000
v -3.000000 0.800000 1.000000
v 1.000000 0.800000 0.700000
v 0.900000 0.800000 0.700000
v -0.900000 0.800000 0.700000
v -1.000000 0.800000 0.700000
v 3.000000 0.800000 0.600000
v 2.900000 0.800000 0.600000
v 2.800000 0.800000 0.600000
v -2.800000 0.800000 0.600000
v -2.900000 0.800000 0.600000
v -3.000000 0.800000 0.600000
v 1.000000 0.800000 -0.200000
v 0.900000 0.800000 -0.200000
v -0.900000 0.800000 -0.200000
v -1.000000 0.800000 -0.200000
v 1.000000 0.800000 -0.300000
v 0.900000 0.800000 -0.300000
v -0.900000 0.800000 -0.300000
v -1.000000 0.800000 -0.300000
v 2.400000 0.700000 2.400000
v 1.800000 0.700000 2.400000
v -1.800000 0.700000 2.400000
v -2.400000 0.700000 2.400000
v 2.500000 0.700000 2.200000
v 2.400000 0.700000 2.200000
v -2.400000 0.700000 2.200000
v -2.500000 0.700000 2.200000
v 2.600000 0.700000 2.000000
v 2.500000 0.700000 2.000000
v -2.500000 0.700000 2.000000
v -2.600000 0.700000 2.000000
v 2.300000 0.700000 1.700000
v 2.200000 0.700000 1.700000
v -2.200000 0.700000 1.700000
v -2.300000 0.700000 1.700000
v 2.700000 0.700000 1.600000
v 2.600000 0.700000 1.600000
v 1.900000 0.700000 1.600000
v 1.800000 0.700000 1.600000
v -1.800000 0.700000 1.600000
v -1.900000 0.700000 1.600000
v -2.600000 0.700000 1.600000
v -2.700000 0.700000 1.600000
v 2.000000 0.700000 1.500000
v 1.900000 0.700000 1.500000
v 1.800000 0.700000 1.500000
v -1.800000 0.700000 1.500000
v -1.900000 0.700000 1.500000
v -2.000000 0.700000 1.500000
v 2.800000 0.700000 1.400000
v 2.700000 0.700000 1.400000
v -2.700000 0.700000 1.400000
v -2.800000 0.700000 1.400000
v 2.900000 0.700000 1.100000
v 2.800000 0.700000 1.100000
v -2.800000 0.700000 1.100000
v -2.900000 0.700000 1.100000
v 2.900000 0.700000 1.000000
v 2.800000 0.700000 1.000000
v 1.000000 0.700000 1.000000
v 0.900000 0.700000 1.000000
v -0.900000 0.700000 1.000000
v -1.000000 0.700000 1.000000
v -2.800000 0.700000 1.000000
v -2.900000 0.700000 1.000000
v 2.000000 0.700000 0.900000
v 1.900000 0.700000 0.900000
v 1.800000 0.700000 0.900000
v -1.800000 0.700000 0.900000
v -1.900000 0.700000 0.900000
v -2.000000 0.700000 0.900000
v 2.300000 0.700000 0.800000
v 2.200000 0.700000 0.800000
v -2.200000 0.700000 0.800000
v -2.300000 0.700000 0.800000
v 1.900000 0.700000 0.700000
v 1.800000 0.700000 0.700000
v 1.000000 0.700000 0.700000
v 0.900000 0.700000 0.700000
v -0.900000 0.700000 0.700000
v -1.000000 0.700000 0.700000
v -1.800000 0.700000 0.700000
v -1.900000 0.700000 0.700000
v 2.900000 0.700000 0.600000
v 2.800000 0.700000 0.600000
v -2.800000 0.700000 0.600000
v -2.900000 0.700000 0.600000
v 2.900000 0.700000 0.500000
v 2.800000 0.700000 0.500000
v -2.800000 0.700000 0.500000
v -2.900000 0.700000 0.500000
v 2.800000 0.700000 0.300000
v 2.600000 0.700000 0.300000
v -2.600000 0.700000 0.300000
v -2.800000 0.700000 0.300000
v 2.600000 0.700000 0.200000
v 2.400000 0.700000 0.200000
v -2.400000 0.700000 0.200000
v -2.600000 0.700000 0.200000
v 2.400000 0.700000 0.100000
v 2.200000 0.700000 0.100000
v -2.200000 0.700000 0.100000
v -2.400000 0.700000 0.100000
v 2.200000 0.700000 -0.000000
v 2.000000 0.700000 -0.000000
v -2.000000 0.700000 -0.000000
v -2.200000 0.700000 -0.000000
v 2.000000 0.700000 -0.100000
v 1.800000 0.700000 -0.100000
v -1.800000 0.700000 -0.100000
v -2.000000 0.700000 -0.100000
v 2.400000 0.600000 2.500000
v 2.200000 0.600000 2.500000
v 2.100000 0.600000 2.500000
v 1.800000 0.600000 2.500000
v -1.800000 0.600000 2.500000
v -2.100000 0.600000 2.500000
v -2.200000 0.600000 2.500000
v -2.400000 0.600000 2.500000
v 2.400000 0.600000 2.400000
v 2.200000 0.600000 2.400000
v 2.100000 0.600000 2.400000
v 1.800000 0.600000 2.400000
v -1.800000 0.600000 2.400000
v -2.100000 0.600000 2.400000
v -2.200000 0.600000 2.400000
v -2.400000 0.600000 2.400000
v 2.500000 0.600000 2.300000
v 2.400000 0.600000 2.300000
v 1.800000 0.600000 2.300000
v 1.600000 0.600000 2.300000
v -1.600000 0.600000 2.300000
v -1.800000 0.600000 2.300000
v -2.400000 0.600000 2.300000
v -2.500000 0.600000 2.300000
v 2.500000 0.600000 2.200000
v 2.400000 0.600000 2.200000
v 1.600000 0.600000 2.200000
v 1.400000 0.600000 2.200000
v -1.400000 0.600000 2.200000
v -1.600000 0.600000 2.200000
v -2.400000 0.600000 2.200000
v -2.500000 0.600000 2.200000
v 2.600000 0.600000 2.100000
v 2.500000 0.600000 2.100000
v -2.500000 0.600000 2.100000
v -2.600000 0.600000 2.100000
v 2.600000 0.600000 2.000000
v 2.500000 0.600000 2.000000
v -2.500000 0.600000 2.000000
v -2.600000 0.600000 2.000000
v 2.700000 0.600000 1.700000
v 2.600000 0.600000 1.700000
v -2.600000 0.600000 1.700000
v -2.700000 0.600000 1.700000
v 2.700000 0.600000 1.600000
v 2.600000 0.600000 1.600000
v 1.900000 0.600000 1.600000
v 1.800000 0.600000 1.600000
v 1.400000 0.600000 1.600000
v -1.400000 0.600000 1.600000
v -1.800000 0.600000 1.600000
v -1.900000 0.600000 1.600000
v -2.600000 0.600000 1.600000
v -2.700000 0.600000 1.600000
v 2.800000 0.600000 1.500000
v 2.700000 0.600000 1.500000
v 2.000000 0.600000 1.500000
v 1.900000 0.600000 1.500000
v 1.800000 0.600000 1.500000
v 1.400000 0.600000 1.500000
v -1.400000 0.600000 1.500000
v -1.800000 0.600000 1.500000
v -1.900000 0.600000 1.500000
v -2.000000 0.600000 1.500000
v -2.700000 0.600000 1.500000
v -2.800000 0.600000 1.500000
v 2.800000 0.600000 1.400000
v 2.700000 0.600000 1.400000
v -2.700000 0.600000 1.400000
v -2.800000 0.600000 1.400000
v 1.000000 0.600000 1.300000
v 0.900000 0.600000 1.300000
v -0.900000 0.600000 1.300000
v -1.000000 0.600000 1.300000
v 1.000000 0.600000 1.000000
v 0.900000 0.600000 1.000000
v -0.900000 0.600000 1.000000
v -1.000000 0.600000 1.000000
v 2.000000 0.600000 0.900000
v 1.900000 0.600000 0.900000
v 1.800000 0.600000 0.900000
v -1.800000 0.600000 0.900000
v -1.900000 0.600000 0.900000
v -2.000000 0.600000 0.900000
v 1.900000 0.600000 0.700000
v 1.800000 0.600000 0.700000
v 1.400000 0.600000 0.700000
v -1.400000 0.600000 0.700000
v -1.800000 0.600000 0.700000
v -1.900000 0.600000 0.700000
v 1.800000 0.600000 0.600000
v 1.400000 0.600000 0.600000
v -1.400000 0.600000 0.600000
v -1.800000 0.600000 0.600000
v 1.800000 0.600000 -0.100000
v -1.800000 0.600000 -0.100000
v 1.800000 0.600000 -0.300000
v 1.600000 0.600000 -0.300000
v -1.600000 0.600000 -0.300000
v -1.800000 0.600000 -0.300000
v 1.600000 0.600000 -0.400000
v 1.400000 0.600000 -0.400000
v -1.400000 0.600000 -0.400000
v -1.600000 0.600000 -0.400000
v 1.800000 0.500000 2.400000
v 1.600000 0.500000 2.400000
v -1.600000 0.500000 2.400000
v -1.800000 0.500000 2.400000
v 1.800000 0.500000 2.300000
v 1.600000 0.500000 2.300000
v 1.400000 0.500000 2.300000
v -1.400000 0.500000 2.300000
v -1.600000 0.500000 2.300000
v -1.800000 0.500000 2.300000
v 1.600000 0.500000 2.200000
v 1.400000 0.500000 2.200000
v 1.000000 0.500000 2.200000
v -1.000000 0.500000 2.200000
v -1.400000 0.500000 2.200000
v -1.600000 0.500000 2.200000
v 1.000000 0.500000 2.100000
v 0.800000 0.500000 2.100000
v -0.800000 0.500000 2.100000
v -1.000000 0.500000 2.100000
v 0.800000 0.500000 2.000000
v 0.600000 0.500000 2.000000
v -0.600000 0.500000 2.000000
v -0.800000 0.500000 2.000000
v 0.600000 0.500000 1.900000
v 0.500000 0.500000 1.900000
v -0.500000 0.500000 1.900000
v -0.600000 0.500000 1.900000
v 0.500000 0.500000 1.800000
v 0.400000 0.500000 1.800000
v -0.400000 0.500000 1.800000
v -0.500000 0.500000 1.800000
v 1.800000 0.500000 1.600000
v 1.400000 0.500000 1.600000
v 1.300000 0.500000 1.600000
v 0.400000 0.500000 1.600000
v 0.300000 0.500000 1.600000
v -0.300000 0.500000 1.600000
v -0.400000 0.500000 1.600000
v -1.300000 0.500000 1.600000
v -1.400000 0.500000 1.600000
v -1.800000 0.500000 1.600000
v 1.800000 0.500000 1.500000
v 1.400000 0.500000 1.500000
v 1.300000 0.500000 1.500000
v 1.200000 0.500000 1.500000
v -1.200000 0.500000 1.500000
v -1.300000 0.500000 1.500000
v -1.400000 0.500000 1.500000
v -1.800000 0.500000 1.500000
v 1.000000 0.500000 1.300000
v 0.900000 0.500000 1.300000
v -0.900000 0.500000 1.300000
v -1.000000 0.500000 1.300000
v 0.300000 0.500000 1.200000
v 0.200000 0.500000 1.200000
v -0.200000 0.500000 1.200000
v -0.300000 0.500000 1.200000
v 1.400000 0.500000 0.900000
v 1.300000 0.500000 0.900000
v 1.200000 0.500000 0.900000
v -1.200000 0.500000 0.900000
v -1.300000 0.500000 0.900000
v -1.400000 0.500000 0.900000
v 1.800000 0.500000 0.700000
v 1.400000 0.500000 0.700000
v 1.300000 0.500000 0.700000
v -1.300000 0.500000 0.700000
v -1.400000 0.500000 0.700000
v -1.800000 0.500000 0.700000
v 1.800000 0.500000 0.600000
v 1.400000 0.500000 0.600000
v 0.200000 0.500000 0.600000
v -0.200000 0.500000 0.600000
v -1.400000 0.500000 0.600000
v -1.800000 0.500000 0.600000
v 2.300000 0.500000 0.400000
v 2.100000 0.500000 0.400000
v -2.100000 0.500000 0.400000
v -2.300000 0.500000 0.400000
v 2.300000 0.500000 0.300000
v 2.100000 0.500000 0.300000
v 1.000000 0.500000 0.300000
v 0.900000 0.500000 0.300000
v 0.200000 0.500000 0.300000
v -0.200000 0.500000 0.300000
v -0.900000 0.500000 0.300000
v -1.000000 0.500000 0.300000
v -2.100000 0.500000 0.300000
v -2.300000 0.500000 0.300000
v 2.300000 0.500000 0.200000
v 2.100000 0.500000 0.200000
v -2.100000 0.500000 0.200000
v -2.300000 0.500000 0.200000
v 0.400000 0.500000 0.100000
v 0.200000 0.500000 0.100000
v -0.200000 0.500000 0.100000
v -0.400000 0.500000 0.100000
v 0.600000 0.500000 -0.100000
v 0.400000 0.500000 -0.100000
v -0.400000 0.500000 -0.100000
v -0.600000 0.500000 -0.100000
v 1.400000 0.500000 -0.400000
v -1.400000 0.500000 -0.400000
v 1.400000 0.500000 -0.500000
v 1.200000 0.500000 -0.500000
v -1.200000 0.500000 -0.500000
v -1.400000 0.500000 -0.500000
v 1.200000 0.500000 -0.600000
v 1.000000 0.500000 -0.600000
v -1.000000 0.500000 -0.600000
v -1.200000 0.500000 -0.600000
v 1.000000 0.500000 -0.700000
v 0.800000 0.500000 -0.700000
v -0.800000 0.500000 -0.700000
v -1.000000 0.500000 -0.700000
v 0.800000 0.500000 -0.800000
v 0.600000 0.500000 -0.800000
v -0.600000 0.500000 -0.800000
v -0.800000 0.500000 -0.800000
v 1.700000 0.400000 2.300000
v 1.600000 0.400000 2.300000
v 1.400000 0.400000 2.300000
v 1.300000 0.400000 2.300000
v 1.200000 0.400000 2.300000
v 1.000000 0.400000 2.300000
v -1.000000 0.400000 2.300000
v -1.200000 0.400000 2.300000
v -1.300000 0.400000 2.300000
v -1.400000 0.400000 2.300000
v -1.600000 0.400000 2.300000
v -1.700000 0.400000 2.300000
v 1.700000 0.400000 2.200000
v 1.600000 0.400000 2.200000
v 1.400000 0.400000 2.200000
v 1.300000 0.400000 2.200000
v 1.200000 0.400000 2.200000
v 1.000000 0.400000 2.200000
v 0.800000 0.400000 2.200000
v -0.800000 0.400000 2.200000
v -1.000000 0.400000 2.200000
v -1.200000 0.400000 2.200000
v -1.300000 0.400000 2.200000
v -1.400000 0.400000 2.200000
v -1.600000 0.400000 2.200000
v -1.700000 0.400000 2.200000
v 1.000000 0.400000 2.100000
v 0.800000 0.400000 2.100000
v 0.600000 0.400000 2.100000
v -0.600000 0.400000 2.100000
v -0.800000 0.400000 2.100000
v -1.000000 0.400000 2.100000
v 0.800000 0.400000 2.000000
v 0.600000 0.400000 2.000000
v 0.500000 0.400000 2.000000
v -0.500000 0.400000 2.000000
v -0.600000 0.400000 2.000000
v -0.800000 0.400000 2.000000
v 0.600000 0.400000 1.900000
v 0.500000 0.400000 1.900000
v 0.400000 0.400000 1.900000
v -0.400000 0.400000 1.900000
v -0.500000 0.400000 1.900000
v -0.600000 0.400000 1.900000
v 0.500000 0.400000 1.800000
v 0.400000 0.400000 1.800000
v -0.400000 0.400000 1.800000
v -0.500000 0.400000 1.800000
v 0.400000 0.400000 1.700000
v 0.300000 0.400000 1.700000
v -0.300000 0.400000 1.700000
v -0.400000 0.400000 1.700000
v 1.400000 0.400000 1.600000
v 1.300000 0.400000 1.600000
v 0.400000 0.400000 1.600000
v 0.300000 0.400000 1.600000
v -0.300000 0.400000 1.600000
v -0.400000 0.400000 1.600000
v -1.300000 0.400000 1.600000
v -1.400000 0.400000 1.600000
v 1.400000 0.400000 1.500000
v 1.300000 0.400000 1.500000
v 1.200000 0.400000 1.500000
v -1.200000 0.400000 1.500000
v -1.300000 0.400000 1.500000
v -1.400000 0.400000 1.500000
v 0.300000 0.400000 1.300000
v 0.200000 0.400000 1.300000
v -0.200000 0.400000 1.300000
v -0.300000 0.400000 1.300000
v 0.300000 0.400000 1.200000
v 0.200000 0.400000 1.200000
v -0.200000 0.400000 1.200000
v -0.300000 0.400000 1.200000
v 2.900000 0.400000 1.100000
v 2.800000 0.400000 1.100000
v -2.800000 0.400000 1.100000
v -2.900000 0.400000 1.100000
v 2.900000 0.400000 0.900000
v 2.800000 0.400000 0.900000
v 1.400000 0.400000 0.900000
v 1.300000 0.400000 0.900000
v 1.200000 0.400000 0.900000
v -1.200000 0.400000 0.900000
v -1.300000 0.400000 0.900000
v -1.400000 0.400000 0.900000
v -2.800000 0.400000 0.900000
v -2.900000 0.400000 0.900000
v 1.400000 0.400000 0.700000
v 1.300000 0.400000 0.700000
v 0.200000 0.400000 0.700000
v -0.200000 0.400000 0.700000
v -1.300000 0.400000 0.700000
v -1.400000 0.400000 0.700000
v 2.700000 0.400000 0.600000
v 2.500000 0.400000 0.600000
v 0.200000 0.400000 0.600000
v -0.200000 0.400000 0.600000
v -2.500000 0.400000 0.600000
v -2.700000 0.400000 0.600000
v 2.700000 0.400000 0.500000
v 2.500000 0.400000 0.500000
v -2.500000 0.400000 0.500000
v -2.700000 0.400000 0.500000
v 2.700000 0.400000 0.400000
v 2.500000 0.400000 0.400000
v -2.500000 0.400000 0.400000
v -2.700000 0.400000 0.400000
v 0.200000 0.400000 0.300000
v -0.200000 0.400000 0.300000
v 0.200000 0.400000 0.200000
v -0.200000 0.400000 0.200000
v 0.400000 0.400000 0.100000
v 0.200000 0.400000 0.100000
v -0.200000 0.400000 0.100000
v -0.400000 0.400000 0.100000
v 1.700000 0.400000 -0.000000
v 1.500000 0.400000 -0.000000
v 0.400000 0.400000 -0.000000
v 0.200000 0.400000 -0.000000
v -0.200000 0.400000 -0.000000
v -0.400000 0.400000 -0.000000
v -1.500000 0.400000 -0.000000
v -1.700000 0.400000 -0.000000
v 1.700000 0.400000 -0.100000
v 1.500000 0.400000 -0.100000
v 0.600000 0.400000 -0.100000
v 0.400000 0.400000 -0.100000
v -0.400000 0.400000 -0.100000
v -0.600000 0.400000 -0.100000
v -1.500000 0.400000 -0.100000
v -1.700000 0.400000 -0.100000
v 1.700000 0.400000 -0.200000
v 1.500000 0.400000 -0.200000
v 0.600000 0.400000 -0.200000
v 0.400000 0.400000 -0.200000
v -0.400000 0.400000 -0.200000
v -0.600000 0.400000 -0.200000
v -1.500000 0.400000 -0.200000
v -1.700000 0.400000 -0.200000
v 0.800000 0.400000 -0.800000
v 0.600000 0.400000 -0.800000
v -0.600000 0.400000 -0.800000
v -0.800000 0.400000 -0.800000
v 0.800000 0.400000 -0.900000
v 0.600000 0.400000 -0.900000
v -0.600000 0.400000 -0.900000
v -0.800000 0.400000 -0.900000
v 2.500000 0.300000 2.200000
v 2.400000 0.300000 2.200000
v -2.400000 0.300000 2.200000
v -2.500000 0.300000 2.200000
v 2.500000 0.300000 2.100000
v 2.400000 0.300000 2.100000
v 0.900000 0.300000 2.100000
v 0.800000 0.300000 2.100000
v -0.800000 0.300000 2.100000
v -0.900000 0.300000 2.100000
v -2.400000 0.300000 2.100000
v -2.500000 0.300000 2.100000
v 0.900000 0.300000 2.000000
v 0.800000 0.300000 2.000000
v -0.800000 0.300000 2.000000
v -0.900000 0.300000 2.000000
v 2.300000 0.300000 0.400000
v 2.100000 0.300000 0.400000
v -2.100000 0.300000 0.400000
v -2.300000 0.300000 0.400000
v 2.300000 0.300000 0.300000
v 2.100000 0.300000 0.300000
v -2.100000 0.300000 0.300000
v -2.300000 0.300000 0.300000
v 2.300000 0.300000 0.200000
v 2.100000 0.300000 0.200000
v 0.200000 0.300000 0.200000
v -0.200000 0.300000 0.200000
v -2.100000 0.300000 0.200000
v -2.300000 0.300000 0.200000
v 0.200000 0.300000 0.100000
v -0.200000 0.300000 0.100000
v 0.400000 0.300000 -0.000000
v 0.200000 0.300000 -0.000000
v -0.200000 0.300000 -0.000000
v -0.400000 0.300000 -0.000000
v 0.400000 0.300000 -0.100000
v 0.200000 0.300000 -0.100000
v -0.200000 0.300000 -0.100000
v -0.400000 0.300000 -0.100000
v 1.300000 0.300000 -0.200000
v 1.100000 0.300000 -0.200000
v 0.600000 0.300000 -0.200000
v 0.400000 0.300000 -0.200000
v -0.400000 0.300000 -0.200000
v -0.600000 0.300000 -0.200000
v -1.100000 0.300000 -0.200000
v -1.300000 0.300000 -0.200000
v 1.300000 0.300000 -0.300000
v 1.100000 0.300000 -0.300000
v 0.600000 0.300000 -0.300000
v 0.400000 0.300000 -0.300000
v -0.400000 0.300000 -0.300000
v -0.600000 0.300000 -0.300000
v -1.100000 0.300000 -0.300000
v -1.300000 0.300000 -0.300000
v 1.300000 0.300000 -0.400000
v 1.100000 0.300000 -0.400000
v -1.100000 0.300000 -0.400000
v -1.300000 0.300000 -0.400000
v 0.300000 0.300000 -0.800000
v -0.300000 0.300000 -0.800000
v 0.400000 0.300000 -0.900000
v 0.300000 0.300000 -0.900000
v -0.300000 0.300000 -0.900000
v -0.400000 0.300000 -0.900000
v 0.600000 0.300000 -1.300000
v 0.500000 0.300000 -1.300000
v 0.200000 0.300000 -1.300000
v -0.200000 0.300000 -1.300000
v -0.500000 0.300000 -1.300000
v -0.600000 0.300000 -1.300000
v 0.400000 0.300000 -1.400000
v 0.200000 0.300000 -1.400000
v -0.200000 0.300000 -1.400000
v -0.400000 0.300000 -1.400000
v 0.600000 0.300000 -1.500000
v 0.500000 0.300000 -1.500000
v -0.500000 0.300000 -1.500000
v -0.600000 0.300000 -1.500000
v 2.300000 0.200000 2.300000
v 1.900000 0.200000 2.300000
v 1.700000 0.200000 2.300000
v 1.600000 0.200000 2.300000
v -1.600000 0.200000 2.300000
v -1.700000 0.200000 2.300000
v -1.900000 0.200000 2.300000
v -2.300000 0.200000 2.300000
v 2.300000 0.200000 2.200000
v 1.900000 0.200000 2.200000
v 1.700000 0.200000 2.200000
v 1.600000 0.200000 2.200000
v -1.600000 0.200000 2.200000
v -1.700000 0.200000 2.200000
v -1.900000 0.200000 2.200000
v -2.300000 0.200000 2.200000
v 2.700000 0.200000 1.600000
v 2.600000 0.200000 1.600000
v -2.600000 0.200000 1.600000
v -2.700000 0.200000 1.600000
v 2.600000 0.200000 1.500000
v -2.600000 0.200000 1.500000
v 2.700000 0.200000 1.300000
v 2.600000 0.200000 1.300000
v -2.600000 0.200000 1.300000
v -2.700000 0.200000 1.300000
v 2.700000 0.200000 0.600000
v 2.500000 0.200000 0.600000
v -2.500000 0.200000 0.600000
v -2.700000 0.200000 0.600000
v 2.700000 0.200000 0.500000
v 2.500000 0.200000 0.500000
v -2.500000 0.200000 0.500000
v -2.700000 0.200000 0.500000
v 2.700000 0.200000 0.300000
v 2.500000 0.200000 0.300000
v -2.500000 0.200000 0.300000
v -2.700000 0.200000 0.300000
v 1.700000 0.200000 -0.000000
v 1.500000 0.200000 -0.000000
v -1.500000 0.200000 -0.000000
v -1.700000 0.200000 -0.000000
v 1.700000 0.200000 -0.100000
v 1.500000 0.200000 -0.100000
v -1.500000 0.200000 -0.100000
v -1.700000 0.200000 -0.100000
v 1.700000 0.200000 -0.200000
v 1.500000 0.200000 -0.200000
v -1.500000 0.200000 -0.200000
v -1.700000 0.200000 -0.200000
v 0.300000 0.200000 -0.700000
v -0.300000 0.200000 -0.700000
v 0.400000 0.200000 -0.800000
v 0.300000 0.200000 -0.800000
v -0.300000 0.200000 -0.800000
v -0.400000 0.200000 -0.800000
v 0.800000 0.200000 -0.900000
v 0.700000 0.200000 -0.900000
v 0.500000 0.200000 -0.900000
v 0.400000 0.200000 -0.900000
v 0.300000 0.200000 -0.900000
v -0.300000 0.200000 -0.900000
v -0.400000 0.200000 -0.900000
v -0.500000 0.200000 -0.900000
v -0.700000 0.200000 -0.900000
v -0.800000 0.200000 -0.900000
v 0.800000 0.200000 -1.000000
v 0.700000 0.200000 -1.000000
v -0.700000 0.200000 -1.000000
v -0.800000 0.200000 -1.000000
v 0.500000 0.200000 -1.300000
v 0.400000 0.200000 -1.300000
v 0.200000 0.200000 -1.300000
v -0.200000 0.200000 -1.300000
v -0.400000 0.200000 -1.300000
v -0.500000 0.200000 -1.300000
v 0.400000 0.200000 -1.400000
v 0.200000 0.200000 -1.400000
v -0.200000 0.200000 -1.400000
v -0.400000 0.200000 -1.400000
v 0.400000 0.200000 -1.500000
v 0.200000 0.200000 -1.500000
v -0.200000 0.200000 -1.500000
v -0.400000 0.200000 -1.500000
v 2.500000 0.100000 2.200000
v 2.400000 0.100000 2.200000
v -2.400000 0.100000 2.200000
v -2.500000 0.100000 2.200000
v 2.500000 0.100000 2.100000
v 2.400000 0.100000 2.100000
v 1.500000 0.100000 2.100000
v 1.100000 0.100000 2.100000
v 0.900000 0.100000 2.100000
v 0.800000 0.100000 2.100000
v -0.800000 0.100000 2.100000
v -0.900000 0.100000 2.100000
v -1.100000 0.100000 2.100000
v -1.500000 0.100000 2.100000
v -2.400000 0.100000 2.100000
v -2.500000 0.100000 2.100000
v 1.500000 0.100000 2.000000
v 1.100000 0.100000 2.000000
v 0.900000 0.100000 2.000000
v 0.800000 0.100000 2.000000
v -0.800000 0.100000 2.000000
v -0.900000 0.100000 2.000000
v -1.100000 0.100000 2.000000
v -1.500000 0.100000 2.000000
v 2.900000 0.100000 1.000000
v 2.800000 0.100000 1.000000
v -2.800000 0.100000 1.000000
v -2.900000 0.100000 1.000000
v 2.900000 0.100000 0.900000
v 2.800000 0.100000 0.900000
v 0.200000 0.100000 0.900000
v 0.100000 0.100000 0.900000
v -0.100000 0.100000 0.900000
v -0.200000 0.100000 0.900000
v -2.800000 0.100000 0.900000
v -2.900000 0.100000 0.900000
v 2.900000 0.100000 0.700000
v 2.800000 0.100000 0.700000
v 0.200000 0.100000 0.700000
v 0.100000 0.100000 0.700000
v -0.100000 0.100000 0.700000
v -0.200000 0.100000 0.700000
v -2.800000 0.100000 0.700000
v -2.900000 0.100000 0.700000
v 0.200000 0.100000 0.600000
v 0.100000 0.100000 0.600000
v -0.100000 0.100000 0.600000
v -0.200000 0.100000 0.600000
v 2.900000 0.100000 0.500000
v 2.800000 0.100000 0.500000
v 0.200000 0.100000 0.500000
v 0.100000 0.100000 0.500000
v -0.100000 0.100000 0.500000
v -0.200000 0.100000 0.500000
v -2.800000 0.100000 0.500000
v -2.900000 0.100000 0.500000
v 2.300000 0.100000 0.400000
v 2.100000 0.100000 0.400000
v -2.100000 0.100000 0.400000
v -2.300000 0.100000 0.400000
v 2.300000 0.100000 0.300000
v 2.100000 0.100000 0.300000
v -2.100000 0.100000 0.300000
v -2.300000 0.100000 0.300000
v 2.300000 0.100000 0.100000
v 2.100000 0.100000 0.100000
v -2.100000 0.100000 0.100000
v -2.300000 0.100000 0.100000
v 1.300000 0.100000 -0.200000
v 1.100000 0.100000 -0.200000
v -1.100000 0.100000 -0.200000
v -1.300000 0.100000 -0.200000
v 1.300000 0.100000 -0.300000
v 1.100000 0.100000 -0.300000
v -1.100000 0.100000 -0.300000
v -1.300000 0.100000 -0.300000
v 1.300000 0.100000 -0.400000
v 1.100000 0.100000 -0.400000
v -1.100000 0.100000 -0.400000
v -1.300000 0.100000 -0.400000
v 0.300000 0.100000 -0.500000
v -0.300000 0.100000 -0.500000
v 0.400000 0.100000 -0.600000
v 0.300000 0.100000 -0.600000
v -0.300000 0.100000 -0.600000
v -0.400000 0.100000 -0.600000
v 0.300000 0.100000 -0.700000
v -0.300000 0.100000 -0.700000
v 0.400000 0.100000 -0.800000
v 0.300000 0.100000 -0.800000
v -0.300000 0.100000 -0.800000
v -0.400000 0.100000 -0.800000
v 0.600000 0.100000 -0.900000
v 0.500000 0.100000 -0.900000
v -0.500000 0.100000 -0.900000
v -0.600000 0.100000 -0.900000
v 0.600000 0.100000 -1.300000
v 0.500000 0.100000 -1.300000
v -0.500000 0.100000 -1.300000
v -0.600000 0.100000 -1.300000
v 0.200000 0.100000 -1.400000
v -0.200000 0.100000 -1.400000
v 0.600000 0.100000 -1.500000
v 0.500000 0.100000 -1.500000
v 0.200000 0.100000 -1.500000
v -0.200000 0.100000 -1.500000
v -0.500000 0.100000 -1.500000
v -0.600000 0.100000 -1.500000
v 0.600000 0.100000 -1.600000
v 0.500000 0.100000 -1.600000
v 0.200000 0.100000 -1.600000
v -0.200000 0.100000 -1.600000
v -0.500000 0.100000 -1.600000
v -0.600000 0.100000 -1.600000
v 0.200000 0.100000 -1.700000
v -0.200000 0.100000 -1.700000
v 0.200000 0.100000 -1.900000
v -0.200000 0.100000 -1.900000
v 2.300000 0.000000 2.300000
v 1.900000 0.000000 2.300000
v 1.700000 0.000000 2.300000
v 1.600000 0.000000 2.300000
v -1.600000 0.000000 2.300000
v -1.700000 0.000000 2.300000
v -1.900000 0.000000 2.300000
v -2.300000 0.000000 2.300000
v 2.300000 0.000000 2.200000
v 1.900000 0.000000 2.200000
v 1.700000 0.000000 2.200000
v 1.600000 0.000000 2.200000
v -1.600000 0.000000 2.200000
v -1.700000 0.000000 2.200000
v -1.900000 0.000000 2.200000
v -2.300000 0.000000 2.200000
v 0.400000 0.000000 1.600000
v 0.300000 0.000000 1.600000
v -0.300000 0.000000 1.600000
v -0.400000 0.000000 1.600000
v 2.800000 0.000000 1.500000
v 2.700000 0.000000 1.500000
v 0.400000 0.000000 1.500000
v -0.400000 0.000000 1.500000
v -2.700000 0.000000 1.500000
v -2.800000 0.000000 1.500000
v 0.400000 0.000000 1.400000
v -0.400000 0.000000 1.400000
v 2.800000 0.000000 1.300000
v 2.700000 0.000000 1.300000
v 0.400000 0.000000 1.300000
v 0.300000 0.000000 1.300000
v 0.200000 0.000000 1.300000
v -0.200000 0.000000 1.300000
v -0.300000 0.000000 1.300000
v -0.400000 0.000000 1.300000
v -2.700000 0.000000 1.300000
v -2.800000 0.000000 1.300000
v 0.300000 0.000000 1.100000
v 0.200000 0.000000 1.100000
v -0.200000 0.000000 1.100000
v -0.300000 0.000000 1.100000
v 3.000000 0.000000 1.000000
v 2.900000 0.000000 1.000000
v -2.900000 0.000000 1.000000
v -3.000000 0.000000 1.000000
v 3.000000 0.000000 0.900000
v 2.900000 0.000000 0.900000
v -2.900000 0.000000 0.900000
v -3.000000 0.000000 0.900000
v 3.000000 0.000000 0.800000
v 2.900000 0.000000 0.800000
v -2.900000 0.000000 0.800000
v -3.000000 0.000000 0.800000
v 2.900000 0.000000 0.700000
v -2.900000 0.000000 0.700000
v 3.000000 0.000000 0.600000
v 2.900000 0.000000 0.600000
v 2.700000 0.000000 0.600000
v 2.500000 0.000000 0.600000
v -2.500000 0.000000 0.600000
v -2.700000 0.000000 0.600000
v -2.900000 0.000000 0.600000
v -3.000000 0.000000 0.600000
v 2.700000 0.000000 0.500000
v 2.500000 0.000000 0.500000
v -2.500000 0.000000 0.500000
v -2.700000 0.000000 0.500000
v 2.700000 0.000000 0.200000
v 2.500000 0.000000 0.200000
v -2.500000 0.000000 0.200000
v -2.700000 0.000000 0.200000
v 1.700000 -0.000000 -0.000000
v 1.500000 -0.000000 -0.000000
v -1.500000 -0.000000 -0.000000
v -1.700000 -0.000000 -0.000000
v 1.700000 -0.000000 -0.100000
v 1.500000 -0.000000 -0.100000
v -1.500000 -0.000000 -0.100000
v -1.700000 -0.000000 -0.100000
v 1.700000 -0.000000 -0.300000
v 1.500000 -0.000000 -0.300000
v 0.300000 -0.000000 -0.300000
v -0.300000 -0.000000 -0.300000
v -1.500000 -0.000000 -0.300000
v -1.700000 -0.000000 -0.300000
v 0.400000 -0.000000 -0.400000
v 0.300000 -0.000000 -0.400000
v -0.300000 -0.000000 -0.400000
v -0.400000 -0.000000 -0.400000
v 0.300000 -0.000000 -0.500000
v -0.300000 -0.000000 -0.500000
v 0.400000 -0.000000 -0.600000
v 0.300000 -0.000000 -0.600000
v -0.300000 -0.000000 -0.600000
v -0.400000 -0.000000 -0.600000
v 0.500000 -0.000000 -0.700000
v 0.400000 -0.000000 -0.700000
v -0.400000 -0.000000 -0.700000
v -0.500000 -0.000000 -0.700000
v 0.500000 -0.000000 -0.900000
v 0.400000 -0.000000 -0.900000
v -0.400000 -0.000000 -0.900000
v -0.500000 -0.000000 -0.900000
v 0.300000 -0.000000 -1.300000
v 0.200000 -0.000000 -1.300000
v -0.200000 -0.000000 -1.300000
v -0.300000 -0.000000 -1.300000
v 0.300000 -0.000000 -1.600000
v 0.200000 -0.000000 -1.600000
v -0.200000 -0.000000 -1.600000
v -0.300000 -0.000000 -1.600000
v 0.300000 -0.000000 -1.700000
v 0.200000 -0.000000 -1.700000
v -0.200000 -0.000000 -1.700000
v -0.300000 -0.000000 -1.700000
v 0.300000 -0.000000 -1.900000
v 0.200000 -0.000000 -1.900000
v -0.200000 -0.000000 -1.900000
v -0.300000 -0.000000 -1.900000
v 2.400000 -0.100000 2.500000
v 2.200000 -0.100000 2.500000
v 2.100000 -0.100000 2.500000
v 2.000000 -0.100000 2.500000
v -2.000000 -0.100000 2.500000
v -2.100000 -0.100000 2.500000
v -2.200000 -0.100000 2.500000
v -2.400000 -0.100000 2.500000
v 2.400000 -0.100000 2.400000
v 2.200000 -0.100000 2.400000
v 2.100000 -0.100000 2.400000
v 2.000000 -0.100000 2.400000
v -2.000000 -0.100000 2.400000
v -2.100000 -0.100000 2.400000
v -2.200000 -0.100000 2.400000
v -2.400000 -0.100000 2.400000
v 2.500000 -0.100000 2.300000
v 2.400000 -0.100000 2.300000
v -2.400000 -0.100000 2.300000
v -2.500000 -0.100000 2.300000
v 2.600000 -0.100000 2.100000
v 2.500000 -0.100000 2.100000
v 2.400000 -0.100000 2.100000
v 1.500000 -0.100000 2.100000
v 1.100000 -0.100000 2.100000
v 0.900000 -0.100000 2.100000
v 0.800000 -0.100000 2.100000
v -0.800000 -0.100000 2.100000
v -0.900000 -0.100000 2.100000
v -1.100000 -0.100000 2.100000
v -1.500000 -0.100000 2.100000
v -2.400000 -0.100000 2.100000
v -2.500000 -0.100000 2.100000
v -2.600000 -0.100000 2.100000
v 1.500000 -0.100000 2.000000
v 1.100000 -0.100000 2.000000
v 0.900000 -0.100000 2.000000
v 0.800000 -0.100000 2.000000
v -0.800000 -0.100000 2.000000
v -0.900000 -0.100000 2.000000
v -1.100000 -0.100000 2.000000
v -1.500000 -0.100000 2.000000
v 2.600000 -0.100000 1.900000
v 2.500000 -0.100000 1.900000
v -2.500000 -0.100000 1.900000
v -2.600000 -0.100000 1.900000
v 2.700000 -0.100000 1.700000
v 2.600000 -0.100000 1.700000
v -2.600000 -0.100000 1.700000
v -2.700000 -0.100000 1.700000
v 2.700000 -0.100000 1.500000
v -2.700000 -0.100000 1.500000
v 2.700000 -0.100000 1.300000
v 2.600000 -0.100000 1.300000
v -2.600000 -0.100000 1.300000
v -2.700000 -0.100000 1.300000
v 0.200000 -0.100000 0.700000
v 0.100000 -0.100000 0.700000
v -0.100000 -0.100000 0.700000
v -0.200000 -0.100000 0.700000
v 0.200000 -0.100000 0.600000
v 0.100000 -0.100000 0.600000
v -0.100000 -0.100000 0.600000
v -0.200000 -0.100000 0.600000
v 2.800000 -0.100000 0.500000
v 2.700000 -0.100000 0.500000
v 2.500000 -0.100000 0.500000
v 2.400000 -0.100000 0.500000
v -2.400000 -0.100000 0.500000
v -2.500000 -0.100000 0.500000
v -2.700000 -0.100000 0.500000
v -2.800000 -0.100000 0.500000
v 2.300000 -0.100000 0.400000
v 2.100000 -0.100000 0.400000
v -2.100000 -0.100000 0.400000
v -2.300000 -0.100000 0.400000
v 2.800000 -0.100000 0.300000
v 2.700000 -0.100000 0.300000
v 2.500000 -0.100000 0.300000
v 2.400000 -0.100000 0.300000
v 2.300000 -0.100000 0.300000
v 2.100000 -0.100000 0.300000
v -2.100000 -0.100000 0.300000
v -2.300000 -0.100000 0.300000
v -2.400000 -0.100000 0.300000
v -2.500000 -0.100000 0.300000
v -2.700000 -0.100000 0.300000
v -2.800000 -0.100000 0.300000
v 0.200000 -0.100000 0.100000
v -0.200000 -0.100000 0.100000
v 2.300000 -0.100000 -0.000000
v 2.100000 -0.100000 -0.000000
v -2.100000 -0.100000 -0.000000
v -2.300000 -0.100000 -0.000000
v 0.400000 -0.100000 -0.100000
v 0.200000 -0.100000 -0.100000
v -0.200000 -0.100000 -0.100000
v -0.400000 -0.100000 -0.100000
v 1.300000 -0.100000 -0.200000
v 1.100000 -0.100000 -0.200000
v -1.100000 -0.100000 -0.200000
v -1.300000 -0.100000 -0.200000
v 1.300000 -0.100000 -0.300000
v 1.100000 -0.100000 -0.300000
v 0.600000 -0.100000 -0.300000
v 0.400000 -0.100000 -0.300000
v 0.300000 -0.100000 -0.300000
v -0.300000 -0.100000 -0.300000
v -0.400000 -0.100000 -0.300000
v -0.600000 -0.100000 -0.300000
v -1.100000 -0.100000 -0.300000
v -1.300000 -0.100000 -0.300000
v 0.600000 -0.100000 -0.400000
v 0.400000 -0.100000 -0.400000
v 0.300000 -0.100000 -0.400000
v -0.300000 -0.100000 -0.400000
v -0.400000 -0.100000 -0.400000
v -0.600000 -0.100000 -0.400000
v 1.300000 -0.100000 -0.500000
v 1.100000 -0.100000 -0.500000
v -1.100000 -0.100000 -0.500000
v -1.300000 -0.100000 -0.500000
v 0.600000 -0.100000 -0.600000
v -0.600000 -0.100000 -0.600000
v 0.500000 -0.100000 -0.700000
v 0.400000 -0.100000 -0.700000
v -0.400000 -0.100000 -0.700000
v -0.500000 -0.100000 -0.700000
v 0.600000 -0.100000 -0.900000
v 0.500000 -0.100000 -0.900000
v -0.500000 -0.100000 -0.900000
v -0.600000 -0.100000 -0.900000
v 0.100000 -0.100000 -1.200000
v -0.100000 -0.100000 -1.200000
v 0.100000 -0.100000 -1.600000
v -0.100000 -0.100000 -1.600000
v 0.100000 -0.100000 -1.700000
v -0.100000 -0.100000 -1.700000
v 2.000000 -0.200000 2.500000
v 1.800000 -0.200000 2.500000
v -1.800000 -0.200000 2.500000
v -2.000000 -0.200000 2.500000
v 2.400000 -0.200000 2.400000
v 2.200000 -0.200000 2.400000
v 2.100000 -0.200000 2.400000
v 2.000000 -0.200000 2.400000
v 1.800000 -0.200000 2.400000
v 1.600000 -0.200000 2.400000
v -1.600000 -0.200000 2.400000
v -1.800000 -0.200000 2.400000
v -2.000000 -0.200000 2.400000
v -2.100000 -0.200000 2.400000
v -2.200000 -0.200000 2.400000
v -2.400000 -0.200000 2.400000
v 2.400000 -0.200000 2.300000
v 2.000000 -0.200000 2.300000
v 1.800000 -0.200000 2.300000
v 1.600000 -0.200000 2.300000
v 1.400000 -0.200000 2.300000
v -1.400000 -0.200000 2.300000
v -1.600000 -0.200000 2.300000
v -1.800000 -0.200000 2.300000
v -2.000000 -0.200000 2.300000
v -2.400000 -0.200000 2.300000
v 1.600000 -0.200000 2.200000
v 1.400000 -0.200000 2.200000
v -1.400000 -0.200000 2.200000
v -1.600000 -0.200000 2.200000
v 2.500000 -0.200000 2.100000
v 2.400000 -0.200000 2.100000
v -2.400000 -0.200000 2.100000
v -2.500000 -0.200000 2.100000
v 2.500000 -0.200000 1.900000
v 2.400000 -0.200000 1.900000
v -2.400000 -0.200000 1.900000
v -2.500000 -0.200000 1.900000
v 0.200000 -0.200000 1.200000
v 0.100000 -0.200000 1.200000
v -0.100000 -0.200000 1.200000
v -0.200000 -0.200000 1.200000
v 0.200000 -0.200000 0.900000
v 0.100000 -0.200000 0.900000
v -0.100000 -0.200000 0.900000
v -0.200000 -0.200000 0.900000
v 0.200000 -0.200000 0.600000
v 0.100000 -0.200000 0.600000
v -0.100000 -0.200000 0.600000
v -0.200000 -0.200000 0.600000
v 0.200000 -0.200000 0.500000
v -0.200000 -0.200000 0.500000
v 2.700000 -0.200000 0.300000
v 2.400000 -0.200000 0.300000
v 2.300000 -0.200000 0.300000
v 2.100000 -0.200000 0.300000
v 2.000000 -0.200000 0.300000
v -2.000000 -0.200000 0.300000
v -2.100000 -0.200000 0.300000
v -2.300000 -0.200000 0.300000
v -2.400000 -0.200000 0.300000
v -2.700000 -0.200000 0.300000
v 2.700000 -0.200000 0.200000
v 2.400000 -0.200000 0.200000
v -2.400000 -0.200000 0.200000
v -2.700000 -0.200000 0.200000
v 2.400000 -0.200000 0.100000
v 2.300000 -0.200000 0.100000
v 2.000000 -0.200000 0.100000
v -2.000000 -0.200000 0.100000
v -2.300000 -0.200000 0.100000
v -2.400000 -0.200000 0.100000
v 2.100000 -0.200000 -0.000000
v 2.000000 -0.200000 -0.000000
v 1.700000 -0.200000 -0.000000
v 1.500000 -0.200000 -0.000000
v -1.500000 -0.200000 -0.000000
v -1.700000 -0.200000 -0.000000
v -2.000000 -0.200000 -0.000000
v -2.100000 -0.200000 -0.000000
v 1.700000 -0.200000 -0.100000
v 1.500000 -0.200000 -0.100000
v -1.500000 -0.200000 -0.100000
v -1.700000 -0.200000 -0.100000
v 1.700000 -0.200000 -0.400000
v 1.500000 -0.200000 -0.400000
v -1.500000 -0.200000 -0.400000
v -1.700000 -0.200000 -0.400000
v 0.800000 -0.200000 -0.800000
v 0.700000 -0.200000 -0.800000
v -0.700000 -0.200000 -0.800000
v -0.800000 -0.200000 -0.800000
v 0.700000 -0.200000 -0.900000
v -0.700000 -0.200000 -0.900000
v 0.800000 -0.200000 -1.100000
v 0.700000 -0.200000 -1.100000
v -0.700000 -0.200000 -1.100000
v -0.800000 -0.200000 -1.100000
v 0.600000 -0.200000 -1.400000
v 0.500000 -0.200000 -1.400000
v -0.500000 -0.200000 -1.400000
v -0.600000 -0.200000 -1.400000
v 0.600000 -0.200000 -1.700000
v 0.500000 -0.200000 -1.700000
v -0.500000 -0.200000 -1.700000
v -0.600000 -0.200000 -1.700000
v 2.000000 -0.300000 2.400000
v 1.800000 -0.300000 2.400000
v -1.800000 -0.300000 2.400000
v -2.000000 -0.300000 2.400000
v 2.000000 -0.300000 2.300000
v 1.800000 -0.300000 2.300000
v 1.600000 -0.300000 2.300000
v 1.400000 -0.300000 2.300000
v 1.300000 -0.300000 2.300000
v 1.200000 -0.300000 2.300000
v 1.000000 -0.300000 2.300000
v -1.000000 -0.300000 2.300000
v -1.200000 -0.300000 2.300000
v -1.300000 -0.300000 2.300000
v -1.400000 -0.300000 2.300000
v -1.600000 -0.300000 2.300000
v -1.800000 -0.300000 2.300000
v -2.000000 -0.300000 2.300000
v 1.800000 -0.300000 2.200000
v 1.600000 -0.300000 2.200000
v 1.400000 -0.300000 2.200000
v 1.300000 -0.300000 2.200000
v 1.200000 -0.300000 2.200000
v 1.000000 -0.300000 2.200000
v 0.800000 -0.300000 2.200000
v -0.800000 -0.300000 2.200000
v -1.000000 -0.300000 2.200000
v -1.200000 -0.300000 2.200000
v -1.300000 -0.300000 2.200000
v -1.400000 -0.300000 2.200000
v -1.600000 -0.300000 2.200000
v -1.800000 -0.300000 2.200000
v 1.600000 -0.300000 2.100000
v 1.400000 -0.300000 2.100000
v 1.000000 -0.300000 2.100000
v 0.800000 -0.300000 2.100000
v -0.800000 -0.300000 2.100000
v -1.000000 -0.300000 2.100000
v -1.400000 -0.300000 2.100000
v -1.600000 -0.300000 2.100000
v 2.000000 -0.300000 0.100000
v 1.800000 -0.300000 0.100000
v -1.800000 -0.300000 0.100000
v -2.000000 -0.300000 0.100000
v 2.000000 -0.300000 -0.000000
v -2.000000 -0.300000 -0.000000
v 1.800000 -0.300000 -0.100000
v 1.700000 -0.300000 -0.100000
v 1.500000 -0.300000 -0.100000
v 1.400000 -0.300000 -0.100000
v -1.400000 -0.300000 -0.100000
v -1.500000 -0.300000 -0.100000
v -1.700000 -0.300000 -0.100000
v -1.800000 -0.300000 -0.100000
v 2.000000 -0.300000 -0.200000
v 1.800000 -0.300000 -0.200000
v 1.300000 -0.300000 -0.200000
v 1.100000 -0.300000 -0.200000
v -1.100000 -0.300000 -0.200000
v -1.300000 -0.300000 -0.200000
v -1.800000 -0.300000 -0.200000
v -2.000000 -0.300000 -0.200000
v 1.800000 -0.300000 -0.300000
v 1.700000 -0.300000 -0.300000
v 1.400000 -0.300000 -0.300000
v 1.300000 -0.300000 -0.300000
v 1.100000 -0.300000 -0.300000
v -1.100000 -0.300000 -0.300000
v -1.300000 -0.300000 -0.300000
v -1.400000 -0.300000 -0.300000
v -1.700000 -0.300000 -0.300000
v -1.800000 -0.300000 -0.300000
v 1.500000 -0.300000 -0.400000
v 1.400000 -0.300000 -0.400000
v -1.400000 -0.300000 -0.400000
v -1.500000 -0.300000 -0.400000
v 1.300000 -0.300000 -0.600000
v 1.100000 -0.300000 -0.600000
v -1.100000 -0.300000 -0.600000
v -1.300000 -0.300000 -0.600000
v 1.400000 -0.400000 2.200000
v 1.300000 -0.400000 2.200000
v 1.200000 -0.400000 2.200000
v 1.000000 -0.400000 2.200000
v -1.000000 -0.400000 2.200000
v -1.200000 -0.400000 2.200000
v -1.300000 -0.400000 2.200000
v -1.400000 -0.400000 2.200000
v 1.400000 -0.400000 2.100000
v 1.000000 -0.400000 2.100000
v 0.800000 -0.400000 2.100000
v 0.600000 -0.400000 2.100000
v -0.600000 -0.400000 2.100000
v -0.800000 -0.400000 2.100000
v -1.000000 -0.400000 2.100000
v -1.400000 -0.400000 2.100000
v 1.000000 -0.400000 2.000000
v 0.800000 -0.400000 2.000000
v 0.600000 -0.400000 2.000000
v 0.500000 -0.400000 2.000000
v -0.500000 -0.400000 2.000000
v -0.600000 -0.400000 2.000000
v -0.800000 -0.400000 2.000000
v -1.000000 -0.400000 2.000000
v 0.600000 -0.400000 1.900000
v 0.500000 -0.400000 1.900000
v 0.400000 -0.400000 1.900000
v -0.400000 -0.400000 1.900000
v -0.500000 -0.400000 1.900000
v -0.600000 -0.400000 1.900000
v 0.500000 -0.400000 1.800000
v -0.500000 -0.400000 1.800000
v 0.500000 -0.400000 1.700000
v 0.400000 -0.400000 1.700000
v -0.400000 -0.400000 1.700000
v -0.500000 -0.400000 1.700000
v 0.400000 -0.400000 1.500000
v 0.300000 -0.400000 1.500000
v -0.300000 -0.400000 1.500000
v -0.400000 -0.400000 1.500000
v 0.400000 -0.400000 1.300000
v 0.300000 -0.400000 1.300000
v -0.300000 -0.400000 1.300000
v -0.400000 -0.400000 1.300000
v 1.400000 -0.400000 -0.300000
v 1.300000 -0.400000 -0.300000
v 1.100000 -0.400000 -0.300000
v 1.000000 -0.400000 -0.300000
v -1.000000 -0.400000 -0.300000
v -1.100000 -0.400000 -0.300000
v -1.300000 -0.400000 -0.300000
v -1.400000 -0.400000 -0.300000
v 1.400000 -0.400000 -0.400000
v -1.400000 -0.400000 -0.400000
v 1.400000 -0.400000 -0.500000
v 1.300000 -0.400000 -0.500000
v 1.000000 -0.400000 -0.500000
v 0.700000 -0.400000 -0.500000
v -0.700000 -0.400000 -0.500000
v -1.000000 -0.400000 -0.500000
v -1.300000 -0.400000 -0.500000
v -1.400000 -0.400000 -0.500000
v 1.100000 -0.400000 -0.600000
v 1.000000 -0.400000 -0.600000
v 0.800000 -0.400000 -0.600000
v 0.700000 -0.400000 -0.600000
v -0.700000 -0.400000 -0.600000
v -0.800000 -0.400000 -0.600000
v -1.000000 -0.400000 -0.600000
v -1.100000 -0.400000 -0.600000
v 1.000000 -0.400000 -0.700000
v 0.800000 -0.400000 -0.700000
v -0.800000 -0.400000 -0.700000
v -1.000000 -0.400000 -0.700000
v 0.800000 -0.400000 -0.900000
v 0.700000 -0.400000 -0.900000
v -0.700000 -0.400000 -0.900000
v -0.800000 -0.400000 -0.900000
v 0.800000 -0.400000 -1.200000
v 0.700000 -0.400000 -1.200000
v 0.200000 -0.400000 -1.200000
v -0.200000 -0.400000 -1.200000
v -0.700000 -0.400000 -1.200000
v -0.800000 -0.400000 -1.200000
v 0.600000 -0.400000 -1.500000
v 0.500000 -0.400000 -1.500000
v -0.500000 -0.400000 -1.500000
v -0.600000 -0.400000 -1.500000
v 0.200000 -0.400000 -1.600000
v -0.200000 -0.400000 -1.600000
v 0.200000 -0.400000 -1.700000
v -0.200000 -0.400000 -1.700000
v 0.600000 -0.400000 -1.800000
v 0.500000 -0.400000 -1.800000
v -0.500000 -0.400000 -1.800000
v -0.600000 -0.400000 -1.800000
v 0.200000 -0.400000 -1.900000
v -0.200000 -0.400000 -1.900000
v 0.800000 -0.500000 2.000000
v 0.600000 -0.500000 2.000000
v -0.600000 -0.500000 2.000000
v -0.800000 -0.500000 2.000000
v 0.800000 -0.500000 1.900000
v 0.600000 -0.500000 1.900000
v 0.500000 -0.500000 1.900000
v -0.500000 -0.500000 1.900000
v -0.600000 -0.500000 1.900000
v -0.800000 -0.500000 1.900000
v 0.600000 -0.500000 1.800000
v 0.500000 -0.500000 1.800000
v -0.500000 -0.500000 1.800000
v -0.600000 -0.500000 1.800000
v 0.300000 -0.500000 1.200000
v 0.200000 -0.500000 1.200000
v -0.200000 -0.500000 1.200000
v -0.300000 -0.500000 1.200000
v 0.300000 -0.500000 1.100000
v 0.200000 -0.500000 1.100000
v -0.200000 -0.500000 1.100000
v -0.300000 -0.500000 1.100000
v 0.900000 -0.500000 -0.700000
v 0.800000 -0.500000 -0.700000
v -0.800000 -0.500000 -0.700000
v -0.900000 -0.500000 -0.700000
v 0.800000 -0.500000 -1.200000
v -0.800000 -0.500000 -1.200000
v 0.900000 -0.500000 -1.300000
v 0.800000 -0.500000 -1.300000
v -0.800000 -0.500000 -1.300000
v -0.900000 -0.500000 -1.300000
v 1.000000 -0.600000 -0.700000
v 0.900000 -0.600000 -0.700000
v -0.900000 -0.600000 -0.700000
v -1.000000 -0.600000 -0.700000
v 1.000000 -0.600000 -1.300000
v 0.900000 -0.600000 -1.300000
v 0.500000 -0.600000 -1.300000
v -0.500000 -0.600000 -1.300000
v -0.900000 -0.600000 -1.300000
v -1.000000 -0.600000 -1.300000
v 0.200000 -0.600000 -1.500000
v 0.100000 -0.600000 -1.500000
v -0.100000 -0.600000 -1.500000
v -0.200000 -0.600000 -1.500000
v 0.600000 -0.600000 -1.600000
v 0.500000 -0.600000 -1.600000
v 0.400000 -0.600000 -1.600000
v 0.200000 -0.600000 -1.600000
v 0.100000 -0.600000 -1.600000
v -0.100000 -0.600000 -1.600000
v -0.200000 -0.600000 -1.600000
v -0.400000 -0.600000 -1.600000
v -0.500000 -0.600000 -1.600000
v -0.600000 -0.600000 -1.600000
v 0.500000 -0.600000 -1.700000
v 0.400000 -0.600000 -1.700000
v -0.400000 -0.600000 -1.700000
v -0.500000 -0.600000 -1.700000
v 0.600000 -0.600000 -1.900000
v 0.500000 -0.600000 -1.900000
v -0.500000 -0.600000 -1.900000
v -0.600000 -0.600000 -1.900000
v 1.100000 -0.700000 -0.900000
v 1.000000 -0.700000 -0.900000
v -1.000000 -0.700000 -0.900000
v -1.100000 -0.700000 -0.900000
v 1.000000 -0.700000 -1.300000
v -1.000000 -0.700000 -1.300000
v 1.100000 -0.700000 -1.400000
v 1.000000 -0.700000 -1.400000
v -1.000000 -0.700000 -1.400000
v -1.100000 -0.700000 -1.400000
v 1.200000 -0.800000 -1.100000
v 1.100000 -0.800000 -1.100000
v -1.100000 -0.800000 -1.100000
v -1.200000 -0.800000 -1.100000
v 1.200000 -0.800000 -1.400000
v 1.100000 -0.800000 -1.400000
v -1.100000 -0.800000 -1.400000
v -1.200000 -0.800000 -1.400000
v 1.200000 -0.800000 -1.500000
v 1.100000 -0.800000 -1.500000
v -1.100000 -0.800000 -1.500000
v -1.200000 -0.800000 -1.500000
v 2.300000 0.900000 0.500000
v 2.200000 0.900000 0.500000
v -2.200000 0.900000 0.500000
v -2.300000 0.900000 0.500000
v 2.300000 0.900000 0.300000
v 2.200000 0.900000 0.300000
v -2.200000 0.900000 0.300000
v -2.300000 0.900000 0.300000
v 2.300000 0.900000 0.200000
v 2.200000 0.900000 0.200000
v -2.200000 0.900000 0.200000
v -2.300000 0.900000 0.200000
v 2.300000 0.800000 0.800000
v 2.200000 0.800000 0.800000
v -2.200000 0.800000 0.800000
v -2.300000 0.800000 0.800000
v 2.300000 0.800000 0.500000
v 2.200000 0.800000 0.500000
v -2.200000 0.800000 0.500000
v -2.300000 0.800000 0.500000
v 3.000000 0.700000 1.000000
v 2.900000 0.700000 1.000000
v -2.900000 0.700000 1.000000
v -3.000000 0.700000 1.000000
v 3.000000 0.700000 0.600000
v 2.900000 0.700000 0.600000
v -2.900000 0.700000 0.600000
v -3.000000 0.700000 0.600000
v 1.000000 0.700000 -0.000000
v 0.900000 0.700000 -0.000000
v -0.900000 0.700000 -0.000000
v -1.000000 0.700000 -0.000000
v 1.000000 0.700000 -0.200000
v 0.900000 0.700000 -0.200000
v -0.900000 0.700000 -0.200000
v -1.000000 0.700000 -0.200000
v 1.000000 0.700000 -0.300000
v 0.900000 0.700000 -0.300000
v -0.900000 0.700000 -0.300000
v -1.000000 0.700000 -0.300000
v 2.400000 0.600000 2.400000
v 2.200000 0.600000 2.400000
v 2.100000 0.600000 2.400000
v 1.800000 0.600000 2.400000
v -1.800000 0.600000 2.400000
v -2.100000 0.600000 2.400000
v -2.200000 0.600000 2.400000
v -2.400000 0.600000 2.400000
v 2.400000 0.600000 2.300000
v 1.800000 0.600000 2.300000
v -1.800000 0.600000 2.300000
v -2.400000 0.600000 2.300000
v 2.700000 0.600000 1.500000
v 2.600000 0.600000 1.500000
v -2.600000 0.600000 1.500000
v -2.700000 0.600000 1.500000
v 2.700000 0.600000 1.300000
v 2.600000 0.600000 1.300000
v -2.600000 0.600000 1.300000
v -2.700000 0.600000 1.300000
v 2.900000 0.600000 1.100000
v 2.800000 0.600000 1.100000
v -2.800000 0.600000 1.100000
v -2.900000 0.600000 1.100000
v 2.900000 0.600000 0.900000
v 2.800000 0.600000 0.900000
v -2.800000 0.600000 0.900000
v -2.900000 0.600000 0.900000
v 2.900000 0.600000 0.700000
v 2.800000 0.600000 0.700000
v -2.800000 0.600000 0.700000
v -2.900000 0.600000 0.700000
v 2.900000 0.600000 0.500000
v 2.800000 0.600000 0.500000
v 2.700000 0.600000 0.500000
v 2.500000 0.600000 0.500000
v 2.400000 0.600000 0.500000
v -2.400000 0.600000 0.500000
v -2.500000 0.600000 0.500000
v -2.700000 0.600000 0.500000
v -2.800000 0.600000 0.500000
v -2.900000 0.600000 0.500000
v 2.700000 0.600000 0.400000
v 2.500000 0.600000 0.400000
v 2.300000 0.600000 0.400000
v 2.100000 0.600000 0.400000
v -2.100000 0.600000 0.400000
v -2.300000 0.600000 0.400000
v -2.500000 0.600000 0.400000
v -2.700000 0.600000 0.400000
v 2.800000 0.600000 0.300000
v 2.600000 0.600000 0.300000
v 2.400000 0.600000 0.300000
v 2.300000 0.600000 0.300000
v 2.100000 0.600000 0.300000
v 2.000000 0.600000 0.300000
v 1.000000 0.600000 0.300000
v 0.900000 0.600000 0.300000
v -0.900000 0.600000 0.300000
v -1.000000 0.600000 0.300000
v -2.000000 0.600000 0.300000
v -2.100000 0.600000 0.300000
v -2.300000 0.600000 0.300000
v -2.400000 0.600000 0.300000
v -2.600000 0.600000 0.300000
v -2.800000 0.600000 0.300000
v 2.600000 0.600000 0.200000
v 2.400000 0.600000 0.200000
v -2.400000 0.600000 0.200000
v -2.600000 0.600000 0.200000
v 2.400000 0.600000 0.100000
v 2.200000 0.600000 0.100000
v 2.000000 0.600000 0.100000
v 1.800000 0.600000 0.100000
v -1.800000 0.600000 0.100000
v -2.000000 0.600000 0.100000
v -2.200000 0.600000 0.100000
v -2.400000 0.600000 0.100000
v 2.200000 0.600000 -0.000000
v 2.000000 0.600000 -0.000000
v 1.000000 0.600000 -0.000000
v 0.900000 0.600000 -0.000000
v -0.900000 0.600000 -0.000000
v -1.000000 0.600000 -0.000000
v -2.000000 0.600000 -0.000000
v -2.200000 0.600000 -0.000000
v 2.000000 0.600000 -0.100000
v 1.800000 0.600000 -0.100000
v -1.800000 0.600000 -0.100000
v -2.000000 0.600000 -0.100000
v 2.400000 0.500000 2.500000
v 2.200000 0.500000 2.500000
v 2.100000 0.500000 2.500000
v 1.800000 0.500000 2.500000
v -1.800000 0.500000 2.500000
v -2.100000 0.500000 2.500000
v -2.200000 0.500000 2.500000
v -2.400000 0.500000 2.500000
v 2.400000 0.500000 2.400000
v 2.200000 0.500000 2.400000
v 2.100000 0.500000 2.400000
v 1.800000 0.500000 2.400000
v -1.800000 0.500000 2.400000
v -2.100000 0.500000 2.400000
v -2.200000 0.500000 2.400000
v -2.400000 0.500000 2.400000
v 2.500000 0.500000 2.300000
v 2.400000 0.500000 2.300000
v 1.800000 0.500000 2.300000
v 1.600000 0.500000 2.300000
v -1.600000 0.500000 2.300000
v -1.800000 0.500000 2.300000
v -2.400000 0.500000 2.300000
v -2.500000 0.500000 2.300000
v 2.500000 0.500000 2.200000
v 2.400000 0.500000 2.200000
v 1.800000 0.500000 2.200000
v 1.600000 0.500000 2.200000
v 1.400000 0.500000 2.200000
v -1.400000 0.500000 2.200000
v -1.600000 0.500000 2.200000
v -1.800000 0.500000 2.200000
v -2.400000 0.500000 2.200000
v -2.500000 0.500000 2.200000
v 2.600000 0.500000 2.100000
v 2.500000 0.500000 2.100000
v 1.600000 0.500000 2.100000
v 1.400000 0.500000 2.100000
v -1.400000 0.500000 2.100000
v -1.600000 0.500000 2.100000
v -2.500000 0.500000 2.100000
v -2.600000 0.500000 2.100000
v 2.600000 0.500000 1.900000
v 2.500000 0.500000 1.900000
v -2.500000 0.500000 1.900000
v -2.600000 0.500000 1.900000
v 2.700000 0.500000 1.600000
v 2.600000 0.500000 1.600000
v -2.600000 0.500000 1.600000
v -2.700000 0.500000 1.600000
v 2.800000 0.500000 1.500000
v 2.700000 0.500000 1.500000
v 2.600000 0.500000 1.500000
v -2.600000 0.500000 1.500000
v -2.700000 0.500000 1.500000
v -2.800000 0.500000 1.500000
v 2.800000 0.500000 1.300000
v 2.700000 0.500000 1.300000
v -2.700000 0.500000 1.300000
v -2.800000 0.500000 1.300000
v 2.700000 0.500000 0.600000
v 2.500000 0.500000 0.600000
v -2.500000 0.500000 0.600000
v -2.700000 0.500000 0.600000
v 2.700000 0.500000 0.500000
v 2.500000 0.500000 0.500000
v -2.500000 0.500000 0.500000
v -2.700000 0.500000 0.500000
v 2.700000 0.500000 0.400000
v 2.500000 0.500000 0.400000
v -2.500000 0.500000 0.400000
v -2.700000 0.500000 0.400000
v 1.700000 0.500000 -0.000000
v 1.500000 0.500000 -0.000000
v -1.500000 0.500000 -0.000000
v -1.700000 0.500000 -0.000000
v 1.800000 0.500000 -0.100000
v 1.700000 0.500000 -0.100000
v 1.500000 0.500000 -0.100000
v 1.400000 0.500000 -0.100000
v -1.400000 0.500000 -0.100000
v -1.500000 0.500000 -0.100000
v -1.700000 0.500000 -0.100000
v -1.800000 0.500000 -0.100000
v 1.800000 0.500000 -0.300000
v 1.600000 0.500000 -0.300000
v -1.600000 0.500000 -0.300000
v -1.800000 0.500000 -0.300000
v 1.600000 0.500000 -0.400000
v 1.400000 0.500000 -0.400000
v -1.400000 0.500000 -0.400000
v -1.600000 0.500000 -0.400000
v 1.800000 0.400000 2.400000
v 1.600000 0.400000 2.400000
v -1.600000 0.400000 2.400000
v -1.800000 0.400000 2.400000
v 1.800000 0.400000 2.300000
v 1.700000 0.400000 2.300000
v 1.600000 0.400000 2.300000
v 1.400000 0.400000 2.300000
v -1.400000 0.400000 2.300000
v -1.600000 0.400000 2.300000
v -1.700000 0.400000 2.300000
v -1.800000 0.400000 2.300000
v 2.500000 0.400000 2.200000
v 2.400000 0.400000 2.200000
v 1.600000 0.400000 2.200000
v 1.400000 0.400000 2.200000
v 1.300000 0.400000 2.200000
v 1.200000 0.400000 2.200000
v 1.000000 0.400000 2.200000
v -1.000000 0.400000 2.200000
v -1.200000 0.400000 2.200000
v -1.300000 0.400000 2.200000
v -1.400000 0.400000 2.200000
v -1.600000 0.400000 2.200000
v -2.400000 0.400000 2.200000
v -2.500000 0.400000 2.200000
v 2.500000 0.400000 2.100000
v 2.400000 0.400000 2.100000
v 1.400000 0.400000 2.100000
v 1.000000 0.400000 2.100000
v 0.800000 0.400000 2.100000
v -0.800000 0.400000 2.100000
v -1.000000 0.400000 2.100000
v -1.400000 0.400000 2.100000
v -2.400000 0.400000 2.100000
v -2.500000 0.400000 2.100000
v 1.000000 0.400000 2.000000
v 0.800000 0.400000 2.000000
v 0.600000 0.400000 2.000000
v -0.600000 0.400000 2.000000
v -0.800000 0.400000 2.000000
v -1.000000 0.400000 2.000000
v 0.800000 0.400000 1.900000
v 0.600000 0.400000 1.900000
v 0.500000 0.400000 1.900000
v -0.500000 0.400000 1.900000
v -0.600000 0.400000 1.900000
v -0.800000 0.400000 1.900000
v 0.600000 0.400000 1.800000
v 0.500000 0.400000 1.800000
v -0.500000 0.400000 1.800000
v -0.600000 0.400000 1.800000
v 0.400000 0.400000 1.500000
v 0.300000 0.400000 1.500000
v -0.300000 0.400000 1.500000
v -0.400000 0.400000 1.500000
v 0.400000 0.400000 1.300000
v 0.300000 0.400000 1.300000
v -0.300000 0.400000 1.300000
v -0.400000 0.400000 1.300000
v 2.300000 0.400000 0.400000
v 2.100000 0.400000 0.400000
v -2.100000 0.400000 0.400000
v -2.300000 0.400000 0.400000
v 2.300000 0.400000 0.300000
v 2.100000 0.400000 0.300000
v -2.100000 0.400000 0.300000
v -2.300000 0.400000 0.300000
v 2.300000 0.400000 0.200000
v 2.100000 0.400000 0.200000
v -2.100000 0.400000 0.200000
v -2.300000 0.400000 0.200000
v 1.300000 0.400000 -0.200000
v 1.100000 0.400000 -0.200000
v -1.100000 0.400000 -0.200000
v -1.300000 0.400000 -0.200000
v 1.400000 0.400000 -0.300000
v 1.300000 0.400000 -0.300000
v 1.100000 0.400000 -0.300000
v 1.000000 0.400000 -0.300000
v -1.000000 0.400000 -0.300000
v -1.100000 0.400000 -0.300000
v -1.300000 0.400000 -0.300000
v -1.400000 0.400000 -0.300000
v 1.400000 0.400000 -0.500000
v 1.200000 0.400000 -0.500000
v 1.000000 0.400000 -0.500000
v 0.700000 0.400000 -0.500000
v -0.700000 0.400000 -0.500000
v -1.000000 0.400000 -0.500000
v -1.200000 0.400000 -0.500000
v -1.400000 0.400000 -0.500000
v 1.200000 0.400000 -0.600000
v 1.000000 0.400000 -0.600000
v 0.800000 0.400000 -0.600000
v 0.700000 0.400000 -0.600000
v -0.700000 0.400000 -0.600000
v -0.800000 0.400000 -0.600000
v -1.000000 0.400000 -0.600000
v -1.200000 0.400000 -0.600000
v 1.000000 0.400000 -0.700000
v 0.800000 0.400000 -0.700000
v -0.800000 0.400000 -0.700000
v -1.000000 0.400000 -0.700000
v 2.300000 0.300000 2.300000
v 1.900000 0.300000 2.300000
v 1.700000 0.300000 2.300000
v 1.600000 0.300000 2.300000
v 1.400000 0.300000 2.300000
v 1.300000 0.300000 2.300000
v 1.200000 0.300000 2.300000
v 1.000000 0.300000 2.300000
v -1.000000 0.300000 2.300000
v -1.200000 0.300000 2.300000
v -1.300000 0.300000 2.300000
v -1.400000 0.300000 2.300000
v -1.600000 0.300000 2.300000
v -1.700000 0.300000 2.300000
v -1.900000 0.300000 2.300000
v -2.300000 0.300000 2.300000
v 2.300000 0.300000 2.200000
v 1.900000 0.300000 2.200000
v 1.700000 0.300000 2.200000
v 1.600000 0.300000 2.200000
v 1.400000 0.300000 2.200000
v 1.300000 0.300000 2.200000
v 1.200000 0.300000 2.200000
v 1.000000 0.300000 2.200000
v 0.800000 0.300000 2.200000
v -0.800000 0.300000 2.200000
v -1.000000 0.300000 2.200000
v -1.200000 0.300000 2.200000
v -1.300000 0.300000 2.200000
v -1.400000 0.300000 2.200000
v -1.600000 0.300000 2.200000
v -1.700000 0.300000 2.200000
v -1.900000 0.300000 2.200000
v -2.300000 0.300000 2.200000
v 1.000000 0.300000 2.100000
v 0.900000 0.300000 2.100000
v 0.800000 0.300000 2.100000
v 0.600000 0.300000 2.100000
v -0.600000 0.300000 2.100000
v -0.800000 0.300000 2.100000
v -0.900000 0.300000 2.100000
v -1.000000 0.300000 2.100000
v 0.800000 0.300000 2.000000
v 0.600000 0.300000 2.000000
v 0.500000 0.300000 2.000000
v -0.500000 0.300000 2.000000
v -0.600000 0.300000 2.000000
v -0.800000 0.300000 2.000000
v 0.600000 0.300000 1.900000
v 0.500000 0.300000 1.900000
v 0.400000 0.300000 1.900000
v -0.400000 0.300000 1.900000
v -0.500000 0.300000 1.900000
v -0.600000 0.300000 1.900000
v 0.500000 0.300000 1.800000
v -0.500000 0.300000 1.800000
v 0.500000 0.300000 1.700000
v 0.400000 0.300000 1.700000
v 0.300000 0.300000 1.700000
v -0.300000 0.300000 1.700000
v -0.400000 0.300000 1.700000
v -0.500000 0.300000 1.700000
v 0.400000 0.300000 1.500000
v 0.300000 0.300000 1.500000
v -0.300000 0.300000 1.500000
v -0.400000 0.300000 1.500000
v 0.300000 0.300000 1.300000
v 0.200000 0.300000 1.300000
v -0.200000 0.300000 1.300000
v -0.300000 0.300000 1.300000
v 0.300000 0.300000 1.100000
v 0.200000 0.300000 1.100000
v -0.200000 0.300000 1.100000
v -0.300000 0.300000 1.100000
v 2.900000 0.300000 1.000000
v 2.800000 0.300000 1.000000
v -2.800000 0.300000 1.000000
v -2.900000 0.300000 1.000000
v 2.900000 0.300000 0.900000
v 2.800000 0.300000 0.900000
v -2.800000 0.300000 0.900000
v -2.900000 0.300000 0.900000
v 2.700000 0.300000 0.600000
v 2.500000 0.300000 0.600000
v -2.500000 0.300000 0.600000
v -2.700000 0.300000 0.600000
v 2.700000 0.300000 0.500000
v 2.500000 0.300000 0.500000
v -2.500000 0.300000 0.500000
v -2.700000 0.300000 0.500000
v 2.700000 0.300000 0.400000
v 2.500000 0.300000 0.400000
v -2.500000 0.300000 0.400000
v -2.700000 0.300000 0.400000
v 1.700000 0.300000 -0.000000
v 1.500000 0.300000 -0.000000
v -1.500000 0.300000 -0.000000
v -1.700000 0.300000 -0.000000
v 1.700000 0.300000 -0.100000
v 1.500000 0.300000 -0.100000
v -1.500000 0.300000 -0.100000
v -1.700000 0.300000 -0.100000
v 1.700000 0.300000 -0.200000
v 1.500000 0.300000 -0.200000
v -1.500000 0.300000 -0.200000
v -1.700000 0.300000 -0.200000
v 2.500000 0.200000 2.200000
v 2.400000 0.200000 2.200000
v -2.400000 0.200000 2.200000
v -2.500000 0.200000 2.200000
v 2.500000 0.200000 2.100000
v 2.400000 0.200000 2.100000
v 1.500000 0.200000 2.100000
v 1.100000 0.200000 2.100000
v 0.900000 0.200000 2.100000
v 0.800000 0.200000 2.100000
v -0.800000 0.200000 2.100000
v -0.900000 0.200000 2.100000
v -1.100000 0.200000 2.100000
v -1.500000 0.200000 2.100000
v -2.400000 0.200000 2.100000
v -2.500000 0.200000 2.100000
v 1.500000 0.200000 2.000000
v 1.100000 0.200000 2.000000
v 0.900000 0.200000 2.000000
v 0.800000 0.200000 2.000000
v -0.800000 0.200000 2.000000
v -0.900000 0.200000 2.000000
v -1.100000 0.200000 2.000000
v -1.500000 0.200000 2.000000
v 0.200000 0.200000 0.600000
v -0.200000 0.200000 0.600000
v 0.200000 0.200000 0.500000
v -0.200000 0.200000 0.500000
v 2.300000 0.200000 0.400000
v 2.100000 0.200000 0.400000
v -2.100000 0.200000 0.400000
v -2.300000 0.200000 0.400000
v 2.300000 0.200000 0.300000
v 2.100000 0.200000 0.300000
v -2.100000 0.200000 0.300000
v -2.300000 0.200000 0.300000
v 2.300000 0.200000 0.200000
v 2.100000 0.200000 0.200000
v -2.100000 0.200000 0.200000
v -2.300000 0.200000 0.200000
v 1.300000 0.200000 -0.200000
v 1.100000 0.200000 -0.200000
v -1.100000 0.200000 -0.200000
v -1.300000 0.200000 -0.200000
v 1.300000 0.200000 -0.300000
v 1.100000 0.200000 -0.300000
v -1.100000 0.200000 -0.300000
v -1.300000 0.200000 -0.300000
v 1.300000 0.200000 -0.400000
v 1.100000 0.200000 -0.400000
v -1.100000 0.200000 -0.400000
v -1.300000 0.200000 -0.400000
v 2.300000 0.100000 2.300000
v 1.900000 0.100000 2.300000
v 1.700000 0.100000 2.300000
v 1.600000 0.100000 2.300000
v -1.600000 0.100000 2.300000
v -1.700000 0.100000 2.300000
v -1.900000 0.100000 2.300000
v -2.300000 0.100000 2.300000
v 2.300000 0.100000 2.200000
v 1.900000 0.100000 2.200000
v 1.700000 0.100000 2.200000
v 1.600000 0.100000 2.200000
v -1.600000 0.100000 2.200000
v -1.700000 0.100000 2.200000
v -1.900000 0.100000 2.200000
v -2.300000 0.100000 2.200000
v 2.700000 0.100000 1.700000
v 2.600000 0.100000 1.700000
v -2.600000 0.100000 1.700000
v -2.700000 0.100000 1.700000
v 2.700000 0.100000 1.300000
v 2.600000 0.100000 1.300000
v -2.600000 0.100000 1.300000
v -2.700000 0.100000 1.300000
v 0.100000 0.100000 0.700000
v -0.100000 0.100000 0.700000
v 2.700000 0.100000 0.600000
v 2.500000 0.100000 0.600000
v 0.100000 0.100000 0.600000
v -0.100000 0.100000 0.600000
v -2.500000 0.100000 0.600000
v -2.700000 0.100000 0.600000
v 2.700000 0.100000 0.500000
v 2.500000 0.100000 0.500000
v -2.500000 0.100000 0.500000
v -2.700000 0.100000 0.500000
v 2.700000 0.100000 0.300000
v 2.500000 0.100000 0.300000
v -2.500000 0.100000 0.300000
v -2.700000 0.100000 0.300000
v 1.700000 0.100000 -0.000000
v 1.500000 0.100000 -0.000000
v -1.500000 0.100000 -0.000000
v -1.700000 0.100000 -0.000000
v 1.700000 0.100000 -0.100000
v 1.500000 0.100000 -0.100000
v -1.500000 0.100000 -0.100000
v -1.700000 0.100000 -0.100000
v 1.700000 0.100000 -0.200000
v 1.500000 0.100000 -0.200000
v -1.500000 0.100000 -0.200000
v -1.700000 0.100000 -0.200000
v 0.400000 0.100000 -1.300000
v 0.200000 0.100000 -1.300000
v -0.200000 0.100000 -1.300000
v -0.400000 0.100000 -1.300000
v 0.400000 0.100000 -1.500000
v 0.200000 0.100000 -1.500000
v -0.200000 0.100000 -1.500000
v -0.400000 0.100000 -1.500000
v 2.500000 0.000000 2.200000
v 2.400000 0.000000 2.200000
v -2.400000 0.000000 2.200000
v -2.500000 0.000000 2.200000
v 2.500000 0.000000 2.100000
v 2.400000 0.000000 2.100000
v 1.500000 0.000000 2.100000
v 1.100000 0.000000 2.100000
v 0.900000 0.000000 2.100000
v 0.800000 0.000000 2.100000
v -0.800000 0.000000 2.100000
v -0.900000 0.000000 2.100000
v -1.100000 0.000000 2.100000
v -1.500000 0.000000 2.100000
v -2.400000 0.000000 2.100000
v -2.500000 0.000000 2.100000
v 1.500000 0.000000 2.000000
v 1.100000 0.000000 2.000000
v 0.900000 0.000000 2.000000
v 0.800000 0.000000 2.000000
v -0.800000 0.000000 2.000000
v -0.900000 0.000000 2.000000
v -1.100000 0.000000 2.000000
v -1.500000 0.000000 2.000000
v 2.900000 0.000000 1.100000
v 2.800000 0.000000 1.100000
v -2.800000 0.000000 1.100000
v -2.900000 0.000000 1.100000
v 2.900000 0.000000 1.000000
v 2.800000 0.000000 1.000000
v -2.800000 0.000000 1.000000
v -2.900000 0.000000 1.000000
v 0.200000 0.000000 0.800000
v 0.100000 0.000000 0.800000
v -0.100000 0.000000 0.800000
v -0.200000 0.000000 0.800000
v 2.900000 0.000000 0.600000
v 2.800000 0.000000 0.600000
v -2.800000 0.000000 0.600000
v -2.900000 0.000000 0.600000
v 2.900000 0.000000 0.500000
v 2.800000 0.000000 0.500000
v 0.200000 0.000000 0.500000
v 0.100000 0.000000 0.500000
v -0.100000 0.000000 0.500000
v -0.200000 0.000000 0.500000
v -2.800000 0.000000 0.500000
v -2.900000 0.000000 0.500000
v 2.300000 0.000000 0.400000
v 2.100000 0.000000 0.400000
v -2.100000 0.000000 0.400000
v -2.300000 0.000000 0.400000
v 2.300000 0.000000 0.300000
v 2.100000 0.000000 0.300000
v -2.100000 0.000000 0.300000
v -2.300000 0.000000 0.300000
v 2.300000 0.000000 0.100000
v 2.100000 0.000000 0.100000
v -2.100000 0.000000 0.100000
v -2.300000 0.000000 0.100000
v 1.300000 -0.000000 -0.200000
v 1.100000 -0.000000 -0.200000
v -1.100000 -0.000000 -0.200000
v -1.300000 -0.000000 -0.200000
v 1.300000 -0.000000 -0.300000
v 1.100000 -0.000000 -0.300000
v -1.100000 -0.000000 -0.300000
v -1.300000 -0.000000 -0.300000
v 1.300000 -0.000000 -0.400000
v 1.100000 -0.000000 -0.400000
v -1.100000 -0.000000 -0.400000
v -1.300000 -0.000000 -0.400000
v 0.200000 -0.000000 -1.200000
v -0.200000 -0.000000 -1.200000
v 0.200000 -0.000000 -1.600000
v -0.200000 -0.000000 -1.600000
v 0.200000 -0.000000 -1.700000
v -0.200000 -0.000000 -1.700000
v 0.200000 -0.000000 -1.900000
v -0.200000 -0.000000 -1.900000
v 1.700000 -0.100000 2.300000
v 1.600000 -0.100000 2.300000
v -1.600000 -0.100000 2.300000
v -1.700000 -0.100000 2.300000
v 1.700000 -0.100000 2.200000
v 1.600000 -0.100000 2.200000
v -1.600000 -0.100000 2.200000
v -1.700000 -0.100000 2.200000
v 2.500000 -0.100000 2.100000
v 2.400000 -0.100000 2.100000
v -2.400000 -0.100000 2.100000
v -2.500000 -0.100000 2.100000
v 2.500000 -0.100000 1.900000
v 2.400000 -0.100000 1.900000
v -2.400000 -0.100000 1.900000
v -2.500000 -0.100000 1.900000
v 2.800000 -0.100000 1.500000
v 2.700000 -0.100000 1.500000
v 0.400000 -0.100000 1.500000
v 0.300000 -0.100000 1.500000
v -0.300000 -0.100000 1.500000
v -0.400000 -0.100000 1.500000
v -2.700000 -0.100000 1.500000
v -2.800000 -0.100000 1.500000
v 2.800000 -0.100000 1.400000
v 2.700000 -0.100000 1.400000
v -2.700000 -0.100000 1.400000
v -2.800000 -0.100000 1.400000
v 0.400000 -0.100000 1.300000
v 0.300000 -0.100000 1.300000
v 0.200000 -0.100000 1.300000
v -0.200000 -0.100000 1.300000
v -0.300000 -0.100000 1.300000
v -0.400000 -0.100000 1.300000
v 0.300000 -0.100000 1.200000
v 0.200000 -0.100000 1.200000
v -0.200000 -0.100000 1.200000
v -0.300000 -0.100000 1.200000
v 3.000000 -0.100000 1.000000
v 2.900000 -0.100000 1.000000
v -2.900000 -0.100000 1.000000
v -3.000000 -0.100000 1.000000
v 3.000000 -0.100000 0.900000
v 2.900000 -0.100000 0.900000
v 2.700000 -0.100000 0.900000
v -2.700000 -0.100000 0.900000
v -2.900000 -0.100000 0.900000
v -3.000000 -0.100000 0.900000
v 3.000000 -0.100000 0.800000
v 2.900000 -0.100000 0.800000
v 2.700000 -0.100000 0.800000
v -2.700000 -0.100000 0.800000
v -2.900000 -0.100000 0.800000
v -3.000000 -0.100000 0.800000
v 3.000000 -0.100000 0.600000
v 2.900000 -0.100000 0.600000
v -2.900000 -0.100000 0.600000
v -3.000000 -0.100000 0.600000
v 2.700000 -0.100000 0.300000
v 2.500000 -0.100000 0.300000
v -2.500000 -0.100000 0.300000
v -2.700000 -0.100000 0.300000
v 2.700000 -0.100000 0.200000
v 2.500000 -0.100000 0.200000
v -2.500000 -0.100000 0.200000
v -2.700000 -0.100000 0.200000
v 1.700000 -0.100000 -0.000000
v 1.500000 -0.100000 -0.000000
v -1.500000 -0.100000 -0.000000
v -1.700000 -0.100000 -0.000000
v 1.700000 -0.100000 -0.100000
v 1.500000 -0.100000 -0.100000
v -1.500000 -0.100000 -0.100000
v -1.700000 -0.100000 -0.100000
v 1.700000 -0.100000 -0.300000
v 1.500000 -0.100000 -0.300000
v -1.500000 -0.100000 -0.300000
v -1.700000 -0.100000 -0.300000
v 0.800000 -0.100000 -0.800000
v 0.700000 -0.100000 -0.800000
v -0.700000 -0.100000 -0.800000
v -0.800000 -0.100000 -0.800000
v 0.700000 -0.100000 -0.900000
v -0.700000 -0.100000 -0.900000
v 0.800000 -0.100000 -1.000000
v 0.700000 -0.100000 -1.000000
v -0.700000 -0.100000 -1.000000
v -0.800000 -0.100000 -1.000000
v 0.600000 -0.100000 -1.400000
v 0.500000 -0.100000 -1.400000
v -0.500000 -0.100000 -1.400000
v -0.600000 -0.100000 -1.400000
v 0.600000 -0.100000 -1.600000
v 0.500000 -0.100000 -1.600000
v -0.500000 -0.100000 -1.600000
v -0.600000 -0.100000 -1.600000
v 2.400000 -0.200000 2.500000
v 2.200000 -0.200000 2.500000
v 2.100000 -0.200000 2.500000
v 2.000000 -0.200000 2.500000
v -2.000000 -0.200000 2.500000
v -2.100000 -0.200000 2.500000
v -2.200000 -0.200000 2.500000
v -2.400000 -0.200000 2.500000
v 2.400000 -0.200000 2.400000
v 2.200000 -0.200000 2.400000
v 2.100000 -0.200000 2.400000
v 2.000000 -0.200000 2.400000
v -2.000000 -0.200000 2.400000
v -2.100000 -0.200000 2.400000
v -2.200000 -0.200000 2.400000
v -2.400000 -0.200000 2.400000
v 2.500000 -0.200000 2.300000
v 2.400000 -0.200000 2.300000
v -2.400000 -0.200000 2.300000
v -2.500000 -0.200000 2.300000
v 2.500000 -0.200000 2.200000
v 2.400000 -0.200000 2.200000
v -2.400000 -0.200000 2.200000
v -2.500000 -0.200000 2.200000
v 2.600000 -0.200000 2.100000
v 2.500000 -0.200000 2.100000
v 0.900000 -0.200000 2.100000
v 0.800000 -0.200000 2.100000
v -0.800000 -0.200000 2.100000
v -0.900000 -0.200000 2.100000
v -2.500000 -0.200000 2.100000
v -2.600000 -0.200000 2.100000
v 2.600000 -0.200000 2.000000
v 2.500000 -0.200000 2.000000
v 0.900000 -0.200000 2.000000
v 0.800000 -0.200000 2.000000
v -0.800000 -0.200000 2.000000
v -0.900000 -0.200000 2.000000
v -2.500000 -0.200000 2.000000
v -2.600000 -0.200000 2.000000
v 2.700000 -0.200000 1.700000
v 2.600000 -0.200000 1.700000
v -2.600000 -0.200000 1.700000
v -2.700000 -0.200000 1.700000
v 2.700000 -0.200000 1.600000
v 2.600000 -0.200000 1.600000
v -2.600000 -0.200000 1.600000
v -2.700000 -0.200000 1.600000
v 2.300000 -0.200000 1.500000
v 2.200000 -0.200000 1.500000
v -2.200000 -0.200000 1.500000
v -2.300000 -0.200000 1.500000
v 2.800000 -0.200000 1.400000
v 2.700000 -0.200000 1.400000
v -2.700000 -0.200000 1.400000
v -2.800000 -0.200000 1.400000
v 2.200000 -0.200000 1.100000
v 2.000000 -0.200000 1.100000
v -2.000000 -0.200000 1.100000
v -2.200000 -0.200000 1.100000
v 2.900000 -0.200000 1.000000
v 2.800000 -0.200000 1.000000
v 2.700000 -0.200000 1.000000
v 2.300000 -0.200000 1.000000
v 2.200000 -0.200000 1.000000
v 2.000000 -0.200000 1.000000
v -2.000000 -0.200000 1.000000
v -2.200000 -0.200000 1.000000
v -2.300000 -0.200000 1.000000
v -2.700000 -0.200000 1.000000
v -2.800000 -0.200000 1.000000
v -2.900000 -0.200000 1.000000
v 2.900000 -0.200000 0.900000
v 2.700000 -0.200000 0.900000
v 2.300000 -0.200000 0.900000
v -2.300000 -0.200000 0.900000
v -2.700000 -0.200000 0.900000
v -2.900000 -0.200000 0.900000
v 2.900000 -0.200000 0.800000
v 2.700000 -0.200000 0.800000
v 2.300000 -0.200000 0.800000
v 2.200000 -0.200000 0.800000
v -2.200000 -0.200000 0.800000
v -2.300000 -0.200000 0.800000
v -2.700000 -0.200000 0.800000
v -2.900000 -0.200000 0.800000
v 2.900000 -0.200000 0.600000
v 2.800000 -0.200000 0.600000
v -2.800000 -0.200000 0.600000
v -2.900000 -0.200000 0.600000
v 2.800000 -0.200000 0.300000
v 2.700000 -0.200000 0.300000
v -2.700000 -0.200000 0.300000
v -2.800000 -0.200000 0.300000
v 2.300000 -0.200000 0.100000
v 2.200000 -0.200000 0.100000
v -2.200000 -0.200000 0.100000
v -2.300000 -0.200000 0.100000
v 2.300000 -0.200000 -0.000000
v 2.200000 -0.200000 -0.000000
v -2.200000 -0.200000 -0.000000
v -2.300000 -0.200000 -0.000000
v 1.300000 -0.200000 -0.200000
v 1.100000 -0.200000 -0.200000
v -1.100000 -0.200000 -0.200000
v -1.300000 -0.200000 -0.200000
v 1.300000 -0.200000 -0.300000
v 1.100000 -0.200000 -0.300000
v -1.100000 -0.200000 -0.300000
v -1.300000 -0.200000 -0.300000
v 1.300000 -0.200000 -0.500000
v 1.100000 -0.200000 -0.500000
v -1.100000 -0.200000 -0.500000
v -1.300000 -0.200000 -0.500000
v 2.000000 -0.300000 2.500000
v 1.800000 -0.300000 2.500000
v -1.800000 -0.300000 2.500000
v -2.000000 -0.300000 2.500000
v 2.400000 -0.300000 2.400000
v 2.000000 -0.300000 2.400000
v 1.800000 -0.300000 2.400000
v 1.600000 -0.300000 2.400000
v -1.600000 -0.300000 2.400000
v -1.800000 -0.300000 2.400000
v -2.000000 -0.300000 2.400000
v -2.400000 -0.300000 2.400000
v 1.800000 -0.300000 2.300000
v 1.600000 -0.300000 2.300000
v 1.400000 -0.300000 2.300000
v -1.400000 -0.300000 2.300000
v -1.600000 -0.300000 2.300000
v -1.800000 -0.300000 2.300000
v 2.500000 -0.300000 2.200000
v 2.400000 -0.300000 2.200000
v 1.600000 -0.300000 2.200000
v 1.400000 -0.300000 2.200000
v -1.400000 -0.300000 2.200000
v -1.600000 -0.300000 2.200000
v -2.400000 -0.300000 2.200000
v -2.500000 -0.300000 2.200000
v 2.600000 -0.300000 2.000000
v 2.500000 -0.300000 2.000000
v -2.500000 -0.300000 2.000000
v -2.600000 -0.300000 2.000000
v 2.300000 -0.300000 1.800000
v 2.200000 -0.300000 1.800000
v -2.200000 -0.300000 1.800000
v -2.300000 -0.300000 1.800000
v 2.700000 -0.300000 1.600000
v 2.600000 -0.300000 1.600000
v 1.800000 -0.300000 1.600000
v 1.700000 -0.300000 1.600000
v -1.700000 -0.300000 1.600000
v -1.800000 -0.300000 1.600000
v -2.600000 -0.300000 1.600000
v -2.700000 -0.300000 1.600000
v 2.300000 -0.300000 1.500000
v 2.200000 -0.300000 1.500000
v -2.200000 -0.300000 1.500000
v -2.300000 -0.300000 1.500000
v 2.000000 -0.300000 1.200000
v 1.800000 -0.300000 1.200000
v 0.300000 -0.300000 1.200000
v 0.100000 -0.300000 1.200000
v -0.100000 -0.300000 1.200000
v -0.300000 -0.300000 1.200000
v -1.800000 -0.300000 1.200000
v -2.000000 -0.300000 1.200000
v 2.200000 -0.300000 1.100000
v 2.000000 -0.300000 1.100000
v 1.800000 -0.300000 1.100000
v 1.700000 -0.300000 1.100000
v 1.400000 -0.300000 1.100000
v 0.300000 -0.300000 1.100000
v 0.200000 -0.300000 1.100000
v -0.200000 -0.300000 1.100000
v -0.300000 -0.300000 1.100000
v -1.400000 -0.300000 1.100000
v -1.700000 -0.300000 1.100000
v -1.800000 -0.300000 1.100000
v -2.000000 -0.300000 1.100000
v -2.200000 -0.300000 1.100000
v 2.700000 -0.300000 1.000000
v 2.300000 -0.300000 1.000000
v 2.200000 -0.300000 1.000000
v 2.000000 -0.300000 1.000000
v 1.700000 -0.300000 1.000000
v 1.400000 -0.300000 1.000000
v -1.400000 -0.300000 1.000000
v -1.700000 -0.300000 1.000000
v -2.000000 -0.300000 1.000000
v -2.200000 -0.300000 1.000000
v -2.300000 -0.300000 1.000000
v -2.700000 -0.300000 1.000000
v 2.700000 -0.300000 0.900000
v 2.300000 -0.300000 0.900000
v 1.800000 -0.300000 0.900000
v 1.700000 -0.300000 0.900000
v -1.700000 -0.300000 0.900000
v -1.800000 -0.300000 0.900000
v -2.300000 -0.300000 0.900000
v -2.700000 -0.300000 0.900000
v 2.300000 -0.300000 0.800000
v 2.200000 -0.300000 0.800000
v 0.200000 -0.300000 0.800000
v 0.100000 -0.300000 0.800000
v -0.100000 -0.300000 0.800000
v -0.200000 -0.300000 0.800000
v -2.200000 -0.300000 0.800000
v -2.300000 -0.300000 0.800000
v 2.300000 -0.300000 0.400000
v 2.200000 -0.300000 0.400000
v -2.200000 -0.300000 0.400000
v -2.300000 -0.300000 0.400000
v 2.700000 -0.300000 0.200000
v 2.400000 -0.300000 0.200000
v -2.400000 -0.300000 0.200000
v -2.700000 -0.300000 0.200000
v 2.400000 -0.300000 0.100000
v 2.200000 -0.300000 0.100000
v -2.200000 -0.300000 0.100000
v -2.400000 -0.300000 0.100000
v 2.200000 -0.300000 -0.000000
v 2.000000 -0.300000 -0.000000
v -2.000000 -0.300000 -0.000000
v -2.200000 -0.300000 -0.000000
v 1.700000 -0.300000 -0.300000
v 1.600000 -0.300000 -0.300000
v -1.600000 -0.300000 -0.300000
v -1.700000 -0.300000 -0.300000
v 1.700000 -0.300000 -0.400000
v 1.600000 -0.300000 -0.400000
v -1.600000 -0.300000 -0.400000
v -1.700000 -0.300000 -0.400000
v 0.800000 -0.300000 -0.900000
v 0.700000 -0.300000 -0.900000
v -0.700000 -0.300000 -0.900000
v -0.800000 -0.300000 -0.900000
v 0.800000 -0.300000 -1.100000
v 0.700000 -0.300000 -1.100000
v -0.700000 -0.300000 -1.100000
v -0.800000 -0.300000 -1.100000
v 0.100000 -0.300000 -1.200000
v -0.100000 -0.300000 -1.200000
v 0.600000 -0.300000 -1.500000
v 0.500000 -0.300000 -1.500000
v -0.500000 -0.300000 -1.500000
v -0.600000 -0.300000 -1.500000
v 0.100000 -0.300000 -1.600000
v -0.100000 -0.300000 -1.600000
v 0.600000 -0.300000 -1.700000
v 0.500000 -0.300000 -1.700000
v 0.100000 -0.300000 -1.700000
v -0.100000 -0.300000 -1.700000
v -0.500000 -0.300000 -1.700000
v -0.600000 -0.300000 -1.700000
v 2.000000 -0.400000 2.400000
v 1.800000 -0.400000 2.400000
v -1.800000 -0.400000 2.400000
v -2.000000 -0.400000 2.400000
v 1.800000 -0.400000 2.300000
v 1.600000 -0.400000 2.300000
v 1.400000 -0.400000 2.300000
v 1.300000 -0.400000 2.300000
v 1.200000 -0.400000 2.300000
v 1.000000 -0.400000 2.300000
v -1.000000 -0.400000 2.300000
v -1.200000 -0.400000 2.300000
v -1.300000 -0.400000 2.300000
v -1.400000 -0.400000 2.300000
v -1.600000 -0.400000 2.300000
v -1.800000 -0.400000 2.300000
v 1.600000 -0.400000 2.200000
v 1.400000 -0.400000 2.200000
v 1.300000 -0.400000 2.200000
v 1.200000 -0.400000 2.200000
v 1.000000 -0.400000 2.200000
v 0.800000 -0.400000 2.200000
v -0.800000 -0.400000 2.200000
v -1.000000 -0.400000 2.200000
v -1.200000 -0.400000 2.200000
v -1.300000 -0.400000 2.200000
v -1.400000 -0.400000 2.200000
v -1.600000 -0.400000 2.200000
v 1.000000 -0.400000 2.100000
v 0.800000 -0.400000 2.100000
v -0.800000 -0.400000 2.100000
v -1.000000 -0.400000 2.100000
v 1.800000 -0.400000 1.900000
v 1.700000 -0.400000 1.900000
v -1.700000 -0.400000 1.900000
v -1.800000 -0.400000 1.900000
v 2.300000 -0.400000 1.800000
v 2.200000 -0.400000 1.800000
v -2.200000 -0.400000 1.800000
v -2.300000 -0.400000 1.800000
v 1.800000 -0.400000 1.600000
v 1.700000 -0.400000 1.600000
v -1.700000 -0.400000 1.600000
v -1.800000 -0.400000 1.600000
v 2.300000 -0.400000 1.500000
v 2.200000 -0.400000 1.500000
v -2.200000 -0.400000 1.500000
v -2.300000 -0.400000 1.500000
v 1.200000 -0.400000 1.400000
v 1.100000 -0.400000 1.400000
v -1.100000 -0.400000 1.400000
v -1.200000 -0.400000 1.400000
v 2.000000 -0.400000 1.200000
v 1.800000 -0.400000 1.200000
v -1.800000 -0.400000 1.200000
v -2.000000 -0.400000 1.200000
v 2.000000 -0.400000 1.100000
v 1.800000 -0.400000 1.100000
v 1.700000 -0.400000 1.100000
v 1.400000 -0.400000 1.100000
v -1.400000 -0.400000 1.100000
v -1.700000 -0.400000 1.100000
v -1.800000 -0.400000 1.100000
v -2.000000 -0.400000 1.100000
v 1.700000 -0.400000 1.000000
v 1.400000 -0.400000 1.000000
v 1.200000 -0.400000 1.000000
v -1.200000 -0.400000 1.000000
v -1.400000 -0.400000 1.000000
v -1.700000 -0.400000 1.000000
v 1.800000 -0.400000 0.900000
v 1.700000 -0.400000 0.900000
v 1.400000 -0.400000 0.900000
v 1.200000 -0.400000 0.900000
v 1.100000 -0.400000 0.900000
v 0.800000 -0.400000 0.900000
v -0.800000 -0.400000 0.900000
v -1.100000 -0.400000 0.900000
v -1.200000 -0.400000 0.900000
v -1.400000 -0.400000 0.900000
v -1.700000 -0.400000 0.900000
v -1.800000 -0.400000 0.900000
v 1.100000 -0.400000 0.800000
v 1.000000 -0.400000 0.800000
v 0.900000 -0.400000 0.800000
v 0.800000 -0.400000 0.800000
v -0.800000 -0.400000 0.800000
v -0.900000 -0.400000 0.800000
v -1.000000 -0.400000 0.800000
v -1.100000 -0.400000 0.800000
v 1.200000 -0.400000 0.700000
v 1.100000 -0.400000 0.700000
v 1.000000 -0.400000 0.700000
v 0.900000 -0.400000 0.700000
v -0.900000 -0.400000 0.700000
v -1.000000 -0.400000 0.700000
v -1.100000 -0.400000 0.700000
v -1.200000 -0.400000 0.700000
v 1.000000 -0.400000 0.400000
v 0.900000 -0.400000 0.400000
v 0.800000 -0.400000 0.400000
v -0.800000 -0.400000 0.400000
v -0.900000 -0.400000 0.400000
v -1.000000 -0.400000 0.400000
v 0.900000 -0.400000 0.100000
v 0.800000 -0.400000 0.100000
v -0.800000 -0.400000 0.100000
v -0.900000 -0.400000 0.100000
v 1.800000 -0.400000 -0.000000
v 1.700000 -0.400000 -0.000000
v -1.700000 -0.400000 -0.000000
v -1.800000 -0.400000 -0.000000
v 2.000000 -0.400000 -0.200000
v 1.800000 -0.400000 -0.200000
v -1.800000 -0.400000 -0.200000
v -2.000000 -0.400000 -0.200000
v 1.800000 -0.400000 -0.300000
v 1.600000 -0.400000 -0.300000
v -1.600000 -0.400000 -0.300000
v -1.800000 -0.400000 -0.300000
v 1.600000 -0.400000 -0.400000
v 1.400000 -0.400000 -0.400000
v -1.400000 -0.400000 -0.400000
v -1.600000 -0.400000 -0.400000
v 1.300000 -0.400000 -0.500000
v 1.200000 -0.400000 -0.500000
v -1.200000 -0.400000 -0.500000
v -1.300000 -0.400000 -0.500000
v 1.300000 -0.400000 -0.600000
v 1.200000 -0.400000 -0.600000
v -1.200000 -0.400000 -0.600000
v -1.300000 -0.400000 -0.600000
v 0.300000 -0.400000 -1.300000
v 0.200000 -0.400000 -1.300000
v -0.200000 -0.400000 -1.300000
v -0.300000 -0.400000 -1.300000
v 0.300000 -0.400000 -1.600000
v 0.200000 -0.400000 -1.600000
v -0.200000 -0.400000 -1.600000
v -0.300000 -0.400000 -1.600000
v 0.300000 -0.400000 -1.700000
v 0.200000 -0.400000 -1.700000
v -0.200000 -0.400000 -1.700000
v -0.300000 -0.400000 -1.700000
v 0.300000 -0.400000 -1.900000
v 0.200000 -0.400000 -1.900000
v -0.200000 -0.400000 -1.900000
v -0.300000 -0.400000 -1.900000
v 1.400000 -0.500000 2.200000
v 1.000000 -0.500000 2.200000
v -1.000000 -0.500000 2.200000
v -1.400000 -0.500000 2.200000
v 1.000000 -0.500000 2.100000
v 0.600000 -0.500000 2.100000
v -0.600000 -0.500000 2.100000
v -1.000000 -0.500000 2.100000
v 0.800000 -0.500000 2.000000
v 0.600000 -0.500000 2.000000
v 0.500000 -0.500000 2.000000
v -0.500000 -0.500000 2.000000
v -0.600000 -0.500000 2.000000
v -0.800000 -0.500000 2.000000
v 1.800000 -0.500000 1.900000
v 1.700000 -0.500000 1.900000
v 0.600000 -0.500000 1.900000
v 0.500000 -0.500000 1.900000
v 0.400000 -0.500000 1.900000
v -0.400000 -0.500000 1.900000
v -0.500000 -0.500000 1.900000
v -0.600000 -0.500000 1.900000
v -1.700000 -0.500000 1.900000
v -1.800000 -0.500000 1.900000
v 0.500000 -0.500000 1.800000
v 0.400000 -0.500000 1.800000
v -0.400000 -0.500000 1.800000
v -0.500000 -0.500000 1.800000
v 1.200000 -0.500000 1.700000
v 1.100000 -0.500000 1.700000
v -1.100000 -0.500000 1.700000
v -1.200000 -0.500000 1.700000
v 1.800000 -0.500000 1.600000
v 1.700000 -0.500000 1.600000
v 0.400000 -0.500000 1.600000
v 0.300000 -0.500000 1.600000
v -0.300000 -0.500000 1.600000
v -0.400000 -0.500000 1.600000
v -1.700000 -0.500000 1.600000
v -1.800000 -0.500000 1.600000
v 0.400000 -0.500000 1.500000
v 0.300000 -0.500000 1.500000
v -0.300000 -0.500000 1.500000
v -0.400000 -0.500000 1.500000
v 1.200000 -0.500000 1.400000
v 1.100000 -0.500000 1.400000
v -1.100000 -0.500000 1.400000
v -1.200000 -0.500000 1.400000
v 1.400000 -0.500000 1.000000
v 1.200000 -0.500000 1.000000
v -1.200000 -0.500000 1.000000
v -1.400000 -0.500000 1.000000
v 1.400000 -0.500000 0.900000
v 1.200000 -0.500000 0.900000
v 1.100000 -0.500000 0.900000
v 0.800000 -0.500000 0.900000
v 0.700000 -0.500000 0.900000
v -0.700000 -0.500000 0.900000
v -0.800000 -0.500000 0.900000
v -1.100000 -0.500000 0.900000
v -1.200000 -0.500000 0.900000
v -1.400000 -0.500000 0.900000
v 1.100000 -0.500000 0.800000
v 1.000000 -0.500000 0.800000
v 0.900000 -0.500000 0.800000
v 0.800000 -0.500000 0.800000
v 0.700000 -0.500000 0.800000
v 0.600000 -0.500000 0.800000
v -0.600000 -0.500000 0.800000
v -0.700000 -0.500000 0.800000
v -0.800000 -0.500000 0.800000
v -0.900000 -0.500000 0.800000
v -1.000000 -0.500000 0.800000
v -1.100000 -0.500000 0.800000
v 1.200000 -0.500000 0.700000
v 1.100000 -0.500000 0.700000
v 0.700000 -0.500000 0.700000
v 0.600000 -0.500000 0.700000
v 0.500000 -0.500000 0.700000
v 0.200000 -0.500000 0.700000
v -0.200000 -0.500000 0.700000
v -0.500000 -0.500000 0.700000
v -0.600000 -0.500000 0.700000
v -0.700000 -0.500000 0.700000
v -1.100000 -0.500000 0.700000
v -1.200000 -0.500000 0.700000
v 0.200000 -0.500000 0.600000
v -0.200000 -0.500000 0.600000
v 0.600000 -0.500000 0.500000
v 0.500000 -0.500000 0.500000
v 0.400000 -0.500000 0.500000
v -0.400000 -0.500000 0.500000
v -0.500000 -0.500000 0.500000
v -0.600000 -0.500000 0.500000
v 1.000000 -0.500000 0.400000
v 0.900000 -0.500000 0.400000
v 0.800000 -0.500000 0.400000
v 0.500000 -0.500000 0.400000
v 0.400000 -0.500000 0.400000
v -0.400000 -0.500000 0.400000
v -0.500000 -0.500000 0.400000
v -0.800000 -0.500000 0.400000
v -0.900000 -0.500000 0.400000
v -1.000000 -0.500000 0.400000
v 0.400000 -0.500000 0.300000
v -0.400000 -0.500000 0.300000
v 0.900000 -0.500000 0.100000
v 0.800000 -0.500000 0.100000
v 0.700000 -0.500000 0.100000
v -0.700000 -0.500000 0.100000
v -0.800000 -0.500000 0.100000
v -0.900000 -0.500000 0.100000
v 0.800000 -0.500000 -0.000000
v 0.700000 -0.500000 -0.000000
v 0.600000 -0.500000 -0.000000
v -0.600000 -0.500000 -0.000000
v -0.700000 -0.500000 -0.000000
v -0.800000 -0.500000 -0.000000
v 0.700000 -0.500000 -0.100000
v 0.600000 -0.500000 -0.100000
v 0.500000 -0.500000 -0.100000
v -0.500000 -0.500000 -0.100000
v -0.600000 -0.500000 -0.100000
v -0.700000 -0.500000 -0.100000
v 0.600000 -0.500000 -0.200000
v 0.500000 -0.500000 -0.200000
v 0.400000 -0.500000 -0.200000
v -0.400000 -0.500000 -0.200000
v -0.500000 -0.500000 -0.200000
v -0.600000 -0.500000 -0.200000
v 1.200000 -0.500000 -0.300000
v 1.100000 -0.500000 -0.300000
v 0.500000 -0.500000 -0.300000
v 0.400000 -0.500000 -0.300000
v -0.400000 -0.500000 -0.300000
v -0.500000 -0.500000 -0.300000
v -1.100000 -0.500000 -0.300000
v -1.200000 -0.500000 -0.300000
v 1.400000 -0.500000 -0.500000
v 1.200000 -0.500000 -0.500000
v -1.200000 -0.500000 -0.500000
v -1.400000 -0.500000 -0.500000
v 1.200000 -0.500000 -0.600000
v 1.000000 -0.500000 -0.600000
v -1.000000 -0.500000 -0.600000
v -1.200000 -0.500000 -0.600000
v 1.000000 -0.500000 -0.700000
v 0.900000 -0.500000 -0.700000
v 0.800000 -0.500000 -0.700000
v 0.700000 -0.500000 -0.700000
v -0.700000 -0.500000 -0.700000
v -0.800000 -0.500000 -0.700000
v -0.900000 -0.500000 -0.700000
v -1.000000 -0.500000 -0.700000
v 0.700000 -0.500000 -0.900000
v -0.700000 -0.500000 -0.900000
v 0.800000 -0.500000 -1.200000
v 0.700000 -0.500000 -1.200000
v -0.700000 -0.500000 -1.200000
v -0.800000 -0.500000 -1.200000
v 0.200000 -0.500000 -1.300000
v -0.200000 -0.500000 -1.300000
v 0.600000 -0.500000 -1.600000
v 0.500000 -0.500000 -1.600000
v 0.200000 -0.500000 -1.600000
v -0.200000 -0.500000 -1.600000
v -0.500000 -0.500000 -1.600000
v -0.600000 -0.500000 -1.600000
v 0.200000 -0.500000 -1.700000
v -0.200000 -0.500000 -1.700000
v 0.600000 -0.500000 -1.800000
v 0.500000 -0.500000 -1.800000
v -0.500000 -0.500000 -1.800000
v -0.600000 -0.500000 -1.800000
v 0.200000 -0.500000 -1.900000
v -0.200000 -0.500000 -1.900000
v 0.800000 -0.600000 2.000000
v 0.600000 -0.600000 2.000000
v -0.600000 -0.600000 2.000000
v -0.800000 -0.600000 2.000000
v 0.600000 -0.600000 1.900000
v 0.500000 -0.600000 1.900000
v -0.500000 -0.600000 1.900000
v -0.600000 -0.600000 1.900000
v 0.500000 -0.600000 1.800000
v 0.400000 -0.600000 1.800000
v -0.400000 -0.600000 1.800000
v -0.500000 -0.600000 1.800000
v 1.200000 -0.600000 1.700000
v 1.100000 -0.600000 1.700000
v -1.100000 -0.600000 1.700000
v -1.200000 -0.600000 1.700000
v 0.400000 -0.600000 1.500000
v 0.300000 -0.600000 1.500000
v -0.300000 -0.600000 1.500000
v -0.400000 -0.600000 1.500000
v 1.200000 -0.600000 1.400000
v 1.100000 -0.600000 1.400000
v -1.100000 -0.600000 1.400000
v -1.200000 -0.600000 1.400000
v 0.300000 -0.600000 1.200000
v 0.200000 -0.600000 1.200000
v -0.200000 -0.600000 1.200000
v -0.300000 -0.600000 1.200000
v 0.800000 -0.600000 0.900000
v 0.700000 -0.600000 0.900000
v -0.700000 -0.600000 0.900000
v -0.800000 -0.600000 0.900000
v 0.800000 -0.600000 0.800000
v 0.700000 -0.600000 0.800000
v 0.600000 -0.600000 0.800000
v -0.600000 -0.600000 0.800000
v -0.700000 -0.600000 0.800000
v -0.800000 -0.600000 0.800000
v 0.700000 -0.600000 0.700000
v 0.600000 -0.600000 0.700000
v 0.500000 -0.600000 0.700000
v -0.500000 -0.600000 0.700000
v -0.600000 -0.600000 0.700000
v -0.700000 -0.600000 0.700000
v 0.200000 -0.600000 0.600000
v -0.200000 -0.600000 0.600000
v 0.600000 -0.600000 0.500000
v 0.500000 -0.600000 0.500000
v 0.400000 -0.600000 0.500000
v -0.400000 -0.600000 0.500000
v -0.500000 -0.600000 0.500000
v -0.600000 -0.600000 0.500000
v 0.500000 -0.600000 0.400000
v 0.400000 -0.600000 0.400000
v -0.400000 -0.600000 0.400000
v -0.500000 -0.600000 0.400000
v 0.400000 -0.600000 0.300000
v -0.400000 -0.600000 0.300000
v 0.800000 -0.600000 0.100000
v 0.700000 -0.600000 0.100000
v 0.200000 -0.600000 0.100000
v -0.200000 -0.600000 0.100000
v -0.700000 -0.600000 0.100000
v -0.800000 -0.600000 0.100000
v 0.800000 -0.600000 -0.000000
v 0.700000 -0.600000 -0.000000
v 0.600000 -0.600000 -0.000000
v 0.300000 -0.600000 -0.000000
v 0.200000 -0.600000 -0.000000
v -0.200000 -0.600000 -0.000000
v -0.300000 -0.600000 -0.000000
v -0.600000 -0.600000 -0.000000
v -0.700000 -0.600000 -0.000000
v -0.800000 -0.600000 -0.000000
v 0.700000 -0.600000 -0.100000
v 0.600000 -0.600000 -0.100000
v 0.500000 -0.600000 -0.100000
v 0.400000 -0.600000 -0.100000
v 0.300000 -0.600000 -0.100000
v -0.300000 -0.600000 -0.100000
v -0.400000 -0.600000 -0.100000
v -0.500000 -0.600000 -0.100000
v -0.600000 -0.600000 -0.100000
v -0.700000 -0.600000 -0.100000
v 0.600000 -0.600000 -0.200000
v 0.500000 -0.600000 -0.200000
v 0.400000 -0.600000 -0.200000
v -0.400000 -0.600000 -0.200000
v -0.500000 -0.600000 -0.200000
v -0.600000 -0.600000 -0.200000
v 0.500000 -0.600000 -0.300000
v -0.500000 -0.600000 -0.300000
v 0.600000 -0.600000 -0.400000
v 0.500000 -0.600000 -0.400000
v -0.500000 -0.600000 -0.400000
v -0.600000 -0.600000 -0.400000
v 0.500000 -0.600000 -0.600000
v 0.400000 -0.600000 -0.600000
v -0.400000 -0.600000 -0.600000
v -0.500000 -0.600000 -0.600000
v 0.900000 -0.600000 -0.700000
v 0.800000 -0.600000 -0.700000
v 0.700000 -0.600000 -0.700000
v 0.400000 -0.600000 -0.700000
v -0.400000 -0.600000 -0.700000
v -0.700000 -0.600000 -0.700000
v -0.800000 -0.600000 -0.700000
v -0.900000 -0.600000 -0.700000
v 0.700000 -0.600000 -0.900000
v 0.600000 -0.600000 -0.900000
v -0.600000 -0.600000 -0.900000
v -0.700000 -0.600000 -0.900000
v 0.500000 -0.600000 -1.200000
v 0.400000 -0.600000 -1.200000
v -0.400000 -0.600000 -1.200000
v -0.500000 -0.600000 -1.200000
v 0.900000 -0.600000 -1.300000
v 0.800000 -0.600000 -1.300000
v -0.800000 -0.600000 -1.300000
v -0.900000 -0.600000 -1.300000
v 0.200000 -0.700000 0.100000
v -0.200000 -0.700000 0.100000
v 0.300000 -0.700000 -0.000000
v 0.200000 -0.700000 -0.000000
v -0.200000 -0.700000 -0.000000
v -0.300000 -0.700000 -0.000000
v 0.400000 -0.700000 -0.100000
v 0.300000 -0.700000 -0.100000
v 0.200000 -0.700000 -0.100000
v -0.200000 -0.700000 -0.100000
v -0.300000 -0.700000 -0.100000
v -0.400000 -0.700000 -0.100000
v 0.300000 -0.700000 -0.200000
v 0.200000 -0.700000 -0.200000
v -0.200000 -0.700000 -0.200000
v -0.300000 -0.700000 -0.200000
v 0.500000 -0.700000 -0.300000
v 0.400000 -0.700000 -0.300000
v 0.300000 -0.700000 -0.300000
v -0.300000 -0.700000 -0.300000
v -0.400000 -0.700000 -0.300000
v -0.500000 -0.700000 -0.300000
v 0.600000 -0.700000 -0.400000
v 0.500000 -0.700000 -0.400000
v -0.500000 -0.700000 -0.400000
v -0.600000 -0.700000 -0.400000
v 0.500000 -0.700000 -0.600000
v 0.400000 -0.700000 -0.600000
v 0.300000 -0.700000 -0.600000
v -0.300000 -0.700000 -0.600000
v -0.400000 -0.700000 -0.600000
v -0.500000 -0.700000 -0.600000
v 1.000000 -0.700000 -0.700000
v 0.900000 -0.700000 -0.700000
v 0.400000 -0.700000 -0.700000
v 0.300000 -0.700000 -0.700000
v -0.300000 -0.700000 -0.700000
v -0.400000 -0.700000 -0.700000
v -0.900000 -0.700000 -0.700000
v -1.000000 -0.700000 -0.700000
v 1.000000 -0.700000 -0.900000
v -1.000000 -0.700000 -0.900000
v 0.500000 -0.700000 -1.200000
v 0.400000 -0.700000 -1.200000
v -0.400000 -0.700000 -1.200000
v -0.500000 -0.700000 -1.200000
v 1.000000 -0.700000 -1.300000
v 0.900000 -0.700000 -1.300000
v 0.400000 -0.700000 -1.300000
v 0.300000 -0.700000 -1.300000
v -0.300000 -0.700000 -1.300000
v -0.400000 -0.700000 -1.300000
v -0.900000 -0.700000 -1.300000
v -1.000000 -0.700000 -1.300000
v 0.300000 -0.700000 -1.500000
v 0.200000 -0.700000 -1.500000
v 0.100000 -0.700000 -1.500000
v -0.100000 -0.700000 -1.500000
v -0.200000 -0.700000 -1.500000
v -0.300000 -0.700000 -1.500000
v 0.600000 -0.700000 -1.600000
v 0.500000 -0.700000 -1.600000
v 0.400000 -0.700000 -1.600000
v 0.200000 -0.700000 -1.600000
v 0.100000 -0.700000 -1.600000
v -0.100000 -0.700000 -1.600000
v -0.200000 -0.700000 -1.600000
v -0.400000 -0.700000 -1.600000
v -0.500000 -0.700000 -1.600000
v -0.600000 -0.700000 -1.600000
v 0.500000 -0.700000 -1.700000
v 0.400000 -0.700000 -1.700000
v -0.400000 -0.700000 -1.700000
v -0.500000 -0.700000 -1.700000
v 0.200000 -0.800000 -0.100000
v -0.200000 -0.800000 -0.100000
v 0.300000 -0.800000 -0.200000
v 0.200000 -0.800000 -0.200000
v -0.200000 -0.800000 -0.200000
v -0.300000 -0.800000 -0.200000
v 0.400000 -0.800000 -0.300000
v 0.300000 -0.800000 -0.300000
v 0.200000 -0.800000 -0.300000
v -0.200000 -0.800000 -0.300000
v -0.300000 -0.800000 -0.300000
v -0.400000 -0.800000 -0.300000
v 0.400000 -0.800000 -0.600000
v 0.300000 -0.800000 -0.600000
v -0.300000 -0.800000 -0.600000
v -0.400000 -0.800000 -0.600000
v 0.400000 -0.800000 -0.700000
v 0.300000 -0.800000 -0.700000
v -0.300000 -0.800000 -0.700000
v -0.400000 -0.800000 -0.700000
v 1.100000 -0.800000 -0.900000
v 1.000000 -0.800000 -0.900000
v 0.300000 -0.800000 -0.900000
v 0.200000 -0.800000 -0.900000
v -0.200000 -0.800000 -0.900000
v -0.300000 -0.800000 -0.900000
v -1.000000 -0.800000 -0.900000
v -1.100000 -0.800000 -0.900000
v 1.100000 -0.800000 -1.100000
v 0.200000 -0.800000 -1.100000
v 0.100000 -0.800000 -1.100000
v -0.100000 -0.800000 -1.100000
v -0.200000 -0.800000 -1.100000
v -1.100000 -0.800000 -1.100000
v 0.400000 -0.800000 -1.300000
v 0.300000 -0.800000 -1.300000
v -0.300000 -0.800000 -1.300000
v -0.400000 -0.800000 -1.300000
v 1.100000 -0.800000 -1.400000
v 1.000000 -0.800000 -1.400000
v -1.000000 -0.800000 -1.400000
v -1.100000 -0.800000 -1.400000
v 0.300000 -0.800000 -1.500000
v 0.200000 -0.800000 -1.500000
v 0.100000 -0.800000 -1.500000
v -0.100000 -0.800000 -1.500000
v -0.200000 -0.800000 -1.500000
v -0.300000 -0.800000 -1.500000
v 0.600000 -0.800000 -1.600000
v 0.500000 -0.800000 -1.600000
v -0.500000 -0.800000 -1.600000
v -0.600000 -0.800000 -1.600000
v 0.600000 -0.800000 -1.800000
v 0.500000 -0.800000 -1.800000
v -0.500000 -0.800000 -1.800000
v -0.600000 -0.800000 -1.800000
v 0.200000 -0.900000 -0.200000
v -0.200000 -0.900000 -0.200000
v 0.300000 -0.900000 -0.300000
v 0.200000 -0.900000 -0.300000
v -0.200000 -0.900000 -0.300000
v -0.300000 -0.900000 -0.300000
v 0.300000 -0.900000 -0.600000
v -0.300000 -0.900000 -0.600000
v 0.300000 -0.900000 -0.700000
v -0.300000 -0.900000 -0.700000
v 0.300000 -0.900000 -0.900000
v 0.200000 -0.900000 -0.900000
v -0.200000 -0.900000 -0.900000
v -0.300000 -0.900000 -0.900000
v 1.200000 -0.900000 -1.100000
v 1.100000 -0.900000 -1.100000
v 0.200000 -0.900000 -1.100000
v -0.200000 -0.900000 -1.100000
v -1.100000 -0.900000 -1.100000
v -1.200000 -0.900000 -1.100000
v 1.200000 -0.900000 -1.400000
v 1.100000 -0.900000 -1.400000
v -1.100000 -0.900000 -1.400000
v -1.200000 -0.900000 -1.400000
v 1.200000 -0.900000 -1.500000
v 1.100000 -0.900000 -1.500000
v -1.100000 -0.900000 -1.500000
v -1.200000 -0.900000 -1.500000
v 0.600000 -0.900000 -1.800000
v 0.500000 -0.900000 -1.800000
v -0.500000 -0.900000 -1.800000
v -0.600000 -0.900000 -1.800000
v 0.600000 -0.900000 -1.900000
v 0.500000 -0.900000 -1.900000
v -0.500000 -0.900000 -1.900000
v -0.600000 -0.900000 -1.900000
v 0.100299 0.100000 -1.899402
v 0.100299 0.000000 -1.899402
v 0.100000 -0.200299 -1.899402
v 0.100000 -0.300000 -1.899402
v 0.100000 -0.100000 -1.899402
v 0.100000 -0.100000 -1.899402
v 0.100000 -0.300000 -1.899402
v 0.100299 -0.399999 -1.899402
v 0.100299 -0.500000 -1.899402
v -0.100299 0.100000 -1.899402
v -0.100299 0.000000 -1.899402
v -0.000299 -0.100000 -1.899402
v -0.100000 -0.100000 -1.899402
v -0.100000 -0.100000 -1.899402
v -0.100000 -0.200299 -1.899402
v -0.100000 -0.300000 -1.899402
v -0.000299 -0.300000 -1.899402
v -0.100000 -0.300000 -1.899402
v -0.100299 -0.399999 -1.899402
v -0.100299 -0.500000 -1.899402
v -0.100299 0.075075 -1.900000
v -0.100299 0.100000 -1.900000
v -0.100299 -0.000000 -1.900000
v -0.100299 -0.424925 -1.900000
v -0.100299 -0.400000 -1.900000
v -0.100299 -0.500000 -1.900000
v -0.100299 0.100000 -1.900000
v -0.100299 -0.000000 -1.900000
v -0.100299 -0.400000 -1.900000
v -0.100299 -0.500000 -1.900000
v 0.100299 0.024925 -1.900000
v 0.100299 0.100000 -1.900000
v 0.100299 -0.000000 -1.900000
v 0.100299 -0.475075 -1.900000
v 0.100299 -0.400000 -1.900000
v 0.100299 -0.500000 -1.900000
v 0.100299 0.100000 -1.900000
v 0.100299 -0.000000 -1.900000
v 0.100299 -0.400000 -1.900000
v 0.100299 -0.500000 -1.900000
vn 1.0000 -0.0000 -0.0000
vn -1.0000 -0.0000 -0.0000
vn -0.0000 -0.0000 1.0000
vn -0.0000 -0.0000 -1.0000
vn -0.0000 1.0000 -0.0000
vn -0.0000 -1.0000 -0.0000
vt 0.630859 0.500000
vt 0.626953 0.500000
vt 0.814453 0.500000
vt 0.845703 0.500000
vt 0.666016 0.500000
vt 0.669922 0.500000
vt 0.662109 0.500000
vt 0.673828 0.500000
vt 0.658203 0.500000
vt 0.814453 0.500000
vt 0.814453 0.500000
s 1
usemtl palette
f 5/1/1 4/1/1 3/1/1
f 6/1/1 4/1/1 5/1/1
f 11/1/1 8/1/1 7/1/1
f 12/1/1 8/1/1 11/1/1
f 13/1/1 10/1/1 9/1/1
f 14/1/1 10/1/1 13/1/1
f 19/2/1 16/2/1 15/2/1
f 19/2/1 18/2/1 17/2/1
f 19/2/1 17/2/1 16/2/1
f 20/2/1 18/2/1 19/2/1
f 21/2/1 18/2/1 20/2/1
f 22/2/1 18/2/1 21/2/1
f 24/3/1 21/3/1 20/3/1
f 25/3/1 24/3/1 23/3/1
f 26/3/1 21/3/1 24/3/1
f 26/3/1 24/3/1 25/3/1
f 27/3/1 25/3/1 23/3/1
f 28/3/1 25/3/1 27/3/1
f 29/3/1 21/3/1 26/3/1
f 30/3/1 21/3/1 29/3/1
f 32/2/1 28/2/1 27/2/1
f 32/2/1 29/2/1 28/2/1
f 33/2/1 29/2/1 32/2/1
f 34/3/1 30/3/1 29/3/1
f 34/2/1 29/2/1 33/2/1
f 35/3/1 30/3/1 34/3/1
f 36/2/1 31/2/1 30/2/1
f 36/3/1 30/3/1 35/3/1
f 37/2/1 31/2/1 36/2/1
f 38/2/1 31/2/1 37/2/1
f 40/4/1 35/4/1 34/4/1
f 41/4/1 35/4/1 40/4/1
f 43/2/1 40/2/1 39/2/1
f 44/2/1 40/2/1 43/2/1
f 45/2/1 42/2/1 41/2/1
f 46/2/1 42/2/1 45/2/1
f 52/2/1 48/2/1 47/2/1
f 53/2/1 48/2/1 52/2/1
f 56/2/1 50/2/1 49/2/1
f 57/2/1 50/2/1 56/2/1
f 58/2/1 54/2/1 53/2/1
f 58/2/1 52/2/1 51/2/1
f 58/2/1 53/2/1 52/2/1
f 59/2/1 54/2/1 58/2/1
f 60/2/1 54/2/1 59/2/1
f 61/3/1 60/3/1 59/3/1
f 62/3/1 60/3/1 61/3/1
f 65/5/1 64/5/1 63/5/1
f 66/5/1 64/5/1 65/5/1
f 67/3/1 61/3/1 59/3/1
f 68/3/1 66/3/1 65/3/1
f 69/3/1 66/3/1 68/3/1
f 70/3/1 56/3/1 55/3/1
f 71/3/1 56/3/1 70/3/1
f 73/3/1 67/3/1 59/3/1
f 74/3/1 67/3/1 73/3/1
f 78/2/1 73/2/1 72/2/1
f 78/2/1 74/2/1 73/2/1
f 78/2/1 75/2/1 74/2/1
f 79/2/1 75/2/1 78/2/1
f 80/3/1 77/3/1 76/3/1
f 81/3/1 77/3/1 80/3/1
f 83/2/1 75/2/1 79/2/1
f 84/2/1 75/2/1 83/2/1
f 85/2/1 81/2/1 80/2/1
f 85/2/1 82/2/1 81/2/1
f 86/2/1 82/2/1 85/2/1
f 90/2/1 88/2/1 87/2/1
f 91/2/1 88/2/1 90/2/1
f 92/2/1 88/2/1 91/2/1
f 95/2/1 90/2/1 89/2/1
f 95/2/1 91/2/1 90/2/1
f 96/2/1 91/2/1 95/2/1
f 97/2/1 91/2/1 96/2/1
f 98/6/1 94/6/1 93/6/1
f 99/6/1 94/6/1 98/6/1
f 102/6/1 101/6/1 100/6/1
f 103/6/1 101/6/1 102/6/1
f 104/3/1 96/3/1 95/3/1
f 108/3/1 105/3/1 104/3/1
f 108/3/1 104/3/1 95/3/1
f 109/3/1 105/3/1 108/3/1
f 110/6/1 107/6/1 106/6/1
f 111/6/1 107/6/1 110/6/1
f 119/6/1 113/6/1 112/6/1
f 120/6/1 113/6/1 119/6/1
f 121/6/1 113/6/1 120/6/1
f 122/2/1 115/2/1 114/2/1
f 122/2/1 116/2/1 115/2/1
f 123/2/1 116/2/1 122/2/1
f 124/2/1 116/2/1 123/2/1
f 126/2/1 118/2/1 117/2/1
f 127/2/1 118/2/1 126/2/1
f 130/2/1 125/2/1 124/2/1
f 130/2/1 124/2/1 123/2/1
f 131/2/1 125/2/1 130/2/1
f 132/2/1 129/2/1 128/2/1
f 132/2/1 128/2/1 127/2/1
f 132/2/1 127/2/1 126/2/1
f 133/2/1 129/2/1 132/2/1
f 139/2/1 135/2/1 134/2/1
f 140/2/1 135/2/1 139/2/1
f 141/2/1 135/2/1 140/2/1
f 144/2/1 137/2/1 136/2/1
f 145/2/1 137/2/1 144/2/1
f 146/2/1 139/2/1 138/2/1
f 146/2/1 140/2/1 139/2/1
f 147/2/1 140/2/1 146/2/1
f 148/2/1 140/2/1 147/2/1
f 150/3/1 143/3/1 142/3/1
f 151/3/1 150/3/1 149/3/1
f 152/3/1 143/3/1 150/3/1
f 152/3/1 150/3/1 151/3/1
f 153/5/1 152/5/1 151/5/1
f 154/3/1 143/3/1 152/3/1
f 154/5/1 152/5/1 153/5/1
f 155/3/1 143/3/1 154/3/1
f 156/3/1 148/3/1 147/3/1
f 159/3/1 156/3/1 147/3/1
f 159/3/1 157/3/1 156/3/1
f 160/3/1 157/3/1 159/3/1
f 161/3/1 157/3/1 160/3/1
f 162/2/1 159/2/1 158/2/1
f 162/2/1 160/2/1 159/2/1
f 163/2/1 160/2/1 162/2/1
f 164/2/1 160/2/1 163/2/1
f 166/2/1 165/2/1 164/2/1
f 166/2/1 164/2/1 163/2/1
f 167/2/1 165/2/1 166/2/1
f 171/2/1 169/2/1 168/2/1
f 172/2/1 169/2/1 171/2/1
f 173/2/1 169/2/1 172/2/1
f 174/2/1 171/2/1 170/2/1
f 174/2/1 172/2/1 171/2/1
f 175/2/1 172/2/1 174/2/1
f 176/2/1 172/2/1 175/2/1
f 180/3/1 176/3/1 175/3/1
f 180/3/1 177/3/1 176/3/1
f 181/3/1 177/3/1 180/3/1
f 182/3/1 179/3/1 178/3/1
f 183/3/1 179/3/1 182/3/1
f 185/3/1 177/3/1 181/3/1
f 188/3/1 185/3/1 184/3/1
f 189/3/1 177/3/1 185/3/1
f 189/3/1 185/3/1 188/3/1
f 190/3/1 187/3/1 186/3/1
f 191/3/1 187/3/1 190/3/1
f 193/3/1 177/3/1 189/3/1
f 196/3/1 193/3/1 192/3/1
f 197/3/1 177/3/1 193/3/1
f 197/3/1 193/3/1 196/3/1
f 198/3/1 195/3/1 194/3/1
f 199/3/1 195/3/1 198/3/1
f 201/3/1 177/3/1 197/3/1
f 202/3/1 177/3/1 201/3/1
f 203/2/1 201/2/1 200/2/1
f 204/2/1 201/2/1 203/2/1
f 205/2/1 201/2/1 204/2/1
f 207/2/1 206/2/1 205/2/1
f 207/2/1 205/2/1 204/2/1
f 208/2/1 206/2/1 207/2/1
f 214/2/1 210/2/1 209/2/1
f 215/2/1 210/2/1 214/2/1
f 216/2/1 210/2/1 215/2/1
f 219/2/1 212/2/1 211/2/1
f 220/2/1 212/2/1 219/2/1
f 221/2/1 214/2/1 213/2/1
f 222/2/1 214/2/1 221/2/1
f 225/3/1 224/3/1 223/3/1
f 227/3/1 225/3/1 223/3/1
f 227/3/1 226/3/1 225/3/1
f 228/3/1 226/3/1 227/3/1
f 229/3/1 227/3/1 223/3/1
f 231/3/1 229/3/1 223/3/1
f 231/3/1 230/3/1 229/3/1
f 232/3/1 230/3/1 231/3/1
f 233/3/1 231/3/1 223/3/1
f 237/3/1 233/3/1 223/3/1
f 237/3/1 234/3/1 233/3/1
f 238/3/1 234/3/1 237/3/1
f 240/3/1 218/3/1 217/3/1
f 241/3/1 218/3/1 240/3/1
f 242/2/1 236/2/1 235/2/1
f 243/2/1 236/2/1 242/2/1
f 246/3/1 239/3/1 238/3/1
f 247/3/1 239/3/1 246/3/1
f 250/2/1 245/2/1 244/2/1
f 250/2/1 244/2/1 243/2/1
f 251/2/1 245/2/1 250/2/1
f 252/2/1 249/2/1 248/2/1
f 253/2/1 249/2/1 252/2/1
f 258/1/1 255/1/1 254/1/1
f 259/1/1 255/1/1 258/1/1
f 260/7/1 256/7/1 255/7/1
f 260/1/1 255/1/1 259/1/1
f 261/7/1 256/7/1 260/7/1
f 263/1/1 259/1/1 258/1/1
f 263/1/1 258/1/1 257/1/1
f 264/1/1 259/1/1 263/1/1
f 265/1/1 259/1/1 264/1/1
f 266/1/1 263/1/1 262/1/1
f 266/1/1 264/1/1 263/1/1
f 267/1/1 264/1/1 266/1/1
f 270/6/1 269/6/1 268/6/1
f 271/6/1 269/6/1 270/6/1
f 274/6/1 273/6/1 272/6/1
f 275/6/1 273/6/1 274/6/1
f 278/6/1 277/6/1 276/6/1
f 279/6/1 277/6/1 278/6/1
f 282/6/1 281/6/1 280/6/1
f 283/6/1 281/6/1 282/6/1
f 284/6/1 281/6/1 283/6/1
f 287/1/1 286/1/1 285/1/1
f 288/1/1 286/1/1 287/1/1
f 291/2/1 290/2/1 289/2/1
f 292/2/1 290/2/1 291/2/1
f 299/2/1 294/2/1 293/2/1
f 300/2/1 294/2/1 299/2/1
f 301/2/1 296/2/1 295/2/1
f 302/2/1 296/2/1 301/2/1
f 303/2/1 298/2/1 297/2/1
f 304/2/1 298/2/1 303/2/1
f 307/3/1 306/3/1 305/3/1
f 308/3/1 306/3/1 307/3/1
f 311/3/1 310/3/1 309/3/1
f 312/3/1 310/3/1 311/3/1
f 315/3/1 314/3/1 313/3/1
f 316/3/1 314/3/1 315/3/1
f 319/3/1 318/3/1 317/3/1
f 320/3/1 318/3/1 319/3/1
f 325/2/1 322/2/1 321/2/1
f 326/2/1 322/2/1 325/2/1
f 331/3/1 324/3/1 323/3/1
f 332/3/1 324/3/1 331/3/1
f 333/2/1 328/2/1 327/2/1
f 334/2/1 328/2/1 333/2/1
f 336/2/1 330/2/1 329/2/1
f 337/2/1 330/2/1 336/2/1
f 340/2/1 335/2/1 334/2/1
f 341/2/1 335/2/1 340/2/1
f 342/2/1 339/2/1 338/2/1
f 342/2/1 338/2/1 337/2/1
f 342/2/1 337/2/1 336/2/1
f 343/2/1 339/2/1 342/2/1
f 346/1/1 345/1/1 344/1/1
f 347/1/1 345/1/1 346/1/1
f 350/3/1 349/3/1 348/3/1
f 351/3/1 349/3/1 350/3/1
f 354/3/1 353/3/1 352/3/1
f 355/3/1 353/3/1 354/3/1
f 361/2/1 357/2/1 356/2/1
f 361/2/1 358/2/1 357/2/1
f 362/2/1 358/2/1 361/2/1
f 363/2/1 358/2/1 362/2/1
f 364/2/1 360/2/1 359/2/1
f 365/2/1 360/2/1 364/2/1
f 368/2/1 367/2/1 366/2/1
f 369/2/1 367/2/1 368/2/1
f 370/3/1 362/3/1 361/3/1
f 371/3/1 362/3/1 370/3/1
f 376/2/1 373/2/1 372/2/1
f 377/2/1 373/2/1 376/2/1
f 378/1/1 375/1/1 374/1/1
f 379/1/1 375/1/1 378/1/1
f 384/3/1 381/3/1 380/3/1
f 385/3/1 381/3/1 384/3/1
f 386/6/1 383/6/1 382/6/1
f 387/6/1 383/6/1 386/6/1
f 392/3/1 389/3/1 388/3/1
f 393/3/1 389/3/1 392/3/1
f 394/6/1 391/6/1 390/6/1
f 395/6/1 391/6/1 394/6/1
f 400/3/1 397/3/1 396/3/1
f 401/3/1 397/3/1 400/3/1
f 402/6/1 399/6/1 398/6/1
f 403/6/1 399/6/1 402/6/1
f 410/6/1 405/6/1 404/6/1
f 411/6/1 405/6/1 410/6/1
f 412/6/1 405/6/1 411/6/1
f 413/2/1 407/2/1 406/2/1
f 414/2/1 407/2/1 413/2/1
f 415/2/1 409/2/1 408/2/1
f 416/2/1 409/2/1 415/2/1
f 421/2/1 418/2/1 417/2/1
f 422/2/1 418/2/1 421/2/1
f 423/2/1 420/2/1 419/2/1
f 424/2/1 420/2/1 423/2/1
f 427/2/1 426/2/1 425/2/1
f 428/2/1 426/2/1 427/2/1
f 431/2/1 430/2/1 429/2/1
f 432/2/1 430/2/1 431/2/1
f 435/3/1 434/3/1 433/3/1
f 436/3/1 434/3/1 435/3/1
f 439/3/1 438/3/1 437/3/1
f 440/3/1 438/3/1 439/3/1
f 443/3/1 442/3/1 441/3/1
f 444/3/1 442/3/1 443/3/1
f 447/3/1 446/3/1 445/3/1
f 448/3/1 446/3/1 447/3/1
f 455/2/1 450/2/1 449/2/1
f 456/2/1 450/2/1 455/2/1
f 457/2/1 453/2/1 452/2/1
f 457/2/1 452/2/1 451/2/1
f 458/2/1 453/2/1 457/2/1
f 459/2/1 453/2/1 458/2/1
f 460/2/1 455/2/1 454/2/1
f 461/2/1 455/2/1 460/2/1
f 466/3/1 458/3/1 457/3/1
f 467/3/1 458/3/1 466/3/1
f 468/2/1 463/2/1 462/2/1
f 469/2/1 463/2/1 468/2/1
f 470/2/1 465/2/1 464/2/1
f 471/2/1 465/2/1 470/2/1
f 475/2/1 471/2/1 470/2/1
f 475/2/1 470/2/1 469/2/1
f 476/2/1 471/2/1 475/2/1
f 477/2/1 474/2/1 473/2/1
f 477/2/1 473/2/1 472/2/1
f 478/2/1 474/2/1 477/2/1
f 483/2/1 480/2/1 479/2/1
f 484/2/1 480/2/1 483/2/1
f 485/2/1 482/2/1 481/2/1
f 486/2/1 482/2/1 485/2/1
f 489/6/1 488/6/1 487/6/1
f 490/6/1 488/6/1 489/6/1
f 493/6/1 492/6/1 491/6/1
f 494/6/1 492/6/1 493/6/1
f 497/6/1 496/6/1 495/6/1
f 498/6/1 496/6/1 497/6/1
f 501/6/1 500/6/1 499/6/1
f 502/6/1 500/6/1 501/6/1
f 503/6/1 500/6/1 502/6/1
f 508/2/1 505/2/1 504/2/1
f 509/2/1 505/2/1 508/2/1
f 510/2/1 507/2/1 506/2/1
f 511/2/1 507/2/1 510/2/1
f 516/2/1 513/2/1 512/2/1
f 517/2/1 513/2/1 516/2/1
f 518/1/1 515/1/1 514/1/1
f 519/1/1 515/1/1 518/1/1
f 523/1/1 521/1/1 520/1/1
f 524/7/1 522/7/1 521/7/1
f 524/1/1 521/1/1 523/1/1
f 525/7/1 522/7/1 524/7/1
f 528/3/1 527/3/1 526/3/1
f 529/3/1 527/3/1 528/3/1
f 534/3/1 531/3/1 530/3/1
f 535/3/1 531/3/1 534/3/1
f 536/3/1 533/3/1 532/3/1
f 537/3/1 533/3/1 536/3/1
f 542/3/1 539/3/1 538/3/1
f 543/3/1 539/3/1 542/3/1
f 544/3/1 541/3/1 540/3/1
f 545/3/1 541/3/1 544/3/1
f 548/3/1 547/3/1 546/3/1
f 549/3/1 547/3/1 548/3/1
f 554/2/1 551/2/1 550/2/1
f 555/2/1 551/2/1 554/2/1
f 556/2/1 553/2/1 552/2/1
f 557/2/1 553/2/1 556/2/1
f 560/1/1 559/1/1 558/1/1
f 561/1/1 559/1/1 560/1/1
f 562/1/1 559/1/1 561/1/1
f 567/1/1 564/1/1 563/1/1
f 568/1/1 564/1/1 567/1/1
f 569/7/1 565/7/1 564/7/1
f 569/1/1 564/1/1 568/1/1
f 570/7/1 565/7/1 569/7/1
f 572/1/1 568/1/1 567/1/1
f 572/1/1 567/1/1 566/1/1
f 573/1/1 568/1/1 572/1/1
f 574/1/1 568/1/1 573/1/1
f 575/1/1 572/1/1 571/1/1
f 575/1/1 573/1/1 572/1/1
f 576/1/1 573/1/1 575/1/1
f 583/2/1 578/2/1 577/2/1
f 584/2/1 578/2/1 583/2/1
f 585/2/1 580/2/1 579/2/1
f 586/2/1 580/2/1 585/2/1
f 589/2/1 588/2/1 587/2/1
f 590/2/1 588/2/1 589/2/1
f 591/3/1 582/3/1 581/3/1
f 592/3/1 582/3/1 591/3/1
f 595/2/1 594/2/1 593/2/1
f 596/2/1 594/2/1 595/2/1
f 599/1/1 598/1/1 597/1/1
f 600/1/1 598/1/1 599/1/1
f 601/1/1 598/1/1 600/1/1
f 604/3/1 603/3/1 602/3/1
f 605/3/1 603/3/1 604/3/1
f 608/3/1 607/3/1 606/3/1
f 609/3/1 607/3/1 608/3/1
f 612/3/1 611/3/1 610/3/1
f 613/3/1 611/3/1 612/3/1
f 617/2/1 615/2/1 614/2/1
f 617/2/1 616/2/1 615/2/1
f 618/2/1 616/2/1 617/2/1
f 621/1/1 620/1/1 619/1/1
f 622/1/1 620/1/1 621/1/1
f 628/2/1 624/2/1 623/2/1
f 629/2/1 624/2/1 628/2/1
f 631/2/1 626/2/1 625/2/1
f 632/2/1 626/2/1 631/2/1
f 633/2/1 630/2/1 629/2/1
f 633/2/1 628/2/1 627/2/1
f 633/2/1 629/2/1 628/2/1
f 635/2/1 633/2/1 627/2/1
f 635/2/1 634/2/1 633/2/1
f 636/2/1 634/2/1 635/2/1
f 637/2/1 635/2/1 627/2/1
f 637/1/1 636/1/1 635/1/1
f 638/1/1 636/1/1 637/1/1
f 639/1/1 636/1/1 638/1/1
f 640/2/1 638/2/1 637/2/1
f 642/2/1 640/2/1 637/2/1
f 642/1/1 641/1/1 640/1/1
f 643/1/1 641/1/1 642/1/1
f 644/1/1 641/1/1 643/1/1
f 649/2/1 637/2/1 627/2/1
f 649/2/1 642/2/1 637/2/1
f 649/2/1 643/2/1 642/2/1
f 650/2/1 643/2/1 649/2/1
f 651/2/1 643/2/1 650/2/1
f 654/4/1 646/4/1 645/4/1
f 655/4/1 646/4/1 654/4/1
f 656/2/1 648/2/1 647/2/1
f 657/2/1 648/2/1 656/2/1
f 659/1/1 652/1/1 651/1/1
f 659/1/1 651/1/1 650/1/1
f 660/1/1 652/1/1 659/1/1
f 661/1/1 654/1/1 653/1/1
f 662/1/1 654/1/1 661/1/1
f 663/1/1 657/1/1 656/1/1
f 663/1/1 656/1/1 655/1/1
f 664/1/1 657/1/1 663/1/1
f 665/2/1 659/2/1 658/2/1
f 666/2/1 659/2/1 665/2/1
f 671/2/1 670/2/1 669/2/1
f 672/2/1 670/2/1 671/2/1
f 673/3/1 668/3/1 667/3/1
f 674/3/1 668/3/1 673/3/1
f 681/1/1 676/1/1 675/1/1
f 682/1/1 676/1/1 681/1/1
f 683/1/1 678/1/1 677/1/1
f 684/1/1 678/1/1 683/1/1
f 685/2/1 680/2/1 679/2/1
f 686/2/1 680/2/1 685/2/1
f 689/2/1 688/2/1 687/2/1
f 690/2/1 688/2/1 689/2/1
f 694/2/1 692/2/1 691/2/1
f 695/2/1 692/2/1 694/2/1
f 697/2/1 694/2/1 693/2/1
f 697/2/1 696/2/1 695/2/1
f 697/2/1 695/2/1 694/2/1
f 698/2/1 696/2/1 697/2/1
f 699/2/1 697/2/1 693/2/1
f 699/1/1 698/1/1 697/1/1
f 700/1/1 698/1/1 699/1/1
f 701/1/1 698/1/1 700/1/1
f 702/2/1 700/2/1 699/2/1
f 704/2/1 702/2/1 699/2/1
f 704/1/1 703/1/1 702/1/1
f 705/1/1 703/1/1 704/1/1
f 706/1/1 703/1/1 705/1/1
f 709/2/1 705/2/1 704/2/1
f 711/2/1 708/2/1 707/2/1
f 712/2/1 708/2/1 711/2/1
f 717/1/1 710/1/1 709/1/1
f 717/2/1 709/2/1 704/2/1
f 718/1/1 710/1/1 717/1/1
f 719/1/1 710/1/1 718/1/1
f 720/1/1 714/1/1 713/1/1
f 721/1/1 714/1/1 720/1/1
f 722/1/1 716/1/1 715/1/1
f 723/1/1 716/1/1 722/1/1
f 725/2/1 699/2/1 693/2/1
f 725/2/1 704/2/1 699/2/1
f 725/2/1 718/2/1 717/2/1
f 725/2/1 717/2/1 704/2/1
f 726/2/1 718/2/1 725/2/1
f 728/2/1 727/2/1 726/2/1
f 728/2/1 725/2/1 724/2/1
f 728/2/1 726/2/1 725/2/1
f 729/2/1 727/2/1 728/2/1
f 730/2/1 727/2/1 729/2/1
f 731/1/1 730/1/1 729/1/1
f 732/2/1 727/2/1 730/2/1
f 732/1/1 730/1/1 731/1/1
f 733/2/1 727/2/1 732/2/1
f 734/7/1 733/7/1 732/7/1
f 735/7/1 733/7/1 734/7/1
f 738/2/1 737/2/1 736/2/1
f 739/2/1 737/2/1 738/2/1
f 742/2/1 741/2/1 740/2/1
f 743/2/1 741/2/1 742/2/1
f 746/2/1 745/2/1 744/2/1
f 747/2/1 745/2/1 746/2/1
f 750/2/1 749/2/1 748/2/1
f 751/2/1 749/2/1 750/2/1
f 756/1/1 753/1/1 752/1/1
f 757/1/1 753/1/1 756/1/1
f 758/1/1 755/1/1 754/1/1
f 759/1/1 755/1/1 758/1/1
f 762/2/1 761/2/1 760/2/1
f 763/2/1 761/2/1 762/2/1
f 767/2/1 765/2/1 764/2/1
f 768/2/1 765/2/1 767/2/1
f 769/2/1 765/2/1 768/2/1
f 772/2/1 767/2/1 766/2/1
f 773/2/1 769/2/1 768/2/1
f 773/2/1 770/2/1 769/2/1
f 774/2/1 770/2/1 773/2/1
f 776/2/1 772/2/1 771/2/1
f 777/2/1 772/2/1 776/2/1
f 778/2/1 767/2/1 772/2/1
f 778/2/1 772/2/1 777/2/1
f 779/2/1 777/2/1 776/2/1
f 779/2/1 776/2/1 775/2/1
f 780/2/1 777/2/1 779/2/1
f 785/1/1 782/1/1 781/1/1
f 786/1/1 782/1/1 785/1/1
f 788/8/1 784/8/1 783/8/1
f 792/8/1 788/8/1 787/8/1
f 793/8/1 784/8/1 788/8/1
f 793/8/1 788/8/1 792/8/1
f 794/4/1 790/4/1 789/4/1
f 795/2/1 791/2/1 790/2/1
f 795/4/1 790/4/1 794/4/1
f 796/2/1 791/2/1 795/2/1
f 798/2/1 794/2/1 793/2/1
f 799/2/1 794/2/1 798/2/1
f 800/2/1 797/2/1 796/2/1
f 800/2/1 796/2/1 795/2/1
f 801/2/1 797/2/1 800/2/1
f 805/2/1 803/2/1 802/2/1
f 806/2/1 803/2/1 805/2/1
f 809/2/1 805/2/1 804/2/1
f 810/2/1 805/2/1 809/2/1
f 813/2/1 808/2/1 807/2/1
f 814/2/1 808/2/1 813/2/1
f 819/2/1 812/2/1 811/2/1
f 820/2/1 812/2/1 819/2/1
f 821/3/1 816/3/1 815/3/1
f 822/3/1 816/3/1 821/3/1
f 823/3/1 818/3/1 817/3/1
f 824/3/1 818/3/1 823/3/1
f 827/8/1 826/8/1 825/8/1
f 828/8/1 826/8/1 827/8/1
f 835/1/1 830/1/1 829/1/1
f 836/1/1 830/1/1 835/1/1
f 837/4/1 832/4/1 831/4/1
f 838/4/1 832/4/1 837/4/1
f 840/2/1 834/2/1 833/2/1
f 841/2/1 834/2/1 840/2/1
f 842/1/1 837/1/1 836/1/1
f 843/1/1 837/1/1 842/1/1
f 844/1/1 839/1/1 838/1/1
f 845/1/1 839/1/1 844/1/1
f 851/3/1 847/3/1 846/3/1
f 851/3/1 848/3/1 847/3/1
f 852/3/1 848/3/1 851/3/1
f 853/3/1 850/3/1 849/3/1
f 854/3/1 850/3/1 853/3/1
f 856/3/1 853/3/1 852/3/1
f 857/3/1 853/3/1 856/3/1
f 859/3/1 856/3/1 855/3/1
f 860/3/1 856/3/1 859/3/1
f 861/3/1 858/3/1 857/3/1
f 862/3/1 858/3/1 861/3/1
f 865/8/1 864/8/1 863/8/1
f 866/8/1 864/8/1 865/8/1
f 869/1/1 868/1/1 867/1/1
f 870/1/1 868/1/1 869/1/1
f 874/1/1 871/1/1 870/1/1
f 875/1/1 871/1/1 874/1/1
f 876/1/1 873/1/1 872/1/1
f 877/1/1 873/1/1 876/1/1
f 881/6/1 879/6/1 878/6/1
f 882/6/1 879/6/1 881/6/1
f 883/6/1 9263/6/1 9265/6/1 880/6/1
f 888/3/1 885/3/1 884/3/1
f 888/3/1 887/3/1 886/3/1
f 888/3/1 886/3/1 885/3/1
f 889/3/1 887/3/1 888/3/1
f 891/3/1 888/3/1 884/3/1
f 892/3/1 891/3/1 890/3/1
f 893/3/1 888/3/1 891/3/1
f 893/3/1 891/3/1 892/3/1
f 899/2/1 895/2/1 894/2/1
f 900/2/1 895/2/1 899/2/1
f 901/2/1 895/2/1 900/2/1
f 902/2/1 895/2/1 901/2/1
f 903/2/1 895/2/1 902/2/1
f 904/2/1 897/2/1 896/2/1
f 905/2/1 897/2/1 904/2/1
f 906/2/1 897/2/1 905/2/1
f 908/2/1 899/2/1 898/2/1
f 908/2/1 900/2/1 899/2/1
f 909/3/1 901/3/1 900/3/1
f 909/2/1 900/2/1 908/2/1
f 910/2/1 902/2/1 901/2/1
f 910/3/1 901/3/1 909/3/1
f 911/2/1 902/2/1 910/2/1
f 912/2/1 907/2/1 906/2/1
f 912/2/1 906/2/1 905/2/1
f 913/2/1 907/2/1 912/2/1
f 914/2/1 907/2/1 913/2/1
f 918/3/1 911/3/1 910/3/1
f 918/3/1 910/3/1 909/3/1
f 921/2/1 915/2/1 914/2/1
f 921/2/1 914/2/1 913/2/1
f 922/2/1 915/2/1 921/2/1
f 923/2/1 917/2/1 916/2/1
f 924/2/1 917/2/1 923/2/1
f 926/3/1 918/3/1 909/3/1
f 927/3/1 918/3/1 926/3/1
f 928/3/1 920/3/1 919/3/1
f 929/3/1 920/3/1 928/3/1
f 930/5/1 922/5/1 921/5/1
f 930/2/1 921/2/1 913/2/1
f 931/5/1 922/5/1 930/5/1
f 932/2/1 925/2/1 924/2/1
f 933/2/1 925/2/1 932/2/1
f 935/3/1 926/3/1 909/3/1
f 942/3/1 935/3/1 934/3/1
f 943/3/1 935/3/1 942/3/1
f 944/3/1 937/3/1 936/3/1
f 945/3/1 937/3/1 944/3/1
f 946/2/1 931/2/1 930/2/1
f 946/2/1 930/2/1 913/2/1
f 947/2/1 931/2/1 946/2/1
f 948/3/1 935/3/1 943/3/1
f 949/3/1 926/3/1 935/3/1
f 949/3/1 935/3/1 948/3/1
f 950/3/1 944/3/1 936/3/1
f 951/3/1 937/3/1 945/3/1
f 952/3/1 937/3/1 951/3/1
f 954/3/1 950/3/1 936/3/1
f 955/3/1 950/3/1 954/3/1
f 956/3/1 954/3/1 953/3/1
f 956/3/1 955/3/1 954/3/1
f 957/3/1 939/3/1 938/3/1
f 958/3/1 939/3/1 957/3/1
f 959/3/1 941/3/1 940/3/1
f 960/3/1 941/3/1 959/3/1
f 962/3/1 956/3/1 953/3/1
f 963/3/1 956/3/1 962/3/1
f 965/1/1 962/1/1 961/1/1
f 965/1/1 964/1/1 963/1/1
f 965/1/1 963/1/1 962/1/1
f 966/1/1 964/1/1 965/1/1
f 970/2/1 968/2/1 967/2/1
f 971/2/1 968/2/1 970/2/1
f 972/2/1 968/2/1 971/2/1
f 973/2/1 968/2/1 972/2/1
f 974/2/1 970/2/1 969/2/1
f 974/2/1 971/2/1 970/2/1
f 975/2/1 971/2/1 974/2/1
f 979/3/1 977/3/1 976/3/1
f 980/3/1 977/3/1 979/3/1
f 981/3/1 979/3/1 978/3/1
f 982/3/1 979/3/1 981/3/1
f 984/3/1 983/3/1 982/3/1
f 986/3/1 981/3/1 978/3/1
f 987/3/1 981/3/1 986/3/1
f 988/3/1 985/3/1 984/3/1
f 988/3/1 984/3/1 982/3/1
f 989/3/1 985/3/1 988/3/1
f 990/2/1 987/2/1 986/2/1
f 990/2/1 988/2/1 987/2/1
f 990/2/1 989/2/1 988/2/1
f 991/2/1 989/2/1 990/2/1
f 992/3/1 985/3/1 989/3/1
f 992/2/1 989/2/1 991/2/1
f 993/3/1 985/3/1 992/3/1
f 994/1/1 992/1/1 991/1/1
f 995/1/1 992/1/1 994/1/1
f 1001/2/1 997/2/1 996/2/1
f 1002/2/1 997/2/1 1001/2/1
f 1003/2/1 997/2/1 1002/2/1
f 1006/2/1 999/2/1 998/2/1
f 1007/2/1 999/2/1 1006/2/1
f 1008/2/1 999/2/1 1007/2/1
f 1010/2/1 1001/2/1 1000/2/1
f 1010/2/1 1002/2/1 1001/2/1
f 1011/2/1 1002/2/1 1010/2/1
f 1012/3/1 1005/3/1 1004/3/1
f 1013/2/1 1009/2/1 1008/2/1
f 1013/2/1 1008/2/1 1007/2/1
f 1014/2/1 1009/2/1 1013/2/1
f 1015/2/1 1009/2/1 1014/2/1
f 1017/3/1 1012/3/1 1011/3/1
f 1017/3/1 1005/3/1 1012/3/1
f 1018/3/1 1005/3/1 1017/3/1
f 1019/3/1 1017/3/1 1011/3/1
f 1020/5/1 1018/5/1 1017/5/1
f 1020/3/1 1017/3/1 1019/3/1
f 1021/3/1 1005/3/1 1018/3/1
f 1021/5/1 1018/5/1 1020/5/1
f 1022/3/1 1005/3/1 1021/3/1
f 1025/2/1 1016/2/1 1015/2/1
f 1025/2/1 1015/2/1 1014/2/1
f 1026/2/1 1016/2/1 1025/2/1
f 1028/3/1 1019/3/1 1011/3/1
f 1029/3/1 1019/3/1 1028/3/1
f 1030/3/1 1024/3/1 1023/3/1
f 1031/3/1 1024/3/1 1030/3/1
f 1032/2/1 1028/2/1 1027/2/1
f 1033/2/1 1028/2/1 1032/2/1
f 1034/3/1 1029/3/1 1028/3/1
f 1034/2/1 1028/2/1 1033/2/1
f 1035/3/1 1029/3/1 1034/3/1
f 1039/1/1 1036/1/1 1035/1/1
f 1039/1/1 1035/1/1 1034/1/1
f 1039/1/1 1034/1/1 1033/1/1
f 1040/1/1 1036/1/1 1039/1/1
f 1041/1/1 1038/1/1 1037/1/1
f 1042/1/1 1038/1/1 1041/1/1
f 1045/2/1 1044/2/1 1043/2/1
f 1046/2/1 1044/2/1 1045/2/1
f 1050/2/1 1048/2/1 1047/2/1
f 1051/2/1 1048/2/1 1050/2/1
f 1052/2/1 1050/2/1 1049/2/1
f 1053/2/1 1050/2/1 1052/2/1
f 1058/2/1 1057/2/1 1056/2/1
f 1059/2/1 1057/2/1 1058/2/1
f 1060/2/1 1057/2/1 1059/2/1
f 1062/2/1 1060/2/1 1059/2/1
f 1062/2/1 1061/2/1 1060/2/1
f 1063/2/1 1061/2/1 1062/2/1
f 1064/1/1 1063/1/1 1062/1/1
f 1065/1/1 1063/1/1 1064/1/1
f 1066/1/1 1063/1/1 1065/1/1
f 1067/2/1 1065/2/1 1064/2/1
f 1069/2/1 1067/2/1 1064/2/1
f 1069/1/1 1068/1/1 1067/1/1
f 1070/1/1 1068/1/1 1069/1/1
f 1071/1/1 1068/1/1 1070/1/1
f 1074/3/1 1055/3/1 1054/3/1
f 1075/3/1 1055/3/1 1074/3/1
f 1076/2/1 1070/2/1 1069/2/1
f 1078/2/1 1073/2/1 1072/2/1
f 1079/2/1 1073/2/1 1078/2/1
f 1085/1/1 1077/1/1 1076/1/1
f 1085/2/1 1076/2/1 1069/2/1
f 1086/1/1 1077/1/1 1085/1/1
f 1087/1/1 1077/1/1 1086/1/1
f 1088/1/1 1080/1/1 1079/1/1
f 1089/1/1 1080/1/1 1088/1/1
f 1090/1/1 1082/1/1 1081/1/1
f 1091/1/1 1082/1/1 1090/1/1
f 1092/2/1 1084/2/1 1083/2/1
f 1093/2/1 1084/2/1 1092/2/1
f 1096/2/1 1069/2/1 1064/2/1
f 1096/2/1 1086/2/1 1085/2/1
f 1096/2/1 1085/2/1 1069/2/1
f 1097/2/1 1086/2/1 1096/2/1
f 1100/2/1 1095/2/1 1094/2/1
f 1101/2/1 1095/2/1 1100/2/1
f 1103/2/1 1099/2/1 1098/2/1
f 1104/2/1 1099/2/1 1103/2/1
f 1105/1/1 1103/1/1 1102/1/1
f 1105/1/1 1104/1/1 1103/1/1
f 1106/2/1 1099/2/1 1104/2/1
f 1106/1/1 1104/1/1 1105/1/1
f 1107/2/1 1099/2/1 1106/2/1
f 1108/7/1 1107/7/1 1106/7/1
f 1109/7/1 1107/7/1 1108/7/1
f 1115/2/1 1111/2/1 1110/2/1
f 1116/2/1 1111/2/1 1115/2/1
f 1118/2/1 1113/2/1 1112/2/1
f 1119/2/1 1113/2/1 1118/2/1
f 1120/2/1 1113/2/1 1119/2/1
f 1121/2/1 1113/2/1 1120/2/1
f 1122/2/1 1113/2/1 1121/2/1
f 1124/2/1 1115/2/1 1114/2/1
f 1125/2/1 1115/2/1 1124/2/1
f 1126/3/1 1117/3/1 1116/3/1
f 1127/2/1 1120/2/1 1119/2/1
f 1128/2/1 1120/2/1 1127/2/1
f 1129/2/1 1123/2/1 1122/2/1
f 1129/2/1 1122/2/1 1121/2/1
f 1130/2/1 1120/2/1 1128/2/1
f 1131/3/1 1121/3/1 1120/3/1
f 1131/2/1 1120/2/1 1130/2/1
f 1132/2/1 1129/2/1 1121/2/1
f 1132/3/1 1121/3/1 1131/3/1
f 1133/2/1 1129/2/1 1132/2/1
f 1136/3/1 1117/3/1 1126/3/1
f 1137/2/1 1135/2/1 1134/2/1
f 1138/2/1 1135/2/1 1137/2/1
f 1139/3/1 1117/3/1 1136/3/1
f 1140/3/1 1117/3/1 1139/3/1
f 1145/1/1 1139/1/1 1138/1/1
f 1146/1/1 1139/1/1 1145/1/1
f 1147/1/1 1142/1/1 1141/1/1
f 1148/1/1 1142/1/1 1147/1/1
f 1149/2/1 1144/2/1 1143/2/1
f 1150/2/1 1144/2/1 1149/2/1
f 1153/2/1 1152/2/1 1151/2/1
f 1154/2/1 1152/2/1 1153/2/1
f 1155/1/1 1154/1/1 1153/1/1
f 1156/1/1 1154/1/1 1155/1/1
f 1159/1/1 1158/1/1 1157/1/1
f 1160/1/1 1158/1/1 1159/1/1
f 1167/1/1 1162/1/1 1161/1/1
f 1168/1/1 1162/1/1 1167/1/1
f 1169/1/1 1164/1/1 1163/1/1
f 1170/1/1 1164/1/1 1169/1/1
f 1171/2/1 1166/2/1 1165/2/1
f 1172/2/1 1166/2/1 1171/2/1
f 1176/2/1 1174/2/1 1173/2/1
f 1177/2/1 1174/2/1 1176/2/1
f 1179/2/1 1176/2/1 1175/2/1
f 1180/2/1 1176/2/1 1179/2/1
f 1181/3/1 1178/3/1 1177/3/1
f 1182/3/1 1181/3/1 1180/3/1
f 1183/3/1 1178/3/1 1181/3/1
f 1183/3/1 1181/3/1 1182/3/1
f 1185/3/1 1178/3/1 1183/3/1
f 1186/3/1 1185/3/1 1184/3/1
f 1187/3/1 1178/3/1 1185/3/1
f 1187/3/1 1185/3/1 1186/3/1
f 1189/3/1 1178/3/1 1187/3/1
f 1190/3/1 1178/3/1 1189/3/1
f 1191/3/1 1189/3/1 1188/3/1
f 1191/3/1 1190/3/1 1189/3/1
f 1192/3/1 1190/3/1 1191/3/1
f 1193/3/1 1190/3/1 1192/3/1
f 1196/2/1 1195/2/1 1194/2/1
f 1197/2/1 1195/2/1 1196/2/1
f 1198/3/1 1193/3/1 1192/3/1
f 1199/3/1 1193/3/1 1198/3/1
f 1200/2/1 1199/2/1 1198/2/1
f 1201/2/1 1199/2/1 1200/2/1
f 1205/1/1 1204/1/1 1203/1/1
f 1205/1/1 1203/1/1 1202/1/1
f 1206/1/1 1204/1/1 1205/1/1
f 1211/1/1 1208/1/1 1207/1/1
f 1212/1/1 1208/1/1 1211/1/1
f 1213/7/1 1209/7/1 1208/7/1
f 1213/1/1 1208/1/1 1212/1/1
f 1214/7/1 1209/7/1 1213/7/1
f 1216/1/1 1212/1/1 1211/1/1
f 1216/1/1 1211/1/1 1210/1/1
f 1217/1/1 1212/1/1 1216/1/1
f 1218/1/1 1212/1/1 1217/1/1
f 1219/1/1 1216/1/1 1215/1/1
f 1219/1/1 1217/1/1 1216/1/1
f 1220/1/1 1217/1/1 1219/1/1
f 1223/2/1 1222/2/1 1221/2/1
f 1224/2/1 1222/2/1 1223/2/1
f 1227/1/1 1226/1/1 1225/1/1
f 1228/1/1 1226/1/1 1227/1/1
f 1232/2/1 1230/2/1 1229/2/1
f 1233/2/1 1230/2/1 1232/2/1
f 1235/2/1 1232/2/1 1231/2/1
f 1236/2/1 1232/2/1 1235/2/1
f 1237/3/1 1234/3/1 1233/3/1
f 1240/3/1 1234/3/1 1237/3/1
f 1241/2/1 1239/2/1 1238/2/1
f 1242/2/1 1239/2/1 1241/2/1
f 1243/3/1 1234/3/1 1240/3/1
f 1244/3/1 1234/3/1 1243/3/1
f 1248/2/1 1243/2/1 1242/2/1
f 1249/2/1 1243/2/1 1248/2/1
f 1250/2/1 1247/2/1 1246/2/1
f 1250/2/1 1246/2/1 1245/2/1
f 1251/2/1 1247/2/1 1250/2/1
f 1255/1/1 1253/1/1 1252/1/1
f 1255/1/1 1254/1/1 1253/1/1
f 1256/1/1 1254/1/1 1255/1/1
f 1259/6/1 1258/6/1 1257/6/1
f 1260/6/1 1258/6/1 1259/6/1
f 1263/6/1 1262/6/1 1261/6/1
f 1264/6/1 1262/6/1 1263/6/1
f 1267/6/1 1266/6/1 1265/6/1
f 1268/6/1 1266/6/1 1267/6/1
f 1271/6/1 1270/6/1 1269/6/1
f 1272/6/1 1270/6/1 1271/6/1
f 1275/1/1 1274/1/1 1273/1/1
f 1276/1/1 1274/1/1 1275/1/1
f 1280/1/1 1278/1/1 1277/1/1
f 1281/7/1 1279/7/1 1278/7/1
f 1281/1/1 1278/1/1 1280/1/1
f 1282/7/1 1279/7/1 1281/7/1
f 1287/2/1 1284/2/1 1283/2/1
f 1288/2/1 1284/2/1 1287/2/1
f 1289/2/1 1286/2/1 1285/2/1
f 1290/2/1 1286/2/1 1289/2/1
f 1293/1/1 1292/1/1 1291/1/1
f 1294/1/1 1292/1/1 1293/1/1
f 1297/3/1 1296/3/1 1295/3/1
f 1298/3/1 1296/3/1 1297/3/1
f 1301/3/1 1300/3/1 1299/3/1
f 1302/3/1 1300/3/1 1301/3/1
f 1305/3/1 1304/3/1 1303/3/1
f 1306/3/1 1304/3/1 1305/3/1
f 1309/3/1 1308/3/1 1307/3/1
f 1310/3/1 1308/3/1 1309/3/1
f 1318/2/1 1312/2/1 1311/2/1
f 1319/2/1 1312/2/1 1318/2/1
f 1320/1/1 1314/1/1 1313/1/1
f 1321/1/1 1314/1/1 1320/1/1
f 1322/1/1 1314/1/1 1321/1/1
f 1323/2/1 1316/2/1 1315/2/1
f 1324/2/1 1316/2/1 1323/2/1
f 1325/2/1 1318/2/1 1317/2/1
f 1326/2/1 1318/2/1 1325/2/1
f 1327/4/1 1320/4/1 1319/4/1
f 1328/4/1 1320/4/1 1327/4/1
f 1329/3/1 1322/3/1 1321/3/1
f 1330/3/1 1322/3/1 1329/3/1
f 1333/2/1 1332/2/1 1331/2/1
f 1334/2/1 1332/2/1 1333/2/1
f 1338/2/1 1335/2/1 1334/2/1
f 1339/2/1 1335/2/1 1338/2/1
f 1340/2/1 1337/2/1 1336/2/1
f 1341/2/1 1337/2/1 1340/2/1
f 1344/6/1 1343/6/1 1342/6/1
f 1345/6/1 1343/6/1 1344/6/1
f 1350/3/1 1347/3/1 1346/3/1
f 1351/3/1 1347/3/1 1350/3/1
f 1352/6/1 1349/6/1 1348/6/1
f 1353/6/1 1349/6/1 1352/6/1
f 1358/3/1 1355/3/1 1354/3/1
f 1359/3/1 1355/3/1 1358/3/1
f 1360/6/1 1357/6/1 1356/6/1
f 1361/6/1 1357/6/1 1360/6/1
f 1364/6/1 1363/6/1 1362/6/1
f 1365/6/1 1363/6/1 1364/6/1
f 1369/2/1 1367/2/1 1366/2/1
f 1370/2/1 1367/2/1 1369/2/1
f 1372/2/1 1369/2/1 1368/2/1
f 1373/2/1 1369/2/1 1372/2/1
f 1374/3/1 1371/3/1 1370/3/1
f 1375/3/1 1374/3/1 1373/3/1
f 1376/3/1 1371/3/1 1374/3/1
f 1376/3/1 1374/3/1 1375/3/1
f 1378/3/1 1371/3/1 1376/3/1
f 1379/3/1 1378/3/1 1377/3/1
f 1380/3/1 1371/3/1 1378/3/1
f 1380/3/1 1378/3/1 1379/3/1
f 1382/3/1 1371/3/1 1380/3/1
f 1383/3/1 1382/3/1 1381/3/1
f 1384/3/1 1371/3/1 1382/3/1
f 1384/3/1 1382/3/1 1383/3/1
f 1387/3/1 1371/3/1 1384/3/1
f 1388/2/1 1386/2/1 1385/2/1
f 1389/2/1 1386/2/1 1388/2/1
f 1390/3/1 1371/3/1 1387/3/1
f 1391/3/1 1371/3/1 1390/3/1
f 1392/2/1 1390/2/1 1389/2/1
f 1393/2/1 1390/2/1 1392/2/1
f 1396/3/1 1395/3/1 1394/3/1
f 1397/3/1 1395/3/1 1396/3/1
f 1400/3/1 1399/3/1 1398/3/1
f 1401/3/1 1399/3/1 1400/3/1
f 1404/3/1 1403/3/1 1402/3/1
f 1405/3/1 1403/3/1 1404/3/1
f 1408/3/1 1407/3/1 1406/3/1
f 1409/3/1 1407/3/1 1408/3/1
f 1412/1/1 1411/1/1 1410/1/1
f 1413/1/1 1411/1/1 1412/1/1
f 1421/2/1 1415/2/1 1414/2/1
f 1422/2/1 1415/2/1 1421/2/1
f 1423/2/1 1415/2/1 1422/2/1
f 1424/1/1 1417/1/1 1416/1/1
f 1425/1/1 1417/1/1 1424/1/1
f 1426/2/1 1419/2/1 1418/2/1
f 1427/2/1 1419/2/1 1426/2/1
f 1428/2/1 1419/2/1 1427/2/1
f 1429/2/1 1421/2/1 1420/2/1
f 1430/2/1 1421/2/1 1429/2/1
f 1433/4/1 1424/4/1 1423/4/1
f 1434/4/1 1424/4/1 1433/4/1
f 1435/2/1 1427/2/1 1426/2/1
f 1436/2/1 1427/2/1 1435/2/1
f 1437/3/1 1432/3/1 1431/3/1
f 1440/3/1 1432/3/1 1437/3/1
f 1441/2/1 1439/2/1 1438/2/1
f 1442/2/1 1439/2/1 1441/2/1
f 1443/3/1 1432/3/1 1440/3/1
f 1444/3/1 1432/3/1 1443/3/1
f 1449/2/1 1443/2/1 1442/2/1
f 1450/2/1 1443/2/1 1449/2/1
f 1451/2/1 1446/2/1 1445/2/1
f 1452/2/1 1446/2/1 1451/2/1
f 1453/2/1 1448/2/1 1447/2/1
f 1454/2/1 1448/2/1 1453/2/1
f 1459/2/1 1456/2/1 1455/2/1
f 1460/2/1 1456/2/1 1459/2/1
f 1461/2/1 1458/2/1 1457/2/1
f 1462/2/1 1458/2/1 1461/2/1
f 1465/2/1 1464/2/1 1463/2/1
f 1466/2/1 1464/2/1 1465/2/1
f 1469/2/1 1468/2/1 1467/2/1
f 1470/2/1 1468/2/1 1469/2/1
f 1474/2/1 1471/2/1 1470/2/1
f 1475/2/1 1471/2/1 1474/2/1
f 1476/2/1 1473/2/1 1472/2/1
f 1477/2/1 1473/2/1 1476/2/1
f 1480/6/1 1479/6/1 1478/6/1
f 1481/6/1 1479/6/1 1480/6/1
f 1484/6/1 1483/6/1 1482/6/1
f 1485/6/1 1483/6/1 1484/6/1
f 1488/6/1 1487/6/1 1486/6/1
f 1489/6/1 1487/6/1 1488/6/1
f 1492/6/1 1491/6/1 1490/6/1
f 1493/6/1 1491/6/1 1492/6/1
f 1498/1/1 1495/1/1 1494/1/1
f 1499/1/1 1495/1/1 1498/1/1
f 1500/7/1 1496/7/1 1495/7/1
f 1500/1/1 1495/1/1 1499/1/1
f 1501/7/1 1496/7/1 1500/7/1
f 1503/1/1 1499/1/1 1498/1/1
f 1503/1/1 1498/1/1 1497/1/1
f 1504/1/1 1499/1/1 1503/1/1
f 1505/1/1 1499/1/1 1504/1/1
f 1506/1/1 1503/1/1 1502/1/1
f 1506/1/1 1504/1/1 1503/1/1
f 1507/1/1 1504/1/1 1506/1/1
f 1510/1/1 1509/1/1 1508/1/1
f 1511/1/1 1509/1/1 1510/1/1
f 1514/3/1 1513/3/1 1512/3/1
f 1515/3/1 1513/3/1 1514/3/1
f 1520/3/1 1517/3/1 1516/3/1
f 1521/3/1 1517/3/1 1520/3/1
f 1522/3/1 1519/3/1 1518/3/1
f 1523/3/1 1519/3/1 1522/3/1
f 1528/3/1 1525/3/1 1524/3/1
f 1529/3/1 1525/3/1 1528/3/1
f 1530/3/1 1527/3/1 1526/3/1
f 1531/3/1 1527/3/1 1530/3/1
f 1534/3/1 1533/3/1 1532/3/1
f 1535/3/1 1533/3/1 1534/3/1
f 1540/2/1 1537/2/1 1536/2/1
f 1541/2/1 1537/2/1 1540/2/1
f 1542/2/1 1539/2/1 1538/2/1
f 1543/2/1 1539/2/1 1542/2/1
f 1546/6/1 1545/6/1 1544/6/1
f 1547/6/1 1545/6/1 1546/6/1
f 1550/6/1 1549/6/1 1548/6/1
f 1551/6/1 1549/6/1 1550/6/1
f 1554/6/1 1553/6/1 1552/6/1
f 1555/6/1 1553/6/1 1554/6/1
f 1560/6/1 1557/6/1 1556/6/1
f 1561/6/1 1557/6/1 1560/6/1
f 1562/6/1 1557/6/1 1561/6/1
f 1563/2/1 1559/2/1 1558/2/1
f 1564/2/1 1559/2/1 1563/2/1
f 1567/2/1 1566/2/1 1565/2/1
f 1568/2/1 1566/2/1 1567/2/1
f 1571/3/1 1570/3/1 1569/3/1
f 1572/3/1 1570/3/1 1571/3/1
f 1575/3/1 1574/3/1 1573/3/1
f 1576/3/1 1574/3/1 1575/3/1
f 1581/3/1 1578/3/1 1577/3/1
f 1582/3/1 1578/3/1 1581/3/1
f 1583/2/1 1580/2/1 1579/2/1
f 1584/2/1 1580/2/1 1583/2/1
f 1587/2/1 1586/2/1 1585/2/1
f 1588/2/1 1586/2/1 1587/2/1
f 1589/2/2 1590/2/2 1591/2/2
f 1591/2/2 1590/2/2 1592/2/2
f 1593/2/2 1594/2/2 1595/2/2
f 1595/2/2 1594/2/2 1596/2/2
f 1597/3/2 1598/3/2 1599/3/2
f 1599/3/2 1598/3/2 1600/3/2
f 1601/3/2 1602/3/2 1603/3/2
f 1603/3/2 1602/3/2 1604/3/2
f 1605/3/2 1606/3/2 1609/3/2
f 1609/3/2 1606/3/2 1610/3/2
f 1607/2/2 1608/2/2 1611/2/2
f 1611/2/2 1608/2/2 1612/2/2
f 1613/6/2 1614/6/2 1615/6/2
f 1615/6/2 1614/6/2 1616/6/2
f 1617/6/2 1618/6/2 1619/6/2
f 1619/6/2 1618/6/2 1620/6/2
f 1621/6/2 1622/6/2 1623/6/2
f 1623/6/2 1622/6/2 1624/6/2
f 1625/6/2 1626/6/2 1629/6/2
f 1629/6/2 1626/6/2 1630/6/2
f 1630/6/2 1626/6/2 1631/6/2
f 1627/2/2 1628/2/2 1632/2/2
f 1632/2/2 1628/2/2 1633/2/2
f 1634/3/2 1635/3/2 1636/3/2
f 1636/3/2 1635/3/2 1637/3/2
f 1638/3/2 1639/3/2 1642/3/2
f 1642/3/2 1639/3/2 1643/3/2
f 1640/3/2 1641/3/2 1644/3/2
f 1644/3/2 1641/3/2 1645/3/2
f 1646/3/2 1647/3/2 1650/3/2
f 1650/3/2 1647/3/2 1651/3/2
f 1648/3/2 1649/3/2 1652/3/2
f 1652/3/2 1649/3/2 1653/3/2
f 1654/3/2 1655/3/2 1656/3/2
f 1656/3/2 1655/3/2 1657/3/2
f 1658/2/2 1659/2/2 1662/2/2
f 1662/2/2 1659/2/2 1663/2/2
f 1660/2/2 1661/2/2 1664/2/2
f 1664/2/2 1661/2/2 1665/2/2
f 1666/1/2 1667/1/2 1670/1/2
f 1670/1/2 1667/1/2 1671/1/2
f 1667/7/2 1668/7/2 1672/7/2
f 1671/1/2 1667/1/2 1672/1/2
f 1672/7/2 1668/7/2 1673/7/2
f 1670/1/2 1671/1/2 1675/1/2
f 1669/1/2 1670/1/2 1675/1/2
f 1675/1/2 1671/1/2 1676/1/2
f 1676/1/2 1671/1/2 1677/1/2
f 1674/1/2 1675/1/2 1678/1/2
f 1675/1/2 1676/1/2 1678/1/2
f 1678/1/2 1676/1/2 1679/1/2
f 1680/1/2 1681/1/2 1682/1/2
f 1682/1/2 1681/1/2 1683/1/2
f 1684/6/2 1685/6/2 1686/6/2
f 1686/6/2 1685/6/2 1687/6/2
f 1688/6/2 1689/6/2 1690/6/2
f 1690/6/2 1689/6/2 1691/6/2
f 1692/6/2 1693/6/2 1694/6/2
f 1694/6/2 1693/6/2 1695/6/2
f 1696/6/2 1697/6/2 1698/6/2
f 1698/6/2 1697/6/2 1699/6/2
f 1700/2/2 1701/2/2 1702/2/2
f 1702/2/2 1701/2/2 1703/2/2
f 1704/2/2 1705/2/2 1706/2/2
f 1706/2/2 1705/2/2 1707/2/2
f 1707/2/2 1708/2/2 1711/2/2
f 1711/2/2 1708/2/2 1712/2/2
f 1709/2/2 1710/2/2 1713/2/2
f 1713/2/2 1710/2/2 1714/2/2
f 1715/2/2 1716/2/2 1719/2/2
f 1719/2/2 1716/2/2 1720/2/2
f 1717/2/2 1718/2/2 1721/2/2
f 1721/2/2 1718/2/2 1722/2/2
f 1723/2/2 1724/2/2 1730/2/2
f 1730/2/2 1724/2/2 1731/2/2
f 1731/2/2 1724/2/2 1732/2/2
f 1725/1/2 1726/1/2 1733/1/2
f 1733/1/2 1726/1/2 1734/1/2
f 1727/2/2 1728/2/2 1735/2/2
f 1735/2/2 1728/2/2 1736/2/2
f 1736/2/2 1728/2/2 1737/2/2
f 1729/2/2 1730/2/2 1738/2/2
f 1738/2/2 1730/2/2 1739/2/2
f 1732/4/2 1733/4/2 1742/4/2
f 1742/4/2 1733/4/2 1743/4/2
f 1735/2/2 1736/2/2 1744/2/2
f 1744/2/2 1736/2/2 1745/2/2
f 1740/3/2 1741/3/2 1746/3/2
f 1746/3/2 1741/3/2 1749/3/2
f 1747/2/2 1748/2/2 1750/2/2
f 1750/2/2 1748/2/2 1751/2/2
f 1749/3/2 1741/3/2 1752/3/2
f 1752/3/2 1741/3/2 1753/3/2
f 1751/2/2 1752/2/2 1758/2/2
f 1758/2/2 1752/2/2 1759/2/2
f 1754/2/2 1755/2/2 1760/2/2
f 1760/2/2 1755/2/2 1761/2/2
f 1756/2/2 1757/2/2 1762/2/2
f 1762/2/2 1757/2/2 1763/2/2
f 1764/3/2 1765/3/2 1766/3/2
f 1766/3/2 1765/3/2 1767/3/2
f 1768/3/2 1769/3/2 1770/3/2
f 1770/3/2 1769/3/2 1771/3/2
f 1772/3/2 1773/3/2 1774/3/2
f 1774/3/2 1773/3/2 1775/3/2
f 1776/3/2 1777/3/2 1778/3/2
f 1778/3/2 1777/3/2 1779/3/2
f 1780/1/2 1781/1/2 1782/1/2
f 1782/1/2 1781/1/2 1783/1/2
f 1784/2/2 1785/2/2 1787/2/2
f 1787/2/2 1785/2/2 1788/2/2
f 1786/2/2 1787/2/2 1790/2/2
f 1790/2/2 1787/2/2 1791/2/2
f 1788/3/2 1789/3/2 1792/3/2
f 1791/3/2 1792/3/2 1793/3/2
f 1792/3/2 1789/3/2 1794/3/2
f 1793/3/2 1792/3/2 1794/3/2
f 1794/3/2 1789/3/2 1796/3/2
f 1795/3/2 1796/3/2 1797/3/2
f 1796/3/2 1789/3/2 1798/3/2
f 1797/3/2 1796/3/2 1798/3/2
f 1798/3/2 1789/3/2 1800/3/2
f 1799/3/2 1800/3/2 1801/3/2
f 1800/3/2 1789/3/2 1802/3/2
f 1801/3/2 1800/3/2 1802/3/2
f 1802/3/2 1789/3/2 1805/3/2
f 1803/2/2 1804/2/2 1806/2/2
f 1806/2/2 1804/2/2 1807/2/2
f 1805/3/2 1789/3/2 1808/3/2
f 1808/3/2 1789/3/2 1809/3/2
f 1807/2/2 1808/2/2 1810/2/2
f 1810/2/2 1808/2/2 1811/2/2
f 1812/6/2 1813/6/2 1814/6/2
f 1814/6/2 1813/6/2 1815/6/2
f 1816/3/2 1817/3/2 1820/3/2
f 1820/3/2 1817/3/2 1821/3/2
f 1818/6/2 1819/6/2 1822/6/2
f 1822/6/2 1819/6/2 1823/6/2
f 1824/3/2 1825/3/2 1828/3/2
f 1828/3/2 1825/3/2 1829/3/2
f 1826/6/2 1827/6/2 1830/6/2
f 1830/6/2 1827/6/2 1831/6/2
f 1832/6/2 1833/6/2 1834/6/2
f 1834/6/2 1833/6/2 1835/6/2
f 1836/2/2 1837/2/2 1843/2/2
f 1843/2/2 1837/2/2 1844/2/2
f 1838/1/2 1839/1/2 1845/1/2
f 1845/1/2 1839/1/2 1846/1/2
f 1846/1/2 1839/1/2 1847/1/2
f 1840/2/2 1841/2/2 1848/2/2
f 1848/2/2 1841/2/2 1849/2/2
f 1842/2/2 1843/2/2 1850/2/2
f 1850/2/2 1843/2/2 1851/2/2
f 1844/4/2 1845/4/2 1852/4/2
f 1852/4/2 1845/4/2 1853/4/2
f 1846/3/2 1847/3/2 1854/3/2
f 1854/3/2 1847/3/2 1855/3/2
f 1856/2/2 1857/2/2 1858/2/2
f 1858/2/2 1857/2/2 1859/2/2
f 1859/2/2 1860/2/2 1863/2/2
f 1863/2/2 1860/2/2 1864/2/2
f 1861/2/2 1862/2/2 1865/2/2
f 1865/2/2 1862/2/2 1866/2/2
f 1867/1/2 1868/1/2 1869/1/2
f 1869/1/2 1868/1/2 1870/1/2
f 1871/3/2 1872/3/2 1873/3/2
f 1873/3/2 1872/3/2 1874/3/2
f 1875/3/2 1876/3/2 1877/3/2
f 1877/3/2 1876/3/2 1878/3/2
f 1879/3/2 1880/3/2 1881/3/2
f 1881/3/2 1880/3/2 1882/3/2
f 1883/3/2 1884/3/2 1885/3/2
f 1885/3/2 1884/3/2 1886/3/2
f 1887/2/2 1888/2/2 1891/2/2
f 1891/2/2 1888/2/2 1892/2/2
f 1889/2/2 1890/2/2 1893/2/2
f 1893/2/2 1890/2/2 1894/2/2
f 1895/6/2 1896/6/2 1897/6/2
f 1897/6/2 1896/6/2 1898/6/2
f 1899/6/2 1900/6/2 1901/6/2
f 1901/6/2 1900/6/2 1902/6/2
f 1903/6/2 1904/6/2 1905/6/2
f 1905/6/2 1904/6/2 1906/6/2
f 1907/6/2 1908/6/2 1909/6/2
f 1909/6/2 1908/6/2 1910/6/2
f 1911/1/2 1912/1/2 1913/1/2
f 1913/1/2 1912/1/2 1914/1/2
f 1915/1/2 1916/1/2 1918/1/2
f 1916/7/2 1917/7/2 1919/7/2
f 1918/1/2 1916/1/2 1919/1/2
f 1919/7/2 1917/7/2 1920/7/2
f 1921/2/2 1922/2/2 1924/2/2
f 1924/2/2 1922/2/2 1925/2/2
f 1923/2/2 1924/2/2 1927/2/2
f 1927/2/2 1924/2/2 1928/2/2
f 1925/3/2 1926/3/2 1929/3/2
f 1929/3/2 1926/3/2 1932/3/2
f 1930/2/2 1931/2/2 1933/2/2
f 1933/2/2 1931/2/2 1934/2/2
f 1932/3/2 1926/3/2 1935/3/2
f 1935/3/2 1926/3/2 1936/3/2
f 1934/2/2 1935/2/2 1940/2/2
f 1940/2/2 1935/2/2 1941/2/2
f 1938/2/2 1939/2/2 1942/2/2
f 1937/2/2 1938/2/2 1942/2/2
f 1942/2/2 1939/2/2 1943/2/2
f 1944/1/2 1945/1/2 1947/1/2
f 1945/1/2 1946/1/2 1947/1/2
f 1947/1/2 1946/1/2 1948/1/2
f 1949/1/2 1950/1/2 1953/1/2
f 1953/1/2 1950/1/2 1954/1/2
f 1950/7/2 1951/7/2 1955/7/2
f 1954/1/2 1950/1/2 1955/1/2
f 1955/7/2 1951/7/2 1956/7/2
f 1953/1/2 1954/1/2 1958/1/2
f 1952/1/2 1953/1/2 1958/1/2
f 1958/1/2 1954/1/2 1959/1/2
f 1959/1/2 1954/1/2 1960/1/2
f 1957/1/2 1958/1/2 1961/1/2
f 1958/1/2 1959/1/2 1961/1/2
f 1961/1/2 1959/1/2 1962/1/2
f 1963/2/2 1964/2/2 1965/2/2
f 1965/2/2 1964/2/2 1966/2/2
f 1967/1/2 1968/1/2 1969/1/2
f 1969/1/2 1968/1/2 1970/1/2
f 1971/2/2 1972/2/2 1974/2/2
f 1974/2/2 1972/2/2 1975/2/2
f 1973/2/2 1974/2/2 1977/2/2
f 1977/2/2 1974/2/2 1978/2/2
f 1975/3/2 1976/3/2 1979/3/2
f 1978/3/2 1979/3/2 1980/3/2
f 1979/3/2 1976/3/2 1981/3/2
f 1980/3/2 1979/3/2 1981/3/2
f 1981/3/2 1976/3/2 1983/3/2
f 1982/3/2 1983/3/2 1984/3/2
f 1983/3/2 1976/3/2 1985/3/2
f 1984/3/2 1983/3/2 1985/3/2
f 1985/3/2 1976/3/2 1987/3/2
f 1987/3/2 1976/3/2 1988/3/2
f 1986/3/2 1987/3/2 1989/3/2
f 1987/3/2 1988/3/2 1989/3/2
f 1989/3/2 1988/3/2 1990/3/2
f 1990/3/2 1988/3/2 1991/3/2
f 1992/2/2 1993/2/2 1994/2/2
f 1994/2/2 1993/2/2 1995/2/2
f 1990/3/2 1991/3/2 1996/3/2
f 1996/3/2 1991/3/2 1997/3/2
f 1996/2/2 1997/2/2 1998/2/2
f 1998/2/2 1997/2/2 1999/2/2
f 2001/1/2 2002/1/2 2003/1/2
f 2000/1/2 2001/1/2 2003/1/2
f 2003/1/2 2002/1/2 2004/1/2
f 2005/2/2 2006/2/2 2007/2/2
f 2007/2/2 2006/2/2 2008/2/2
f 2007/1/2 2008/1/2 2009/1/2
f 2009/1/2 2008/1/2 2010/1/2
f 2011/1/2 2012/1/2 2013/1/2
f 2013/1/2 2012/1/2 2014/1/2
f 2015/1/2 2016/1/2 2021/1/2
f 2021/1/2 2016/1/2 2022/1/2
f 2017/1/2 2018/1/2 2023/1/2
f 2023/1/2 2018/1/2 2024/1/2
f 2019/2/2 2020/2/2 2025/2/2
f 2025/2/2 2020/2/2 2026/2/2
f 2027/2/2 2028/2/2 2032/2/2
f 2032/2/2 2028/2/2 2033/2/2
f 2029/2/2 2030/2/2 2035/2/2
f 2035/2/2 2030/2/2 2036/2/2
f 2036/2/2 2030/2/2 2037/2/2
f 2037/2/2 2030/2/2 2038/2/2
f 2038/2/2 2030/2/2 2039/2/2
f 2031/2/2 2032/2/2 2041/2/2
f 2041/2/2 2032/2/2 2042/2/2
f 2033/3/2 2034/3/2 2043/3/2
f 2036/2/2 2037/2/2 2044/2/2
f 2044/2/2 2037/2/2 2045/2/2
f 2039/2/2 2040/2/2 2046/2/2
f 2038/2/2 2039/2/2 2046/2/2
f 2045/2/2 2037/2/2 2047/2/2
f 2037/3/2 2038/3/2 2048/3/2
f 2047/2/2 2037/2/2 2048/2/2
f 2038/2/2 2046/2/2 2049/2/2
f 2048/3/2 2038/3/2 2049/3/2
f 2049/2/2 2046/2/2 2050/2/2
f 2043/3/2 2034/3/2 2053/3/2
f 2051/2/2 2052/2/2 2054/2/2
f 2054/2/2 2052/2/2 2055/2/2
f 2053/3/2 2034/3/2 2056/3/2
f 2056/3/2 2034/3/2 2057/3/2
f 2055/1/2 2056/1/2 2062/1/2
f 2062/1/2 2056/1/2 2063/1/2
f 2058/1/2 2059/1/2 2064/1/2
f 2064/1/2 2059/1/2 2065/1/2
f 2060/2/2 2061/2/2 2066/2/2
f 2066/2/2 2061/2/2 2067/2/2
f 2068/2/2 2069/2/2 2071/2/2
f 2071/2/2 2069/2/2 2072/2/2
f 2070/2/2 2071/2/2 2073/2/2
f 2073/2/2 2071/2/2 2074/2/2
f 2077/2/2 2078/2/2 2079/2/2
f 2079/2/2 2078/2/2 2080/2/2
f 2080/2/2 2078/2/2 2081/2/2
f 2080/2/2 2081/2/2 2083/2/2
f 2081/2/2 2082/2/2 2083/2/2
f 2083/2/2 2082/2/2 2084/2/2
f 2083/1/2 2084/1/2 2085/1/2
f 2085/1/2 2084/1/2 2086/1/2
f 2086/1/2 2084/1/2 2087/1/2
f 2085/2/2 2086/2/2 2088/2/2
f 2085/2/2 2088/2/2 2090/2/2
f 2088/1/2 2089/1/2 2090/1/2
f 2090/1/2 2089/1/2 2091/1/2
f 2091/1/2 2089/1/2 2092/1/2
f 2075/3/2 2076/3/2 2095/3/2
f 2095/3/2 2076/3/2 2096/3/2
f 2090/2/2 2091/2/2 2097/2/2
f 2093/2/2 2094/2/2 2099/2/2
f 2099/2/2 2094/2/2 2100/2/2
f 2097/1/2 2098/1/2 2106/1/2
f 2090/2/2 2097/2/2 2106/2/2
f 2106/1/2 2098/1/2 2107/1/2
f 2107/1/2 2098/1/2 2108/1/2
f 2100/1/2 2101/1/2 2109/1/2
f 2109/1/2 2101/1/2 2110/1/2
f 2102/1/2 2103/1/2 2111/1/2
f 2111/1/2 2103/1/2 2112/1/2
f 2104/2/2 2105/2/2 2113/2/2
f 2113/2/2 2105/2/2 2114/2/2
f 2085/2/2 2090/2/2 2117/2/2
f 2106/2/2 2107/2/2 2117/2/2
f 2090/2/2 2106/2/2 2117/2/2
f 2117/2/2 2107/2/2 2118/2/2
f 2115/2/2 2116/2/2 2121/2/2
f 2121/2/2 2116/2/2 2122/2/2
f 2119/2/2 2120/2/2 2124/2/2
f 2124/2/2 2120/2/2 2125/2/2
f 2123/1/2 2124/1/2 2126/1/2
f 2124/1/2 2125/1/2 2126/1/2
f 2125/2/2 2120/2/2 2127/2/2
f 2126/1/2 2125/1/2 2127/1/2
f 2127/2/2 2120/2/2 2128/2/2
f 2127/7/2 2128/7/2 2129/7/2
f 2129/7/2 2128/7/2 2130/7/2
f 2131/2/2 2132/2/2 2136/2/2
f 2136/2/2 2132/2/2 2137/2/2
f 2137/2/2 2132/2/2 2138/2/2
f 2133/2/2 2134/2/2 2141/2/2
f 2141/2/2 2134/2/2 2142/2/2
f 2142/2/2 2134/2/2 2143/2/2
f 2135/2/2 2136/2/2 2145/2/2
f 2136/2/2 2137/2/2 2145/2/2
f 2145/2/2 2137/2/2 2146/2/2
f 2139/3/2 2140/3/2 2147/3/2
f 2143/2/2 2144/2/2 2148/2/2
f 2142/2/2 2143/2/2 2148/2/2
f 2148/2/2 2144/2/2 2149/2/2
f 2149/2/2 2144/2/2 2150/2/2
f 2146/3/2 2147/3/2 2152/3/2
f 2147/3/2 2140/3/2 2152/3/2
f 2152/3/2 2140/3/2 2153/3/2
f 2146/3/2 2152/3/2 2154/3/2
f 2152/5/2 2153/5/2 2155/5/2
f 2154/3/2 2152/3/2 2155/3/2
f 2153/3/2 2140/3/2 2156/3/2
f 2155/5/2 2153/5/2 2156/5/2
f 2156/3/2 2140/3/2 2157/3/2
f 2150/2/2 2151/2/2 2160/2/2
f 2149/2/2 2150/2/2 2160/2/2
f 2160/2/2 2151/2/2 2161/2/2
f 2146/3/2 2154/3/2 2163/3/2
f 2163/3/2 2154/3/2 2164/3/2
f 2158/3/2 2159/3/2 2165/3/2
f 2165/3/2 2159/3/2 2166/3/2
f 2162/2/2 2163/2/2 2167/2/2
f 2167/2/2 2163/2/2 2168/2/2
f 2163/3/2 2164/3/2 2169/3/2
f 2168/2/2 2163/2/2 2169/2/2
f 2169/3/2 2164/3/2 2170/3/2
f 2170/1/2 2171/1/2 2174/1/2
f 2169/1/2 2170/1/2 2174/1/2
f 2168/1/2 2169/1/2 2174/1/2
f 2174/1/2 2171/1/2 2175/1/2
f 2172/1/2 2173/1/2 2176/1/2
f 2176/1/2 2173/1/2 2177/1/2
f 2178/2/2 2179/2/2 2180/2/2
f 2180/2/2 2179/2/2 2181/2/2
f 2182/2/2 2183/2/2 2185/2/2
f 2185/2/2 2183/2/2 2186/2/2
f 2186/2/2 2183/2/2 2187/2/2
f 2187/2/2 2183/2/2 2188/2/2
f 2184/2/2 2185/2/2 2189/2/2
f 2185/2/2 2186/2/2 2189/2/2
f 2189/2/2 2186/2/2 2190/2/2
f 2191/3/2 2192/3/2 2194/3/2
f 2194/3/2 2192/3/2 2195/3/2
f 2193/3/2 2194/3/2 2196/3/2
f 2196/3/2 2194/3/2 2197/3/2
f 2197/3/2 2198/3/2 2199/3/2
f 2193/3/2 2196/3/2 2201/3/2
f 2201/3/2 2196/3/2 2202/3/2
f 2199/3/2 2200/3/2 2203/3/2
f 2197/3/2 2199/3/2 2203/3/2
f 2203/3/2 2200/3/2 2204/3/2
f 2201/2/2 2202/2/2 2205/2/2
f 2202/2/2 2203/2/2 2205/2/2
f 2203/2/2 2204/2/2 2205/2/2
f 2205/2/2 2204/2/2 2206/2/2
f 2204/3/2 2200/3/2 2207/3/2
f 2206/2/2 2204/2/2 2207/2/2
f 2207/3/2 2200/3/2 2208/3/2
f 2206/1/2 2207/1/2 2209/1/2
f 2209/1/2 2207/1/2 2210/1/2
f 2211/2/2 2212/2/2 2216/2/2
f 2216/2/2 2212/2/2 2217/2/2
f 2217/2/2 2212/2/2 2218/2/2
f 2218/2/2 2212/2/2 2219/2/2
f 2219/2/2 2212/2/2 2220/2/2
f 2213/2/2 2214/2/2 2221/2/2
f 2221/2/2 2214/2/2 2222/2/2
f 2222/2/2 2214/2/2 2223/2/2
f 2215/2/2 2216/2/2 2225/2/2
f 2216/2/2 2217/2/2 2225/2/2
f 2217/3/2 2218/3/2 2226/3/2
f 2225/2/2 2217/2/2 2226/2/2
f 2218/2/2 2219/2/2 2227/2/2
f 2226/3/2 2218/3/2 2227/3/2
f 2227/2/2 2219/2/2 2228/2/2
f 2223/2/2 2224/2/2 2229/2/2
f 2222/2/2 2223/2/2 2229/2/2
f 2229/2/2 2224/2/2 2230/2/2
f 2230/2/2 2224/2/2 2231/2/2
f 2227/3/2 2228/3/2 2235/3/2
f 2226/3/2 2227/3/2 2235/3/2
f 2231/2/2 2232/2/2 2238/2/2
f 2230/2/2 2231/2/2 2238/2/2
f 2238/2/2 2232/2/2 2239/2/2
f 2233/2/2 2234/2/2 2240/2/2
f 2240/2/2 2234/2/2 2241/2/2
f 2226/3/2 2235/3/2 2243/3/2
f 2243/3/2 2235/3/2 2244/3/2
f 2236/3/2 2237/3/2 2245/3/2
f 2245/3/2 2237/3/2 2246/3/2
f 2238/5/2 2239/5/2 2247/5/2
f 2230/2/2 2238/2/2 2247/2/2
f 2247/5/2 2239/5/2 2248/5/2
f 2241/2/2 2242/2/2 2249/2/2
f 2249/2/2 2242/2/2 2250/2/2
f 2226/3/2 2243/3/2 2252/3/2
f 2251/3/2 2252/3/2 2259/3/2
f 2259/3/2 2252/3/2 2260/3/2
f 2253/3/2 2254/3/2 2261/3/2
f 2261/3/2 2254/3/2 2262/3/2
f 2247/2/2 2248/2/2 2263/2/2
f 2230/2/2 2247/2/2 2263/2/2
f 2263/2/2 2248/2/2 2264/2/2
f 2260/3/2 2252/3/2 2265/3/2
f 2252/3/2 2243/3/2 2266/3/2
f 2265/3/2 2252/3/2 2266/3/2
f 2253/3/2 2261/3/2 2267/3/2
f 2262/3/2 2254/3/2 2268/3/2
f 2268/3/2 2254/3/2 2269/3/2
f 2253/3/2 2267/3/2 2271/3/2
f 2271/3/2 2267/3/2 2272/3/2
f 2270/3/2 2271/3/2 2273/3/2
f 2271/3/2 2272/3/2 2273/3/2
f 2255/3/2 2256/3/2 2274/3/2
f 2274/3/2 2256/3/2 2275/3/2
f 2257/3/2 2258/3/2 2276/3/2
f 2276/3/2 2258/3/2 2277/3/2
f 2270/3/2 2273/3/2 2279/3/2
f 2279/3/2 2273/3/2 2280/3/2
f 2278/1/2 2279/1/2 2282/1/2
f 2280/1/2 2281/1/2 2282/1/2
f 2279/1/2 2280/1/2 2282/1/2
f 2282/1/2 2281/1/2 2283/1/2
f 2284/3/2 2285/3/2 2288/3/2
f 2286/3/2 2287/3/2 2288/3/2
f 2285/3/2 2286/3/2 2288/3/2
f 2288/3/2 2287/3/2 2289/3/2
f 2284/3/2 2288/3/2 2291/3/2
f 2290/3/2 2291/3/2 2292/3/2
f 2291/3/2 2288/3/2 2293/3/2
f 2292/3/2 2291/3/2 2293/3/2
f 2294/6/2 2295/6/2 2297/6/2
f 2297/6/2 2295/6/2 2298/6/2
f 2296/6/2 9274/6/2 9275/6/2 2299/6/2
f 2299/6/2 9275/6/2 9276/6/2
f 2300/3/2 2301/3/2 2305/3/2
f 2301/3/2 2302/3/2 2305/3/2
f 2305/3/2 2302/3/2 2306/3/2
f 2303/3/2 2304/3/2 2307/3/2
f 2307/3/2 2304/3/2 2308/3/2
f 2306/3/2 2307/3/2 2310/3/2
f 2310/3/2 2307/3/2 2311/3/2
f 2309/3/2 2310/3/2 2313/3/2
f 2313/3/2 2310/3/2 2314/3/2
f 2311/3/2 2312/3/2 2315/3/2
f 2315/3/2 2312/3/2 2316/3/2
f 2317/8/2 2318/8/2 2319/8/2
f 2319/8/2 2318/8/2 2320/8/2
f 2321/1/2 2322/1/2 2323/1/2
f 2323/1/2 2322/1/2 2324/1/2
f 2324/1/2 2325/1/2 2328/1/2
f 2328/1/2 2325/1/2 2329/1/2
f 2326/1/2 2327/1/2 2330/1/2
f 2330/1/2 2327/1/2 2331/1/2
f 2332/2/2 2333/2/2 2335/2/2
f 2335/2/2 2333/2/2 2336/2/2
f 2334/2/2 2335/2/2 2339/2/2
f 2339/2/2 2335/2/2 2340/2/2
f 2337/2/2 2338/2/2 2343/2/2
f 2343/2/2 2338/2/2 2344/2/2
f 2341/2/2 2342/2/2 2349/2/2
f 2349/2/2 2342/2/2 2350/2/2
f 2345/3/2 2346/3/2 2351/3/2
f 2351/3/2 2346/3/2 2352/3/2
f 2347/3/2 2348/3/2 2353/3/2
f 2353/3/2 2348/3/2 2354/3/2
f 2355/8/2 2356/8/2 2357/8/2
f 2357/8/2 2356/8/2 2358/8/2
f 2359/1/2 2360/1/2 2365/1/2
f 2365/1/2 2360/1/2 2366/1/2
f 2361/4/2 2362/4/2 2367/4/2
f 2367/4/2 2362/4/2 2368/4/2
f 2363/2/2 2364/2/2 2370/2/2
f 2370/2/2 2364/2/2 2371/2/2
f 2366/1/2 2367/1/2 2372/1/2
f 2372/1/2 2367/1/2 2373/1/2
f 2368/1/2 2369/1/2 2374/1/2
f 2374/1/2 2369/1/2 2375/1/2
f 2376/2/2 2377/2/2 2379/2/2
f 2379/2/2 2377/2/2 2380/2/2
f 2380/2/2 2377/2/2 2381/2/2
f 2378/2/2 2379/2/2 2384/2/2
f 2380/2/2 2381/2/2 2385/2/2
f 2381/2/2 2382/2/2 2385/2/2
f 2385/2/2 2382/2/2 2386/2/2
f 2383/2/2 2384/2/2 2388/2/2
f 2388/2/2 2384/2/2 2389/2/2
f 2384/2/2 2379/2/2 2390/2/2
f 2389/2/2 2384/2/2 2390/2/2
f 2388/2/2 2389/2/2 2391/2/2
f 2387/2/2 2388/2/2 2391/2/2
f 2391/2/2 2389/2/2 2392/2/2
f 2393/1/2 2394/1/2 2397/1/2
f 2397/1/2 2394/1/2 2398/1/2
f 2395/8/2 2396/8/2 2400/8/2
f 2399/8/2 2400/8/2 2404/8/2
f 2400/8/2 2396/8/2 2405/8/2
f 2404/8/2 2400/8/2 2405/8/2
f 2401/4/2 2402/4/2 2406/4/2
f 2402/2/2 2403/2/2 2407/2/2
f 2406/4/2 2402/4/2 2407/4/2
f 2407/2/2 2403/2/2 2408/2/2
f 2405/2/2 2406/2/2 2410/2/2
f 2410/2/2 2406/2/2 2411/2/2
f 2408/2/2 2409/2/2 2412/2/2
f 2407/2/2 2408/2/2 2412/2/2
f 2412/2/2 2409/2/2 2413/2/2
f 2414/2/2 2415/2/2 2416/2/2
f 2416/2/2 2415/2/2 2417/2/2
f 2418/2/2 2419/2/2 2420/2/2
f 2420/2/2 2419/2/2 2421/2/2
f 2422/2/2 2423/2/2 2424/2/2
f 2424/2/2 2423/2/2 2425/2/2
f 2426/2/2 2427/2/2 2428/2/2
f 2428/2/2 2427/2/2 2429/2/2
f 2430/1/2 2431/1/2 2434/1/2
f 2434/1/2 2431/1/2 2435/1/2
f 2432/1/2 2433/1/2 2436/1/2
f 2436/1/2 2433/1/2 2437/1/2
f 2438/2/2 2439/2/2 2440/2/2
f 2440/2/2 2439/2/2 2441/2/2
f 2442/2/2 2443/2/2 2444/2/2
f 2444/2/2 2443/2/2 2445/2/2
f 2446/2/2 2447/2/2 2449/2/2
f 2449/2/2 2447/2/2 2450/2/2
f 2448/2/2 2449/2/2 2452/2/2
f 2450/2/2 2451/2/2 2452/2/2
f 2449/2/2 2450/2/2 2452/2/2
f 2452/2/2 2451/2/2 2453/2/2
f 2448/2/2 2452/2/2 2454/2/2
f 2452/1/2 2453/1/2 2454/1/2
f 2454/1/2 2453/1/2 2455/1/2
f 2455/1/2 2453/1/2 2456/1/2
f 2454/2/2 2455/2/2 2457/2/2
f 2454/2/2 2457/2/2 2459/2/2
f 2457/1/2 2458/1/2 2459/1/2
f 2459/1/2 2458/1/2 2460/1/2
f 2460/1/2 2458/1/2 2461/1/2
f 2459/2/2 2460/2/2 2464/2/2
f 2462/2/2 2463/2/2 2466/2/2
f 2466/2/2 2463/2/2 2467/2/2
f 2464/1/2 2465/1/2 2472/1/2
f 2459/2/2 2464/2/2 2472/2/2
f 2472/1/2 2465/1/2 2473/1/2
f 2473/1/2 2465/1/2 2474/1/2
f 2468/1/2 2469/1/2 2475/1/2
f 2475/1/2 2469/1/2 2476/1/2
f 2470/1/2 2471/1/2 2477/1/2
f 2477/1/2 2471/1/2 2478/1/2
f 2448/2/2 2454/2/2 2480/2/2
f 2454/2/2 2459/2/2 2480/2/2
f 2472/2/2 2473/2/2 2480/2/2
f 2459/2/2 2472/2/2 2480/2/2
f 2480/2/2 2473/2/2 2481/2/2
f 2481/2/2 2482/2/2 2483/2/2
f 2479/2/2 2480/2/2 2483/2/2
f 2480/2/2 2481/2/2 2483/2/2
f 2483/2/2 2482/2/2 2484/2/2
f 2484/2/2 2482/2/2 2485/2/2
f 2484/1/2 2485/1/2 2486/1/2
f 2485/2/2 2482/2/2 2487/2/2
f 2486/1/2 2485/1/2 2487/1/2
f 2487/2/2 2482/2/2 2488/2/2
f 2487/7/2 2488/7/2 2489/7/2
f 2489/7/2 2488/7/2 2490/7/2
f 2493/2/2 2494/2/2 2495/2/2
f 2495/2/2 2494/2/2 2496/2/2
f 2491/3/2 2492/3/2 2497/3/2
f 2497/3/2 2492/3/2 2498/3/2
f 2499/1/2 2500/1/2 2505/1/2
f 2505/1/2 2500/1/2 2506/1/2
f 2501/1/2 2502/1/2 2507/1/2
f 2507/1/2 2502/1/2 2508/1/2
f 2503/2/2 2504/2/2 2509/2/2
f 2509/2/2 2504/2/2 2510/2/2
f 2511/2/2 2512/2/2 2516/2/2
f 2516/2/2 2512/2/2 2517/2/2
f 2513/2/2 2514/2/2 2519/2/2
f 2519/2/2 2514/2/2 2520/2/2
f 2517/2/2 2518/2/2 2521/2/2
f 2515/2/2 2516/2/2 2521/2/2
f 2516/2/2 2517/2/2 2521/2/2
f 2515/2/2 2521/2/2 2523/2/2
f 2521/2/2 2522/2/2 2523/2/2
f 2523/2/2 2522/2/2 2524/2/2
f 2515/2/2 2523/2/2 2525/2/2
f 2523/1/2 2524/1/2 2525/1/2
f 2525/1/2 2524/1/2 2526/1/2
f 2526/1/2 2524/1/2 2527/1/2
f 2525/2/2 2526/2/2 2528/2/2
f 2525/2/2 2528/2/2 2530/2/2
f 2528/1/2 2529/1/2 2530/1/2
f 2530/1/2 2529/1/2 2531/1/2
f 2531/1/2 2529/1/2 2532/1/2
f 2515/2/2 2525/2/2 2537/2/2
f 2525/2/2 2530/2/2 2537/2/2
f 2530/2/2 2531/2/2 2537/2/2
f 2537/2/2 2531/2/2 2538/2/2
f 2538/2/2 2531/2/2 2539/2/2
f 2533/4/2 2534/4/2 2542/4/2
f 2542/4/2 2534/4/2 2543/4/2
f 2535/2/2 2536/2/2 2544/2/2
f 2544/2/2 2536/2/2 2545/2/2
f 2539/1/2 2540/1/2 2547/1/2
f 2538/1/2 2539/1/2 2547/1/2
f 2547/1/2 2540/1/2 2548/1/2
f 2541/1/2 2542/1/2 2549/1/2
f 2549/1/2 2542/1/2 2550/1/2
f 2544/1/2 2545/1/2 2551/1/2
f 2543/1/2 2544/1/2 2551/1/2
f 2551/1/2 2545/1/2 2552/1/2
f 2546/2/2 2547/2/2 2553/2/2
f 2553/2/2 2547/2/2 2554/2/2
f 2555/3/2 2556/3/2 2557/3/2
f 2557/3/2 2556/3/2 2558/3/2
f 2559/3/2 2560/3/2 2561/3/2
f 2561/3/2 2560/3/2 2562/3/2
f 2563/3/2 2564/3/2 2565/3/2
f 2565/3/2 2564/3/2 2566/3/2
f 2567/2/2 2568/2/2 2570/2/2
f 2568/2/2 2569/2/2 2570/2/2
f 2570/2/2 2569/2/2 2571/2/2
f 2572/1/2 2573/1/2 2574/1/2
f 2574/1/2 2573/1/2 2575/1/2
f 2576/1/2 2577/1/2 2580/1/2
f 2580/1/2 2577/1/2 2581/1/2
f 2577/7/2 2578/7/2 2582/7/2
f 2581/1/2 2577/1/2 2582/1/2
f 2582/7/2 2578/7/2 2583/7/2
f 2580/1/2 2581/1/2 2585/1/2
f 2579/1/2 2580/1/2 2585/1/2
f 2585/1/2 2581/1/2 2586/1/2
f 2586/1/2 2581/1/2 2587/1/2
f 2584/1/2 2585/1/2 2588/1/2
f 2585/1/2 2586/1/2 2588/1/2
f 2588/1/2 2586/1/2 2589/1/2
f 2590/2/2 2591/2/2 2596/2/2
f 2596/2/2 2591/2/2 2597/2/2
f 2592/2/2 2593/2/2 2598/2/2
f 2598/2/2 2593/2/2 2599/2/2
f 2600/2/2 2601/2/2 2602/2/2
f 2602/2/2 2601/2/2 2603/2/2
f 2594/3/2 2595/3/2 2604/3/2
f 2604/3/2 2595/3/2 2605/3/2
f 2606/2/2 2607/2/2 2608/2/2
f 2608/2/2 2607/2/2 2609/2/2
f 2610/1/2 2611/1/2 2612/1/2
f 2612/1/2 2611/1/2 2613/1/2
f 2613/1/2 2611/1/2 2614/1/2
f 2615/3/2 2616/3/2 2617/3/2
f 2617/3/2 2616/3/2 2618/3/2
f 2619/3/2 2620/3/2 2623/3/2
f 2623/3/2 2620/3/2 2624/3/2
f 2621/3/2 2622/3/2 2625/3/2
f 2625/3/2 2622/3/2 2626/3/2
f 2627/3/2 2628/3/2 2631/3/2
f 2631/3/2 2628/3/2 2632/3/2
f 2629/3/2 2630/3/2 2633/3/2
f 2633/3/2 2630/3/2 2634/3/2
f 2635/3/2 2636/3/2 2637/3/2
f 2637/3/2 2636/3/2 2638/3/2
f 2639/2/2 2640/2/2 2643/2/2
f 2643/2/2 2640/2/2 2644/2/2
f 2641/2/2 2642/2/2 2645/2/2
f 2645/2/2 2642/2/2 2646/2/2
f 2647/1/2 2648/1/2 2649/1/2
f 2649/1/2 2648/1/2 2650/1/2
f 2650/1/2 2648/1/2 2651/1/2
f 2652/2/2 2653/2/2 2656/2/2
f 2656/2/2 2653/2/2 2657/2/2
f 2654/2/2 2655/2/2 2658/2/2
f 2658/2/2 2655/2/2 2659/2/2
f 2660/2/2 2661/2/2 2664/2/2
f 2664/2/2 2661/2/2 2665/2/2
f 2662/1/2 2663/1/2 2666/1/2
f 2666/1/2 2663/1/2 2667/1/2
f 2668/1/2 2669/1/2 2671/1/2
f 2669/7/2 2670/7/2 2672/7/2
f 2671/1/2 2669/1/2 2672/1/2
f 2672/7/2 2670/7/2 2673/7/2
f 2674/2/2 2675/2/2 2678/2/2
f 2678/2/2 2675/2/2 2679/2/2
f 2676/2/2 2677/2/2 2680/2/2
f 2680/2/2 2677/2/2 2681/2/2
f 2682/6/2 2683/6/2 2684/6/2
f 2684/6/2 2683/6/2 2685/6/2
f 2686/6/2 2687/6/2 2688/6/2
f 2688/6/2 2687/6/2 2689/6/2
f 2690/6/2 2691/6/2 2692/6/2
f 2692/6/2 2691/6/2 2693/6/2
f 2694/6/2 2695/6/2 2696/6/2
f 2696/6/2 2695/6/2 2697/6/2
f 2697/6/2 2695/6/2 2698/6/2
f 2699/2/2 2700/2/2 2705/2/2
f 2705/2/2 2700/2/2 2706/2/2
f 2702/2/2 2703/2/2 2707/2/2
f 2701/2/2 2702/2/2 2707/2/2
f 2707/2/2 2703/2/2 2708/2/2
f 2708/2/2 2703/2/2 2709/2/2
f 2704/2/2 2705/2/2 2710/2/2
f 2710/2/2 2705/2/2 2711/2/2
f 2707/3/2 2708/3/2 2716/3/2
f 2716/3/2 2708/3/2 2717/3/2
f 2712/2/2 2713/2/2 2718/2/2
f 2718/2/2 2713/2/2 2719/2/2
f 2714/2/2 2715/2/2 2720/2/2
f 2720/2/2 2715/2/2 2721/2/2
f 2720/2/2 2721/2/2 2725/2/2
f 2719/2/2 2720/2/2 2725/2/2
f 2725/2/2 2721/2/2 2726/2/2
f 2723/2/2 2724/2/2 2727/2/2
f 2722/2/2 2723/2/2 2727/2/2
f 2727/2/2 2724/2/2 2728/2/2
f 2729/3/2 2730/3/2 2731/3/2
f 2731/3/2 2730/3/2 2732/3/2
f 2733/3/2 2734/3/2 2735/3/2
f 2735/3/2 2734/3/2 2736/3/2
f 2737/3/2 2738/3/2 2739/3/2
f 2739/3/2 2738/3/2 2740/3/2
f 2741/3/2 2742/3/2 2743/3/2
f 2743/3/2 2742/3/2 2744/3/2
f 2745/2/2 2746/2/2 2749/2/2
f 2749/2/2 2746/2/2 2750/2/2
f 2747/2/2 2748/2/2 2751/2/2
f 2751/2/2 2748/2/2 2752/2/2
f 2753/2/2 2754/2/2 2755/2/2
f 2755/2/2 2754/2/2 2756/2/2
f 2757/2/2 2758/2/2 2759/2/2
f 2759/2/2 2758/2/2 2760/2/2
f 2761/3/2 2762/3/2 2765/3/2
f 2765/3/2 2762/3/2 2766/3/2
f 2763/6/2 2764/6/2 2767/6/2
f 2767/6/2 2764/6/2 2768/6/2
f 2769/3/2 2770/3/2 2773/3/2
f 2773/3/2 2770/3/2 2774/3/2
f 2771/6/2 2772/6/2 2775/6/2
f 2775/6/2 2772/6/2 2776/6/2
f 2777/3/2 2778/3/2 2781/3/2
f 2781/3/2 2778/3/2 2782/3/2
f 2779/6/2 2780/6/2 2783/6/2
f 2783/6/2 2780/6/2 2784/6/2
f 2785/6/2 2786/6/2 2791/6/2
f 2791/6/2 2786/6/2 2792/6/2
f 2792/6/2 2786/6/2 2793/6/2
f 2787/2/2 2788/2/2 2794/2/2
f 2794/2/2 2788/2/2 2795/2/2
f 2789/2/2 2790/2/2 2796/2/2
f 2796/2/2 2790/2/2 2797/2/2
f 2798/2/2 2799/2/2 2803/2/2
f 2799/2/2 2800/2/2 2803/2/2
f 2803/2/2 2800/2/2 2804/2/2
f 2804/2/2 2800/2/2 2805/2/2
f 2801/2/2 2802/2/2 2806/2/2
f 2806/2/2 2802/2/2 2807/2/2
f 2808/2/2 2809/2/2 2810/2/2
f 2810/2/2 2809/2/2 2811/2/2
f 2803/3/2 2804/3/2 2812/3/2
f 2812/3/2 2804/3/2 2813/3/2
f 2814/2/2 2815/2/2 2818/2/2
f 2818/2/2 2815/2/2 2819/2/2
f 2816/1/2 2817/1/2 2820/1/2
f 2820/1/2 2817/1/2 2821/1/2
f 2822/1/2 2823/1/2 2824/1/2
f 2824/1/2 2823/1/2 2825/1/2
f 2826/3/2 2827/3/2 2828/3/2
f 2828/3/2 2827/3/2 2829/3/2
f 2830/3/2 2831/3/2 2832/3/2
f 2832/3/2 2831/3/2 2833/3/2
f 2834/2/2 2835/2/2 2838/2/2
f 2838/2/2 2835/2/2 2839/2/2
f 2836/3/2 2837/3/2 2844/3/2
f 2844/3/2 2837/3/2 2845/3/2
f 2840/2/2 2841/2/2 2846/2/2
f 2846/2/2 2841/2/2 2847/2/2
f 2842/2/2 2843/2/2 2849/2/2
f 2849/2/2 2843/2/2 2850/2/2
f 2847/2/2 2848/2/2 2853/2/2
f 2853/2/2 2848/2/2 2854/2/2
f 2851/2/2 2852/2/2 2855/2/2
f 2850/2/2 2851/2/2 2855/2/2
f 2849/2/2 2850/2/2 2855/2/2
f 2855/2/2 2852/2/2 2856/2/2
f 2857/3/2 2858/3/2 2859/3/2
f 2859/3/2 2858/3/2 2860/3/2
f 2861/3/2 2862/3/2 2863/3/2
f 2863/3/2 2862/3/2 2864/3/2
f 2865/3/2 2866/3/2 2867/3/2
f 2867/3/2 2866/3/2 2868/3/2
f 2869/3/2 2870/3/2 2871/3/2
f 2871/3/2 2870/3/2 2872/3/2
f 2873/2/2 2874/2/2 2875/2/2
f 2875/2/2 2874/2/2 2876/2/2
f 2877/2/2 2878/2/2 2883/2/2
f 2883/2/2 2878/2/2 2884/2/2
f 2879/2/2 2880/2/2 2885/2/2
f 2885/2/2 2880/2/2 2886/2/2
f 2881/2/2 2882/2/2 2887/2/2
f 2887/2/2 2882/2/2 2888/2/2
f 2889/1/2 2890/1/2 2893/1/2
f 2893/1/2 2890/1/2 2894/1/2
f 2890/7/2 2891/7/2 2895/7/2
f 2894/1/2 2890/1/2 2895/1/2
f 2895/7/2 2891/7/2 2896/7/2
f 2893/1/2 2894/1/2 2898/1/2
f 2892/1/2 2893/1/2 2898/1/2
f 2898/1/2 2894/1/2 2899/1/2
f 2899/1/2 2894/1/2 2900/1/2
f 2897/1/2 2898/1/2 2901/1/2
f 2898/1/2 2899/1/2 2901/1/2
f 2901/1/2 2899/1/2 2902/1/2
f 2903/6/2 2904/6/2 2905/6/2
f 2905/6/2 2904/6/2 2906/6/2
f 2907/6/2 2908/6/2 2909/6/2
f 2909/6/2 2908/6/2 2910/6/2
f 2911/6/2 2912/6/2 2913/6/2
f 2913/6/2 2912/6/2 2914/6/2
f 2915/6/2 2916/6/2 2917/6/2
f 2917/6/2 2916/6/2 2918/6/2
f 2918/6/2 2916/6/2 2919/6/2
f 2920/1/2 2921/1/2 2922/1/2
f 2922/1/2 2921/1/2 2923/1/2
f 2924/2/2 2925/2/2 2929/2/2
f 2929/2/2 2925/2/2 2930/2/2
f 2930/2/2 2925/2/2 2931/2/2
f 2926/2/2 2927/2/2 2934/2/2
f 2934/2/2 2927/2/2 2935/2/2
f 2928/2/2 2929/2/2 2936/2/2
f 2936/2/2 2929/2/2 2937/2/2
f 2938/3/2 2939/3/2 2940/3/2
f 2938/3/2 2940/3/2 2942/3/2
f 2940/3/2 2941/3/2 2942/3/2
f 2942/3/2 2941/3/2 2943/3/2
f 2938/3/2 2942/3/2 2944/3/2
f 2938/3/2 2944/3/2 2946/3/2
f 2944/3/2 2945/3/2 2946/3/2
f 2946/3/2 2945/3/2 2947/3/2
f 2938/3/2 2946/3/2 2948/3/2
f 2938/3/2 2948/3/2 2952/3/2
f 2948/3/2 2949/3/2 2952/3/2
f 2952/3/2 2949/3/2 2953/3/2
f 2932/3/2 2933/3/2 2955/3/2
f 2955/3/2 2933/3/2 2956/3/2
f 2950/2/2 2951/2/2 2957/2/2
f 2957/2/2 2951/2/2 2958/2/2
f 2953/3/2 2954/3/2 2961/3/2
f 2961/3/2 2954/3/2 2962/3/2
f 2959/2/2 2960/2/2 2965/2/2
f 2958/2/2 2959/2/2 2965/2/2
f 2965/2/2 2960/2/2 2966/2/2
f 2963/2/2 2964/2/2 2967/2/2
f 2967/2/2 2964/2/2 2968/2/2
f 2969/2/2 2970/2/2 2972/2/2
f 2972/2/2 2970/2/2 2973/2/2
f 2973/2/2 2970/2/2 2974/2/2
f 2971/2/2 2972/2/2 2975/2/2
f 2972/2/2 2973/2/2 2975/2/2
f 2975/2/2 2973/2/2 2976/2/2
f 2976/2/2 2973/2/2 2977/2/2
f 2976/3/2 2977/3/2 2981/3/2
f 2977/3/2 2978/3/2 2981/3/2
f 2981/3/2 2978/3/2 2982/3/2
f 2979/3/2 2980/3/2 2983/3/2
f 2983/3/2 2980/3/2 2984/3/2
f 2982/3/2 2978/3/2 2986/3/2
f 2985/3/2 2986/3/2 2989/3/2
f 2986/3/2 2978/3/2 2990/3/2
f 2989/3/2 2986/3/2 2990/3/2
f 2987/3/2 2988/3/2 2991/3/2
f 2991/3/2 2988/3/2 2992/3/2
f 2990/3/2 2978/3/2 2994/3/2
f 2993/3/2 2994/3/2 2997/3/2
f 2994/3/2 2978/3/2 2998/3/2
f 2997/3/2 2994/3/2 2998/3/2
f 2995/3/2 2996/3/2 2999/3/2
f 2999/3/2 2996/3/2 3000/3/2
f 2998/3/2 2978/3/2 3002/3/2
f 3002/3/2 2978/3/2 3003/3/2
f 3001/2/2 3002/2/2 3004/2/2
f 3004/2/2 3002/2/2 3005/2/2
f 3005/2/2 3002/2/2 3006/2/2
f 3006/2/2 3007/2/2 3008/2/2
f 3005/2/2 3006/2/2 3008/2/2
f 3008/2/2 3007/2/2 3009/2/2
f 3010/2/2 3011/2/2 3015/2/2
f 3015/2/2 3011/2/2 3016/2/2
f 3016/2/2 3011/2/2 3017/2/2
f 3012/2/2 3013/2/2 3020/2/2
f 3020/2/2 3013/2/2 3021/2/2
f 3014/2/2 3015/2/2 3022/2/2
f 3015/2/2 3016/2/2 3022/2/2
f 3022/2/2 3016/2/2 3023/2/2
f 3023/2/2 3016/2/2 3024/2/2
f 3018/3/2 3019/3/2 3026/3/2
f 3025/3/2 3026/3/2 3027/3/2
f 3026/3/2 3019/3/2 3028/3/2
f 3027/3/2 3026/3/2 3028/3/2
f 3027/5/2 3028/5/2 3029/5/2
f 3028/3/2 3019/3/2 3030/3/2
f 3029/5/2 3028/5/2 3030/5/2
f 3030/3/2 3019/3/2 3031/3/2
f 3023/3/2 3024/3/2 3032/3/2
f 3023/3/2 3032/3/2 3035/3/2
f 3032/3/2 3033/3/2 3035/3/2
f 3035/3/2 3033/3/2 3036/3/2
f 3036/3/2 3033/3/2 3037/3/2
f 3034/2/2 3035/2/2 3038/2/2
f 3035/2/2 3036/2/2 3038/2/2
f 3038/2/2 3036/2/2 3039/2/2
f 3039/2/2 3036/2/2 3040/2/2
f 3040/2/2 3041/2/2 3042/2/2
f 3039/2/2 3040/2/2 3042/2/2
f 3042/2/2 3041/2/2 3043/2/2
f 3044/2/2 3045/2/2 3047/2/2
f 3047/2/2 3045/2/2 3048/2/2
f 3048/2/2 3045/2/2 3049/2/2
f 3046/2/2 3047/2/2 3052/2/2
f 3047/2/2 3048/2/2 3052/2/2
f 3052/2/2 3048/2/2 3053/2/2
f 3053/2/2 3048/2/2 3054/2/2
f 3050/6/2 3051/6/2 3055/6/2
f 3055/6/2 3051/6/2 3056/6/2
f 3057/6/2 3058/6/2 3059/6/2
f 3059/6/2 3058/6/2 3060/6/2
f 3052/3/2 3053/3/2 3061/3/2
f 3061/3/2 3062/3/2 3065/3/2
f 3052/3/2 3061/3/2 3065/3/2
f 3065/3/2 3062/3/2 3066/3/2
f 3063/6/2 3064/6/2 3067/6/2
f 3067/6/2 3064/6/2 3068/6/2
f 3069/6/2 3070/6/2 3076/6/2
f 3076/6/2 3070/6/2 3077/6/2
f 3077/6/2 3070/6/2 3078/6/2
f 3071/2/2 3072/2/2 3079/2/2
f 3072/2/2 3073/2/2 3079/2/2
f 3079/2/2 3073/2/2 3080/2/2
f 3080/2/2 3073/2/2 3081/2/2
f 3074/2/2 3075/2/2 3083/2/2
f 3083/2/2 3075/2/2 3084/2/2
f 3081/2/2 3082/2/2 3087/2/2
f 3080/2/2 3081/2/2 3087/2/2
f 3087/2/2 3082/2/2 3088/2/2
f 3085/2/2 3086/2/2 3089/2/2
f 3084/2/2 3085/2/2 3089/2/2
f 3083/2/2 3084/2/2 3089/2/2
f 3089/2/2 3086/2/2 3090/2/2
f 3091/2/2 3092/2/2 3096/2/2
f 3096/2/2 3092/2/2 3097/2/2
f 3093/2/2 3094/2/2 3100/2/2
f 3100/2/2 3094/2/2 3101/2/2
f 3097/2/2 3098/2/2 3102/2/2
f 3095/2/2 3096/2/2 3102/2/2
f 3096/2/2 3097/2/2 3102/2/2
f 3102/2/2 3098/2/2 3103/2/2
f 3103/2/2 3098/2/2 3104/2/2
f 3103/3/2 3104/3/2 3105/3/2
f 3105/3/2 3104/3/2 3106/3/2
f 3107/5/2 3108/5/2 3109/5/2
f 3109/5/2 3108/5/2 3110/5/2
f 3103/3/2 3105/3/2 3111/3/2
f 3109/3/2 3110/3/2 3112/3/2
f 3112/3/2 3110/3/2 3113/3/2
f 3099/3/2 3100/3/2 3114/3/2
f 3114/3/2 3100/3/2 3115/3/2
f 3103/3/2 3111/3/2 3117/3/2
f 3117/3/2 3111/3/2 3118/3/2
f 3116/2/2 3117/2/2 3122/2/2
f 3117/2/2 3118/2/2 3122/2/2
f 3118/2/2 3119/2/2 3122/2/2
f 3122/2/2 3119/2/2 3123/2/2
f 3120/3/2 3121/3/2 3124/3/2
f 3124/3/2 3121/3/2 3125/3/2
f 3123/2/2 3119/2/2 3127/2/2
f 3127/2/2 3119/2/2 3128/2/2
f 3124/2/2 3125/2/2 3129/2/2
f 3125/2/2 3126/2/2 3129/2/2
f 3129/2/2 3126/2/2 3130/2/2
f 3131/2/2 3132/2/2 3135/2/2
f 3133/2/2 3134/2/2 3135/2/2
f 3132/2/2 3133/2/2 3135/2/2
f 3135/2/2 3134/2/2 3136/2/2
f 3136/2/2 3134/2/2 3137/2/2
f 3137/2/2 3134/2/2 3138/2/2
f 3136/3/2 3137/3/2 3140/3/2
f 3139/3/2 3140/3/2 3141/3/2
f 3140/3/2 3137/3/2 3142/3/2
f 3141/3/2 3140/3/2 3142/3/2
f 3139/3/2 3141/3/2 3143/3/2
f 3143/3/2 3141/3/2 3144/3/2
f 3142/3/2 3137/3/2 3145/3/2
f 3145/3/2 3137/3/2 3146/3/2
f 3143/2/2 3144/2/2 3148/2/2
f 3144/2/2 3145/2/2 3148/2/2
f 3148/2/2 3145/2/2 3149/2/2
f 3145/3/2 3146/3/2 3150/3/2
f 3149/2/2 3145/2/2 3150/2/2
f 3150/3/2 3146/3/2 3151/3/2
f 3146/2/2 3147/2/2 3152/2/2
f 3151/3/2 3146/3/2 3152/3/2
f 3152/2/2 3147/2/2 3153/2/2
f 3153/2/2 3147/2/2 3154/2/2
f 3150/4/2 3151/4/2 3156/4/2
f 3156/4/2 3151/4/2 3157/4/2
f 3155/2/2 3156/2/2 3159/2/2
f 3159/2/2 3156/2/2 3160/2/2
f 3157/2/2 3158/2/2 3161/2/2
f 3161/2/2 3158/2/2 3162/2/2
f 3163/1/2 3164/1/2 3165/1/2
f 3165/1/2 3164/1/2 3166/1/2
f 3167/1/2 3168/1/2 3171/1/2
f 3171/1/2 3168/1/2 3172/1/2
f 3169/1/2 3170/1/2 3173/1/2
f 3173/1/2 3170/1/2 3174/1/2
f 3179/2/3 3176/2/3 3175/2/3
f 3180/2/3 3176/2/3 3179/2/3
f 3181/2/3 3178/2/3 3177/2/3
f 3182/2/3 3178/2/3 3181/2/3
f 3183/7/3 3180/7/3 3179/7/3
f 3184/7/3 3180/7/3 3183/7/3
f 3185/7/3 3182/7/3 3181/7/3
f 3186/7/3 3182/7/3 3185/7/3
f 3187/2/3 3186/2/3 3185/2/3
f 3188/2/3 3186/2/3 3187/2/3
f 3190/2/3 3184/2/3 3183/2/3
f 3191/2/3 3184/2/3 3190/2/3
f 3192/2/3 3189/2/3 3188/2/3
f 3193/2/3 3189/2/3 3192/2/3
f 3199/2/3 3197/2/3 3196/2/3
f 3200/2/3 3197/2/3 3199/2/3
f 3201/2/3 3195/2/3 3194/2/3
f 3202/2/3 3195/2/3 3201/2/3
f 3203/2/3 3199/2/3 3198/2/3
f 3204/2/3 3199/2/3 3203/2/3
f 3205/7/3 3202/7/3 3201/7/3
f 3206/7/3 3202/7/3 3205/7/3
f 3207/7/3 3204/7/3 3203/7/3
f 3208/7/3 3204/7/3 3207/7/3
f 3209/2/3 3206/2/3 3205/2/3
f 3210/2/3 3206/2/3 3209/2/3
f 3211/2/3 3208/2/3 3207/2/3
f 3212/2/3 3208/2/3 3211/2/3
f 3217/2/3 3214/2/3 3213/2/3
f 3218/2/3 3216/2/3 3215/2/3
f 3219/2/3 3217/2/3 3213/2/3
f 3220/2/3 3216/2/3 3218/2/3
f 3221/2/3 3216/2/3 3220/2/3
f 3222/2/3 3216/2/3 3221/2/3
f 3224/2/3 3219/2/3 3213/2/3
f 3225/2/3 3219/2/3 3224/2/3
f 3229/2/3 3223/2/3 3222/2/3
f 3230/2/3 3223/2/3 3229/2/3
f 3231/2/3 3227/2/3 3226/2/3
f 3232/2/3 3227/2/3 3231/2/3
f 3233/2/3 3229/2/3 3228/2/3
f 3234/2/3 3229/2/3 3233/2/3
f 3241/2/3 3236/2/3 3235/2/3
f 3242/2/3 3236/2/3 3241/2/3
f 3243/2/3 3238/2/3 3237/2/3
f 3244/2/3 3238/2/3 3243/2/3
f 3247/2/3 3245/2/3 3244/2/3
f 3248/2/3 3245/2/3 3247/2/3
f 3249/2/3 3240/2/3 3239/2/3
f 3250/2/3 3247/2/3 3246/2/3
f 3251/2/3 3249/2/3 3239/2/3
f 3252/2/3 3247/2/3 3250/2/3
f 3253/2/3 3251/2/3 3239/2/3
f 3254/2/3 3251/2/3 3253/2/3
f 3255/2/3 3247/2/3 3252/2/3
f 3256/2/3 3247/2/3 3255/2/3
f 3261/2/3 3258/2/3 3257/2/3
f 3262/2/3 3258/2/3 3261/2/3
f 3263/2/3 3260/2/3 3259/2/3
f 3264/2/3 3260/2/3 3263/2/3
f 3265/3/3 3262/3/3 3261/3/3
f 3265/3/3 3263/3/3 3262/3/3
f 3265/3/3 3264/3/3 3263/3/3
f 3266/3/3 3264/3/3 3265/3/3
f 3267/3/3 3264/3/3 3266/3/3
f 3268/3/3 3264/3/3 3267/3/3
f 3269/3/3 3264/3/3 3268/3/3
f 3271/3/3 3265/3/3 3261/3/3
f 3272/3/3 3267/3/3 3266/3/3
f 3273/3/3 3267/3/3 3272/3/3
f 3274/3/3 3269/3/3 3268/3/3
f 3274/3/3 3270/3/3 3269/3/3
f 3275/3/3 3273/3/3 3272/3/3
f 3275/3/3 3274/3/3 3273/3/3
f 3275/3/3 3272/3/3 3271/3/3
f 3275/3/3 3271/3/3 3261/3/3
f 3276/3/3 3274/3/3 3275/3/3
f 3277/3/3 3274/3/3 3276/3/3
f 3278/3/3 3270/3/3 3274/3/3
f 3278/3/3 3274/3/3 3277/3/3
f 3279/3/3 3270/3/3 3278/3/3
f 3287/2/3 3276/2/3 3275/2/3
f 3288/2/3 3276/2/3 3287/2/3
f 3289/3/3 3282/3/3 3281/3/3
f 3290/3/3 3282/3/3 3289/3/3
f 3291/3/3 3284/3/3 3283/3/3
f 3292/3/3 3284/3/3 3291/3/3
f 3293/3/3 3286/3/3 3285/3/3
f 3294/3/3 3286/3/3 3293/3/3
f 3296/2/3 3280/2/3 3279/2/3
f 3297/2/3 3280/2/3 3296/2/3
f 3298/2/3 3289/2/3 3288/2/3
f 3299/2/3 3289/2/3 3298/2/3
f 3301/2/3 3296/2/3 3295/2/3
f 3302/2/3 3296/2/3 3301/2/3
f 3304/2/3 3300/2/3 3299/2/3
f 3305/2/3 3300/2/3 3304/2/3
f 3306/2/3 3303/2/3 3302/2/3
f 3307/2/3 3303/2/3 3306/2/3
f 3308/7/3 3305/7/3 3304/7/3
f 3309/7/3 3305/7/3 3308/7/3
f 3310/7/3 3307/7/3 3306/7/3
f 3311/7/3 3307/7/3 3310/7/3
f 3312/2/3 3309/2/3 3308/2/3
f 3313/2/3 3309/2/3 3312/2/3
f 3314/2/3 3311/2/3 3310/2/3
f 3315/2/3 3311/2/3 3314/2/3
f 3320/2/3 3317/2/3 3316/2/3
f 3321/2/3 3317/2/3 3320/2/3
f 3322/2/3 3319/2/3 3318/2/3
f 3323/2/3 3319/2/3 3322/2/3
f 3324/7/3 3321/7/3 3320/7/3
f 3325/7/3 3321/7/3 3324/7/3
f 3326/7/3 3323/7/3 3322/7/3
f 3327/7/3 3323/7/3 3326/7/3
f 3329/2/3 3325/2/3 3324/2/3
f 3330/2/3 3325/2/3 3329/2/3
f 3332/2/3 3327/2/3 3326/2/3
f 3333/2/3 3327/2/3 3332/2/3
f 3335/2/3 3329/2/3 3328/2/3
f 3336/2/3 3329/2/3 3335/2/3
f 3342/2/3 3332/2/3 3331/2/3
f 3343/2/3 3332/2/3 3342/2/3
f 3345/3/3 3337/3/3 3336/3/3
f 3346/3/3 3337/3/3 3345/3/3
f 3347/3/3 3339/3/3 3338/3/3
f 3348/3/3 3339/3/3 3347/3/3
f 3349/3/3 3341/3/3 3340/3/3
f 3350/3/3 3341/3/3 3349/3/3
f 3351/2/3 3335/2/3 3334/2/3
f 3352/2/3 3335/2/3 3351/2/3
f 3355/2/3 3344/2/3 3343/2/3
f 3356/2/3 3344/2/3 3355/2/3
f 3357/3/3 3353/3/3 3352/3/3
f 3357/3/3 3354/3/3 3353/3/3
f 3357/3/3 3355/3/3 3354/3/3
f 3357/3/3 3352/3/3 3351/3/3
f 3358/3/3 3355/3/3 3357/3/3
f 3359/3/3 3355/3/3 3358/3/3
f 3360/3/3 3355/3/3 3359/3/3
f 3361/3/3 3355/3/3 3360/3/3
f 3362/3/3 3355/3/3 3361/3/3
f 3363/3/3 3357/3/3 3351/3/3
f 3364/3/3 3359/3/3 3358/3/3
f 3365/3/3 3359/3/3 3364/3/3
f 3366/3/3 3361/3/3 3360/3/3
f 3367/3/3 3363/3/3 3351/3/3
f 3367/3/3 3366/3/3 3365/3/3
f 3367/3/3 3365/3/3 3364/3/3
f 3367/3/3 3364/3/3 3363/3/3
f 3368/3/3 3366/3/3 3367/3/3
f 3369/3/3 3361/3/3 3366/3/3
f 3369/3/3 3366/3/3 3368/3/3
f 3370/3/3 3361/3/3 3369/3/3
f 3371/2/3 3368/2/3 3367/2/3
f 3372/2/3 3368/2/3 3371/2/3
f 3373/2/3 3370/2/3 3369/2/3
f 3374/2/3 3370/2/3 3373/2/3
f 3385/2/3 3376/2/3 3375/2/3
f 3386/2/3 3376/2/3 3385/2/3
f 3387/3/3 3378/3/3 3377/3/3
f 3388/3/3 3378/3/3 3387/3/3
f 3389/3/3 3380/3/3 3379/3/3
f 3390/3/3 3380/3/3 3389/3/3
f 3391/3/3 3382/3/3 3381/3/3
f 3392/3/3 3382/3/3 3391/3/3
f 3393/2/3 3384/2/3 3383/2/3
f 3394/2/3 3384/2/3 3393/2/3
f 3399/9/3 3396/9/3 3395/9/3
f 3400/9/3 3396/9/3 3399/9/3
f 3401/9/3 3398/9/3 3397/9/3
f 3402/9/3 3398/9/3 3401/9/3
f 3405/3/3 3404/3/3 3403/3/3
f 3406/3/3 3404/3/3 3405/3/3
f 3407/3/3 3404/3/3 3406/3/3
f 3408/3/3 3404/3/3 3407/3/3
f 3409/3/3 3404/3/3 3408/3/3
f 3410/3/3 3404/3/3 3409/3/3
f 3412/3/3 3405/3/3 3403/3/3
f 3413/3/3 3405/3/3 3412/3/3
f 3414/3/3 3407/3/3 3406/3/3
f 3415/3/3 3407/3/3 3414/3/3
f 3416/3/3 3409/3/3 3408/3/3
f 3417/3/3 3409/3/3 3416/3/3
f 3418/3/3 3404/3/3 3410/3/3
f 3419/3/3 3404/3/3 3418/3/3
f 3420/3/3 3404/3/3 3419/3/3
f 3422/2/3 3412/2/3 3411/2/3
f 3423/2/3 3412/2/3 3422/2/3
f 3425/2/3 3421/2/3 3420/2/3
f 3426/2/3 3421/2/3 3425/2/3
f 3428/2/3 3424/2/3 3423/2/3
f 3429/2/3 3427/2/3 3426/2/3
f 3430/2/3 3428/2/3 3423/2/3
f 3431/2/3 3427/2/3 3429/2/3
f 3432/2/3 3430/2/3 3423/2/3
f 3433/2/3 3430/2/3 3432/2/3
f 3436/2/3 3427/2/3 3431/2/3
f 3437/2/3 3427/2/3 3436/2/3
f 3438/2/3 3434/2/3 3433/2/3
f 3439/2/3 3434/2/3 3438/2/3
f 3440/2/3 3436/2/3 3435/2/3
f 3441/2/3 3436/2/3 3440/2/3
f 3447/2/3 3443/2/3 3442/2/3
f 3448/2/3 3443/2/3 3447/2/3
f 3449/2/3 3445/2/3 3444/2/3
f 3450/2/3 3445/2/3 3449/2/3
f 3452/2/3 3447/2/3 3446/2/3
f 3453/2/3 3451/2/3 3450/2/3
f 3454/2/3 3452/2/3 3446/2/3
f 3455/2/3 3451/2/3 3453/2/3
f 3457/2/3 3454/2/3 3446/2/3
f 3458/2/3 3454/2/3 3457/2/3
f 3460/2/3 3451/2/3 3455/2/3
f 3461/2/3 3451/2/3 3460/2/3
f 3462/2/3 3457/2/3 3456/2/3
f 3463/2/3 3457/2/3 3462/2/3
f 3471/2/3 3460/2/3 3459/2/3
f 3472/2/3 3460/2/3 3471/2/3
f 3473/3/3 3464/3/3 3463/3/3
f 3474/3/3 3466/3/3 3465/3/3
f 3475/3/3 3466/3/3 3474/3/3
f 3476/3/3 3468/3/3 3467/3/3
f 3477/3/3 3468/3/3 3476/3/3
f 3478/3/3 3470/3/3 3469/3/3
f 3478/3/3 3471/3/3 3470/3/3
f 3479/3/3 3477/3/3 3476/3/3
f 3479/3/3 3478/3/3 3477/3/3
f 3479/3/3 3476/3/3 3475/3/3
f 3479/3/3 3473/3/3 3463/3/3
f 3479/3/3 3475/3/3 3474/3/3
f 3479/3/3 3474/3/3 3473/3/3
f 3480/3/3 3471/3/3 3478/3/3
f 3480/3/3 3478/3/3 3479/3/3
f 3485/9/3 3482/9/3 3481/9/3
f 3486/9/3 3482/9/3 3485/9/3
f 3487/9/3 3484/9/3 3483/9/3
f 3488/9/3 3484/9/3 3487/9/3
f 3499/2/3 3490/2/3 3489/2/3
f 3500/2/3 3490/2/3 3499/2/3
f 3501/3/3 3492/3/3 3491/3/3
f 3502/3/3 3492/3/3 3501/3/3
f 3503/3/3 3494/3/3 3493/3/3
f 3504/3/3 3494/3/3 3503/3/3
f 3505/3/3 3496/3/3 3495/3/3
f 3506/3/3 3496/3/3 3505/3/3
f 3507/2/3 3498/2/3 3497/2/3
f 3508/2/3 3498/2/3 3507/2/3
f 3513/2/3 3510/2/3 3509/2/3
f 3514/2/3 3510/2/3 3513/2/3
f 3520/2/3 3512/2/3 3511/2/3
f 3521/2/3 3512/2/3 3520/2/3
f 3522/3/3 3516/3/3 3515/3/3
f 3523/3/3 3516/3/3 3522/3/3
f 3524/3/3 3518/3/3 3517/3/3
f 3525/3/3 3518/3/3 3524/3/3
f 3526/3/3 3520/3/3 3519/3/3
f 3527/3/3 3520/3/3 3526/3/3
f 3530/3/3 3529/3/3 3528/3/3
f 3531/3/3 3529/3/3 3530/3/3
f 3532/3/3 3529/3/3 3531/3/3
f 3533/3/3 3529/3/3 3532/3/3
f 3534/3/3 3530/3/3 3528/3/3
f 3535/3/3 3530/3/3 3534/3/3
f 3536/3/3 3529/3/3 3533/3/3
f 3538/3/3 3530/3/3 3535/3/3
f 3539/3/3 3532/3/3 3531/3/3
f 3540/3/3 3532/3/3 3539/3/3
f 3541/3/3 3537/3/3 3536/3/3
f 3541/3/3 3536/3/3 3533/3/3
f 3543/3/3 3540/3/3 3539/3/3
f 3543/3/3 3541/3/3 3540/3/3
f 3543/3/3 3538/3/3 3535/3/3
f 3543/3/3 3539/3/3 3538/3/3
f 3544/3/3 3541/3/3 3543/3/3
f 3545/3/3 3537/3/3 3541/3/3
f 3545/3/3 3541/3/3 3544/3/3
f 3546/3/3 3537/3/3 3545/3/3
f 3554/2/3 3543/2/3 3542/2/3
f 3555/2/3 3543/2/3 3554/2/3
f 3556/3/3 3549/3/3 3548/3/3
f 3557/3/3 3549/3/3 3556/3/3
f 3558/3/3 3551/3/3 3550/3/3
f 3559/3/3 3551/3/3 3558/3/3
f 3560/3/3 3553/3/3 3552/3/3
f 3561/3/3 3553/3/3 3560/3/3
f 3562/2/3 3547/2/3 3546/2/3
f 3563/2/3 3556/2/3 3555/2/3
f 3564/2/3 3556/2/3 3563/2/3
f 3565/2/3 3547/2/3 3562/2/3
f 3566/2/3 3547/2/3 3565/2/3
f 3572/2/3 3568/2/3 3567/2/3
f 3573/2/3 3568/2/3 3572/2/3
f 3579/2/3 3570/2/3 3569/2/3
f 3580/3/3 3574/3/3 3573/3/3
f 3581/3/3 3574/3/3 3580/3/3
f 3582/3/3 3576/3/3 3575/3/3
f 3583/3/3 3576/3/3 3582/3/3
f 3584/3/3 3578/3/3 3577/3/3
f 3585/3/3 3578/3/3 3584/3/3
f 3586/2/3 3572/2/3 3571/2/3
f 3587/2/3 3572/2/3 3586/2/3
f 3590/2/3 3570/2/3 3579/2/3
f 3591/2/3 3570/2/3 3590/2/3
f 3592/3/3 3588/3/3 3587/3/3
f 3592/3/3 3589/3/3 3588/3/3
f 3592/3/3 3590/3/3 3589/3/3
f 3593/3/3 3590/3/3 3592/3/3
f 3594/3/3 3590/3/3 3593/3/3
f 3595/3/3 3590/3/3 3594/3/3
f 3597/3/3 3592/3/3 3587/3/3
f 3598/3/3 3590/3/3 3595/3/3
f 3599/3/3 3590/3/3 3598/3/3
f 3600/3/3 3597/3/3 3596/3/3
f 3600/3/3 3592/3/3 3597/3/3
f 3601/3/3 3594/3/3 3593/3/3
f 3602/3/3 3594/3/3 3601/3/3
f 3603/3/3 3598/3/3 3595/3/3
f 3604/3/3 3600/3/3 3596/3/3
f 3604/3/3 3603/3/3 3602/3/3
f 3604/3/3 3602/3/3 3601/3/3
f 3604/3/3 3601/3/3 3600/3/3
f 3605/3/3 3598/3/3 3603/3/3
f 3605/3/3 3603/3/3 3604/3/3
f 3614/3/3 3607/3/3 3606/3/3
f 3615/3/3 3607/3/3 3614/3/3
f 3616/3/3 3609/3/3 3608/3/3
f 3617/3/3 3609/3/3 3616/3/3
f 3618/3/3 3611/3/3 3610/3/3
f 3619/3/3 3611/3/3 3618/3/3
f 3621/2/3 3613/2/3 3612/2/3
f 3622/2/3 3613/2/3 3621/2/3
f 3623/2/3 3620/2/3 3619/2/3
f 3624/2/3 3620/2/3 3623/2/3
f 3629/2/3 3626/2/3 3625/2/3
f 3630/2/3 3626/2/3 3629/2/3
f 3631/2/3 3628/2/3 3627/2/3
f 3632/2/3 3628/2/3 3631/2/3
f 3637/9/3 3634/9/3 3633/9/3
f 3638/9/3 3634/9/3 3637/9/3
f 3639/9/3 3636/9/3 3635/9/3
f 3640/9/3 3636/9/3 3639/9/3
f 3643/3/3 3642/3/3 3641/3/3
f 3644/3/3 3642/3/3 3643/3/3
f 3645/3/3 3642/3/3 3644/3/3
f 3646/3/3 3642/3/3 3645/3/3
f 3647/3/3 3642/3/3 3646/3/3
f 3648/3/3 3642/3/3 3647/3/3
f 3650/3/3 3643/3/3 3641/3/3
f 3651/3/3 3643/3/3 3650/3/3
f 3652/3/3 3645/3/3 3644/3/3
f 3653/3/3 3645/3/3 3652/3/3
f 3654/3/3 3647/3/3 3646/3/3
f 3655/3/3 3647/3/3 3654/3/3
f 3656/3/3 3642/3/3 3648/3/3
f 3657/3/3 3642/3/3 3656/3/3
f 3660/2/3 3650/2/3 3649/2/3
f 3661/2/3 3650/2/3 3660/2/3
f 3664/1/3 3659/1/3 3658/1/3
f 3665/1/3 3659/1/3 3664/1/3
f 3666/2/3 3662/2/3 3661/2/3
f 3667/2/3 3662/2/3 3666/2/3
f 3668/2/3 3664/2/3 3663/2/3
f 3669/2/3 3664/2/3 3668/2/3
f 3675/2/3 3671/2/3 3670/2/3
f 3676/2/3 3671/2/3 3675/2/3
f 3677/2/3 3673/2/3 3672/2/3
f 3678/2/3 3673/2/3 3677/2/3
f 3680/2/3 3675/2/3 3674/2/3
f 3681/2/3 3675/2/3 3680/2/3
f 3689/1/3 3679/1/3 3678/1/3
f 3690/1/3 3679/1/3 3689/1/3
f 3691/3/3 3682/3/3 3681/3/3
f 3692/3/3 3684/3/3 3683/3/3
f 3693/3/3 3684/3/3 3692/3/3
f 3694/3/3 3686/3/3 3685/3/3
f 3695/3/3 3686/3/3 3694/3/3
f 3696/3/3 3688/3/3 3687/3/3
f 3697/3/3 3695/3/3 3694/3/3
f 3697/3/3 3696/3/3 3695/3/3
f 3697/3/3 3691/3/3 3681/3/3
f 3697/3/3 3693/3/3 3692/3/3
f 3697/3/3 3694/3/3 3693/3/3
f 3697/3/3 3692/3/3 3691/3/3
f 3698/3/3 3688/3/3 3696/3/3
f 3698/3/3 3696/3/3 3697/3/3
f 3703/9/3 3700/9/3 3699/9/3
f 3704/9/3 3700/9/3 3703/9/3
f 3705/9/3 3702/9/3 3701/9/3
f 3706/9/3 3702/9/3 3705/9/3
f 3711/2/3 3708/2/3 3707/2/3
f 3712/2/3 3708/2/3 3711/2/3
f 3713/2/3 3710/2/3 3709/2/3
f 3714/2/3 3710/2/3 3713/2/3
f 3717/3/3 3716/3/3 3715/3/3
f 3718/3/3 3716/3/3 3717/3/3
f 3720/3/3 3719/3/3 3718/3/3
f 3721/3/3 3719/3/3 3720/3/3
f 3724/1/3 3723/1/3 3722/1/3
f 3725/1/3 3723/1/3 3724/1/3
f 3731/3/3 3727/3/3 3726/3/3
f 3731/5/3 3728/5/3 3727/5/3
f 3732/3/3 3730/3/3 3729/3/3
f 3732/5/3 3728/5/3 3731/5/3
f 3732/3/3 3729/3/3 3728/3/3
f 3734/3/3 3731/3/3 3726/3/3
f 3734/3/3 3732/3/3 3731/3/3
f 3735/3/3 3732/3/3 3734/3/3
f 3736/3/3 3730/3/3 3732/3/3
f 3736/3/3 3732/3/3 3735/3/3
f 3737/3/3 3730/3/3 3736/3/3
f 3739/2/3 3734/2/3 3733/2/3
f 3740/2/3 3734/2/3 3739/2/3
f 3743/1/3 3738/1/3 3737/1/3
f 3744/1/3 3738/1/3 3743/1/3
f 3745/2/3 3741/2/3 3740/2/3
f 3746/2/3 3741/2/3 3745/2/3
f 3747/2/3 3743/2/3 3742/2/3
f 3748/2/3 3743/2/3 3747/2/3
f 3754/2/3 3750/2/3 3749/2/3
f 3755/2/3 3750/2/3 3754/2/3
f 3756/2/3 3752/2/3 3751/2/3
f 3757/2/3 3752/2/3 3756/2/3
f 3759/2/3 3754/2/3 3753/2/3
f 3760/2/3 3754/2/3 3759/2/3
f 3763/1/3 3758/1/3 3757/1/3
f 3764/1/3 3758/1/3 3763/1/3
f 3765/3/3 3762/3/3 3761/3/3
f 3765/3/3 3763/3/3 3762/3/3
f 3765/3/3 3761/3/3 3760/3/3
f 3766/3/3 3763/3/3 3765/3/3
f 3767/3/3 3765/3/3 3760/3/3
f 3768/5/3 3766/5/3 3765/5/3
f 3768/3/3 3765/3/3 3767/3/3
f 3769/3/3 3763/3/3 3766/3/3
f 3769/5/3 3766/5/3 3768/5/3
f 3770/3/3 3763/3/3 3769/3/3
f 3771/3/3 3763/3/3 3770/3/3
f 3774/1/3 3773/1/3 3772/1/3
f 3775/1/3 3773/1/3 3774/1/3
f 3779/3/3 3777/3/3 3776/3/3
f 3780/3/3 3777/3/3 3779/3/3
f 3781/3/3 3779/3/3 3778/3/3
f 3782/3/3 3779/3/3 3781/3/3
f 3785/1/3 3784/1/3 3783/1/3
f 3786/1/3 3784/1/3 3785/1/3
f 3790/3/3 3788/3/3 3787/3/3
f 3791/3/3 3788/3/3 3790/3/3
f 3792/3/3 3788/3/3 3791/3/3
f 3793/3/3 3788/3/3 3792/3/3
f 3795/2/3 3790/2/3 3789/2/3
f 3796/2/3 3790/2/3 3795/2/3
f 3797/1/3 3794/1/3 3793/1/3
f 3798/1/3 3794/1/3 3797/1/3
f 3803/2/3 3800/2/3 3799/2/3
f 3804/2/3 3800/2/3 3803/2/3
f 3807/1/3 3802/1/3 3801/1/3
f 3808/1/3 3802/1/3 3807/1/3
f 3809/3/3 3806/3/3 3805/3/3
f 3809/3/3 3807/3/3 3806/3/3
f 3809/3/3 3805/3/3 3804/3/3
f 3810/3/3 3807/3/3 3809/3/3
f 3813/1/3 3812/1/3 3811/1/3
f 3814/1/3 3812/1/3 3813/1/3
f 3820/2/3 3816/2/3 3815/2/3
f 3821/3/3 3817/3/3 3816/3/3
f 3821/2/3 3816/2/3 3820/2/3
f 3822/3/3 3817/3/3 3821/3/3
f 3823/2/3 3819/2/3 3818/2/3
f 3824/2/3 3819/2/3 3823/2/3
f 3827/1/3 3826/1/3 3825/1/3
f 3828/1/3 3826/1/3 3827/1/3
f 3831/1/3 3830/1/3 3829/1/3
f 3832/1/3 3830/1/3 3831/1/3
f 3836/3/3 3834/3/3 3833/3/3
f 3837/3/3 3834/3/3 3836/3/3
f 3838/2/3 3836/2/3 3835/2/3
f 3839/2/3 3836/2/3 3838/2/3
f 3842/2/3 3841/2/3 3840/2/3
f 3843/2/3 3841/2/3 3842/2/3
f 3845/3/3 3844/3/3 3843/3/3
f 3846/3/3 3844/3/3 3845/3/3
f 3849/1/3 3848/1/3 3847/1/3
f 3850/1/3 3848/1/3 3849/1/3
f 3853/1/3 3852/1/3 3851/1/3
f 3854/1/3 3852/1/3 3853/1/3
f 3860/2/3 3856/2/3 3855/2/3
f 3861/3/3 3857/3/3 3856/3/3
f 3861/2/3 3856/2/3 3860/2/3
f 3862/3/3 3857/3/3 3861/3/3
f 3863/2/3 3859/2/3 3858/2/3
f 3864/2/3 3859/2/3 3863/2/3
f 3869/2/3 3866/2/3 3865/2/3
f 3870/2/3 3866/2/3 3869/2/3
f 3871/2/3 3868/2/3 3867/2/3
f 3872/2/3 3868/2/3 3871/2/3
f 3878/2/3 3874/2/3 3873/2/3
f 3879/2/3 3874/2/3 3878/2/3
f 3880/3/3 3876/3/3 3875/3/3
f 3881/2/3 3877/2/3 3876/2/3
f 3881/3/3 3876/3/3 3880/3/3
f 3882/2/3 3877/2/3 3881/2/3
f 3888/2/3 3884/2/3 3883/2/3
f 3889/2/3 3884/2/3 3888/2/3
f 3890/3/3 3886/3/3 3885/3/3
f 3891/2/3 3887/2/3 3886/2/3
f 3891/3/3 3886/3/3 3890/3/3
f 3892/2/3 3887/2/3 3891/2/3
f 3897/2/3 3894/2/3 3893/2/3
f 3898/2/3 3894/2/3 3897/2/3
f 3899/2/3 3896/2/3 3895/2/3
f 3900/2/3 3896/2/3 3899/2/3
f 3905/2/3 3902/2/3 3901/2/3
f 3906/2/3 3902/2/3 3905/2/3
f 3907/2/3 3904/2/3 3903/2/3
f 3908/2/3 3904/2/3 3907/2/3
f 3911/1/3 3910/1/3 3909/1/3
f 3912/1/3 3910/1/3 3911/1/3
f 3914/1/3 3913/1/3 3912/1/3
f 3915/1/3 3913/1/3 3914/1/3
f 3917/1/3 3916/1/3 3915/1/3
f 3918/1/3 3916/1/3 3917/1/3
f 3921/1/3 3920/1/3 3919/1/3
f 3922/1/3 3920/1/3 3921/1/3
f 3925/1/3 3924/1/3 3923/1/3
f 3926/1/3 3924/1/3 3925/1/3
f 3930/1/3 3928/1/3 3927/1/3
f 3931/1/3 3928/1/3 3930/1/3
f 3933/1/3 3930/1/3 3929/1/3
f 3934/1/3 3930/1/3 3933/1/3
f 3935/1/3 3933/1/3 3932/1/3
f 3936/1/3 3933/1/3 3935/1/3
f 3941/2/3 3938/2/3 3937/2/3
f 3942/2/3 3938/2/3 3941/2/3
f 3943/2/3 3940/2/3 3939/2/3
f 3944/2/3 3940/2/3 3943/2/3
f 3949/2/3 3946/2/3 3945/2/3
f 3950/2/3 3946/2/3 3949/2/3
f 3951/2/3 3948/2/3 3947/2/3
f 3952/2/3 3948/2/3 3951/2/3
f 3955/1/3 3954/1/3 3953/1/3
f 3956/1/3 3954/1/3 3955/1/3
f 3959/1/3 3958/1/3 3957/1/3
f 3960/1/3 3958/1/3 3959/1/3
f 3965/2/3 3962/2/3 3961/2/3
f 3966/2/3 3962/2/3 3965/2/3
f 3967/2/3 3964/2/3 3963/2/3
f 3968/2/3 3964/2/3 3967/2/3
f 3972/3/3 3970/3/3 3969/3/3
f 3973/3/3 3970/3/3 3972/3/3
f 3974/3/3 3970/3/3 3973/3/3
f 3975/3/3 3970/3/3 3974/3/3
f 3977/3/3 3972/3/3 3971/3/3
f 3977/3/3 3973/3/3 3972/3/3
f 3978/3/3 3973/3/3 3977/3/3
f 3979/3/3 3976/3/3 3975/3/3
f 3979/3/3 3975/3/3 3974/3/3
f 3980/3/3 3976/3/3 3979/3/3
f 3983/1/3 3982/1/3 3981/1/3
f 3984/1/3 3982/1/3 3983/1/3
f 3989/3/3 3986/3/3 3985/3/3
f 3990/3/3 3986/3/3 3989/3/3
f 3991/3/3 3986/3/3 3990/3/3
f 3992/3/3 3988/3/3 3987/3/3
f 3993/3/3 3988/3/3 3992/3/3
f 3994/2/3 3990/2/3 3989/2/3
f 3995/2/3 3990/2/3 3994/2/3
f 3996/3/3 3992/3/3 3991/3/3
f 3997/3/3 3992/3/3 3996/3/3
f 4002/2/3 3999/2/3 3998/2/3
f 4003/2/3 3999/2/3 4002/2/3
f 4004/3/3 4001/3/3 4000/3/3
f 4005/3/3 4001/3/3 4004/3/3
f 4007/3/3 4003/3/3 4002/3/3
f 4007/3/3 4004/3/3 4003/3/3
f 4008/3/3 4004/3/3 4007/3/3
f 4009/3/3 4006/3/3 4005/3/3
f 4010/3/3 4006/3/3 4009/3/3
f 4013/1/3 4012/1/3 4011/1/3
f 4014/1/3 4012/1/3 4013/1/3
f 4019/3/3 4016/3/3 4015/3/3
f 4020/3/3 4016/3/3 4019/3/3
f 4021/3/3 4016/3/3 4020/3/3
f 4022/3/3 4018/3/3 4017/3/3
f 4023/3/3 4018/3/3 4022/3/3
f 4024/3/3 4018/3/3 4023/3/3
f 4025/3/3 4021/3/3 4020/3/3
f 4025/3/3 4023/3/3 4022/3/3
f 4025/3/3 4022/3/3 4021/3/3
f 4026/3/3 4023/3/3 4025/3/3
f 4033/2/3 4028/2/3 4027/2/3
f 4034/2/3 4028/2/3 4033/2/3
f 4035/3/3 4030/3/3 4029/3/3
f 4036/3/3 4030/3/3 4035/3/3
f 4037/1/3 4032/1/3 4031/1/3
f 4038/1/3 4032/1/3 4037/1/3
f 4039/3/3 4030/3/3 4036/3/3
f 4040/3/3 4030/3/3 4039/3/3
f 4046/3/3 4042/3/3 4041/3/3
f 4049/2/3 4044/2/3 4043/2/3
f 4050/2/3 4044/2/3 4049/2/3
f 4051/3/3 4046/3/3 4045/3/3
f 4052/3/3 4042/3/3 4046/3/3
f 4052/3/3 4046/3/3 4051/3/3
f 4053/1/3 4048/1/3 4047/1/3
f 4054/1/3 4048/1/3 4053/1/3
f 4060/2/3 4056/2/3 4055/2/3
f 4061/2/3 4056/2/3 4060/2/3
f 4062/3/3 4058/3/3 4057/3/3
f 4063/2/3 4059/2/3 4058/2/3
f 4063/3/3 4058/3/3 4062/3/3
f 4064/2/3 4059/2/3 4063/2/3
f 4067/1/3 4066/1/3 4065/1/3
f 4068/1/3 4066/1/3 4067/1/3
f 4071/2/3 4070/2/3 4069/2/3
f 4072/2/3 4070/2/3 4071/2/3
f 4077/3/3 4074/3/3 4073/3/3
f 4078/3/3 4074/3/3 4077/3/3
f 4079/3/3 4076/3/3 4075/3/3
f 4080/3/3 4076/3/3 4079/3/3
f 4085/3/3 4082/3/3 4081/3/3
f 4086/3/3 4082/3/3 4085/3/3
f 4087/3/3 4084/3/3 4083/3/3
f 4088/3/3 4084/3/3 4087/3/3
f 4091/2/3 4090/2/3 4089/2/3
f 4092/2/3 4090/2/3 4091/2/3
f 4095/1/3 4094/1/3 4093/1/3
f 4096/1/3 4094/1/3 4095/1/3
f 4102/2/3 4098/2/3 4097/2/3
f 4103/2/3 4098/2/3 4102/2/3
f 4104/3/3 4100/3/3 4099/3/3
f 4105/2/3 4101/2/3 4100/2/3
f 4105/3/3 4100/3/3 4104/3/3
f 4106/2/3 4101/2/3 4105/2/3
f 4111/1/3 4108/1/3 4107/1/3
f 4112/1/3 4108/1/3 4111/1/3
f 4113/1/3 4110/1/3 4109/1/3
f 4114/1/3 4110/1/3 4113/1/3
f 4116/2/3 4112/2/3 4111/2/3
f 4117/2/3 4112/2/3 4116/2/3
f 4118/2/3 4115/2/3 4114/2/3
f 4118/2/3 4114/2/3 4113/2/3
f 4119/2/3 4115/2/3 4118/2/3
f 4122/2/3 4121/2/3 4120/2/3
f 4123/2/3 4121/2/3 4122/2/3
f 4126/2/3 4125/2/3 4124/2/3
f 4127/2/3 4125/2/3 4126/2/3
f 4130/1/3 4129/1/3 4128/1/3
f 4131/1/3 4129/1/3 4130/1/3
f 4134/1/3 4133/1/3 4132/1/3
f 4135/1/3 4133/1/3 4134/1/3
f 4138/2/3 4137/2/3 4136/2/3
f 4139/2/3 4137/2/3 4138/2/3
f 4142/2/3 4141/2/3 4140/2/3
f 4143/2/3 4141/2/3 4142/2/3
f 4148/2/3 4145/2/3 4144/2/3
f 4149/2/3 4145/2/3 4148/2/3
f 4150/2/3 4147/2/3 4146/2/3
f 4151/2/3 4147/2/3 4150/2/3
f 4152/2/3 4147/2/3 4151/2/3
f 4153/1/3 4149/1/3 4148/1/3
f 4154/1/3 4149/1/3 4153/1/3
f 4155/1/3 4151/1/3 4150/1/3
f 4156/1/3 4151/1/3 4155/1/3
f 4161/3/3 4158/3/3 4157/3/3
f 4162/3/3 4158/3/3 4161/3/3
f 4163/3/3 4158/3/3 4162/3/3
f 4164/3/3 4160/3/3 4159/3/3
f 4165/3/3 4160/3/3 4164/3/3
f 4166/3/3 4160/3/3 4165/3/3
f 4169/2/3 4168/2/3 4167/2/3
f 4170/2/3 4168/2/3 4169/2/3
f 4173/2/3 4172/2/3 4171/2/3
f 4174/2/3 4172/2/3 4173/2/3
f 4177/1/3 4176/1/3 4175/1/3
f 4178/1/3 4176/1/3 4177/1/3
f 4183/2/3 4182/2/3 4181/2/3
f 4184/2/3 4182/2/3 4183/2/3
f 4185/2/3 4180/2/3 4179/2/3
f 4186/2/3 4180/2/3 4185/2/3
f 4189/3/3 4188/3/3 4187/3/3
f 4190/3/3 4188/3/3 4189/3/3
f 4193/3/3 4192/3/3 4191/3/3
f 4194/3/3 4192/3/3 4193/3/3
f 4199/2/3 4196/2/3 4195/2/3
f 4200/2/3 4196/2/3 4199/2/3
f 4201/2/3 4198/2/3 4197/2/3
f 4202/2/3 4198/2/3 4201/2/3
f 4205/1/3 4204/1/3 4203/1/3
f 4206/1/3 4204/1/3 4205/1/3
f 4209/2/3 4208/2/3 4207/2/3
f 4210/2/3 4208/2/3 4209/2/3
f 4213/2/3 4212/2/3 4211/2/3
f 4214/2/3 4212/2/3 4213/2/3
f 4221/3/3 4216/3/3 4215/3/3
f 4221/3/3 4217/3/3 4216/3/3
f 4222/3/3 4217/3/3 4221/3/3
f 4223/3/3 4220/3/3 4219/3/3
f 4223/3/3 4219/3/3 4218/3/3
f 4224/3/3 4220/3/3 4223/3/3
f 4227/1/3 4226/1/3 4225/1/3
f 4228/1/3 4226/1/3 4227/1/3
f 4230/2/3 4229/2/3 4228/2/3
f 4231/2/3 4229/2/3 4230/2/3
f 4234/1/3 4233/1/3 4232/1/3
f 4235/1/3 4233/1/3 4234/1/3
f 4238/2/3 4237/2/3 4236/2/3
f 4239/2/3 4237/2/3 4238/2/3
f 4242/2/3 4241/2/3 4240/2/3
f 4243/2/3 4241/2/3 4242/2/3
f 4245/1/3 4244/1/3 4243/1/3
f 4246/1/3 4244/1/3 4245/1/3
f 4250/1/3 4248/1/3 4247/1/3
f 4251/1/3 4248/1/3 4250/1/3
f 4252/2/3 4250/2/3 4249/2/3
f 4253/2/3 4250/2/3 4252/2/3
f 4256/2/3 4255/2/3 4254/2/3
f 4257/2/3 4255/2/3 4256/2/3
f 4260/1/3 4259/1/3 4258/1/3
f 4261/1/3 4259/1/3 4260/1/3
f 4265/2/3 4263/2/3 4262/2/3
f 4266/2/3 4263/2/3 4265/2/3
f 4267/1/3 4265/1/3 4264/1/3
f 4268/1/3 4265/1/3 4267/1/3
f 4271/2/3 4270/2/3 4269/2/3
f 4272/2/3 4270/2/3 4271/2/3
f 4275/2/3 4274/2/3 4273/2/3
f 4276/2/3 4274/2/3 4275/2/3
f 4279/1/3 4278/1/3 4277/1/3
f 4280/1/3 4278/1/3 4279/1/3
f 4283/1/3 4282/1/3 4281/1/3
f 4284/1/3 4282/1/3 4283/1/3
f 4287/1/3 4286/1/3 4285/1/3
f 4288/1/3 4286/1/3 4287/1/3
f 4298/1/3 4292/1/3 4291/1/3
f 4299/2/3 4294/2/3 4293/2/3
f 4300/1/3 4295/1/3 4294/1/3
f 4300/2/3 4294/2/3 4299/2/3
f 4301/1/3 4298/1/3 4291/1/3
f 4302/1/3 4300/1/3 4299/1/3
f 4303/1/3 4295/1/3 4300/1/3
f 4303/1/3 4300/1/3 4302/1/3
f 4304/1/3 4290/1/3 4289/1/3
f 4305/7/3 4291/7/3 4290/7/3
f 4305/1/3 4290/1/3 4304/1/3
f 4306/1/3 4301/1/3 4291/1/3
f 4306/7/3 4291/7/3 4305/7/3
f 4307/1/3 4301/1/3 4306/1/3
f 4308/2/3 4303/2/3 4302/2/3
f 4309/1/3 4295/1/3 4303/1/3
f 4309/2/3 4303/2/3 4308/2/3
f 4310/7/3 4296/7/3 4295/7/3
f 4310/1/3 4295/1/3 4309/1/3
f 4311/1/3 4297/1/3 4296/1/3
f 4311/7/3 4296/7/3 4310/7/3
f 4312/1/3 4297/1/3 4311/1/3
f 4315/1/3 4314/1/3 4313/1/3
f 4316/1/3 4314/1/3 4315/1/3
f 4319/1/3 4318/1/3 4317/1/3
f 4320/1/3 4318/1/3 4319/1/3
f 4323/1/3 4322/1/3 4321/1/3
f 4324/1/3 4322/1/3 4323/1/3
f 4327/2/3 4326/2/3 4325/2/3
f 4328/2/3 4326/2/3 4327/2/3
f 4331/2/3 4330/2/3 4329/2/3
f 4332/2/3 4330/2/3 4331/2/3
f 4335/2/3 4334/2/3 4333/2/3
f 4336/2/3 4334/2/3 4335/2/3
f 4341/2/3 4338/2/3 4337/2/3
f 4342/2/3 4338/2/3 4341/2/3
f 4343/1/3 4340/1/3 4339/1/3
f 4344/1/3 4340/1/3 4343/1/3
f 4347/2/3 4346/2/3 4345/2/3
f 4348/2/3 4346/2/3 4347/2/3
f 4351/1/3 4350/1/3 4349/1/3
f 4352/1/3 4350/1/3 4351/1/3
f 4357/3/3 4354/3/3 4353/3/3
f 4358/3/3 4356/3/3 4355/3/3
f 4359/3/3 4357/3/3 4353/3/3
f 4359/3/3 4358/3/3 4357/3/3
f 4360/3/3 4356/3/3 4358/3/3
f 4360/3/3 4358/3/3 4359/3/3
f 4361/3/3 4359/3/3 4353/3/3
f 4362/3/3 4359/3/3 4361/3/3
f 4363/3/3 4356/3/3 4360/3/3
f 4364/3/3 4356/3/3 4363/3/3
f 4367/1/3 4366/1/3 4365/1/3
f 4368/1/3 4366/1/3 4367/1/3
f 4371/2/3 4370/2/3 4369/2/3
f 4372/2/3 4370/2/3 4371/2/3
f 4375/1/3 4374/1/3 4373/1/3
f 4376/1/3 4374/1/3 4375/1/3
f 4379/1/3 4378/1/3 4377/1/3
f 4380/1/3 4378/1/3 4379/1/3
f 4383/2/3 4382/2/3 4381/2/3
f 4384/2/3 4382/2/3 4383/2/3
f 4387/1/3 4386/1/3 4385/1/3
f 4388/1/3 4386/1/3 4387/1/3
f 4391/2/3 4390/2/3 4389/2/3
f 4392/2/3 4390/2/3 4391/2/3
f 4395/8/3 4394/8/3 4393/8/3
f 4396/8/3 4394/8/3 4395/8/3
f 4399/2/3 4398/2/3 4397/2/3
f 4400/2/3 4398/2/3 4399/2/3
f 4403/2/3 4402/2/3 4401/2/3
f 4404/2/3 4402/2/3 4403/2/3
f 4407/8/3 4406/8/3 4405/8/3
f 4408/8/3 4406/8/3 4407/8/3
f 4411/8/3 4410/8/3 4409/8/3
f 4412/8/3 4410/8/3 4411/8/3
f 4415/2/3 4414/2/3 4413/2/3
f 4416/2/3 4414/2/3 4415/2/3
f 4419/2/3 4418/2/3 4417/2/3
f 4420/2/3 4418/2/3 4419/2/3
f 4423/8/3 4422/8/3 4421/8/3
f 4424/8/3 4422/8/3 4423/8/3
f 4427/1/3 4426/1/3 4425/1/3
f 4428/1/3 4426/1/3 4427/1/3
f 4431/8/3 4430/8/3 4429/8/3
f 4432/8/3 4430/8/3 4431/8/3
f 4435/2/3 4434/2/3 4433/2/3
f 4436/2/3 4434/2/3 4435/2/3
f 4439/2/3 4438/2/3 4437/2/3
f 4440/2/3 4438/2/3 4439/2/3
f 4443/1/3 4442/1/3 4441/1/3
f 4444/1/3 4442/1/3 4443/1/3
f 4447/1/3 4445/1/3 4444/1/3
f 4448/1/3 4445/1/3 4447/1/3
f 4449/1/3 4447/1/3 4446/1/3
f 4450/1/3 4447/1/3 4449/1/3
f 4453/2/3 4452/2/3 4451/2/3
f 4454/2/3 4452/2/3 4453/2/3
f 4458/2/3 4456/2/3 4455/2/3
f 4458/2/3 4457/2/3 4456/2/3
f 4459/2/3 4457/2/3 4458/2/3
f 4463/2/3 4460/2/3 4459/2/3
f 4464/2/3 4460/2/3 4463/2/3
f 4466/1/3 4465/1/3 4464/1/3
f 4467/1/3 4465/1/3 4466/1/3
f 4470/2/3 4462/2/3 4461/2/3
f 4471/2/3 4462/2/3 4470/2/3
f 4473/1/3 4469/1/3 4468/1/3
f 4474/1/3 4469/1/3 4473/1/3
f 4476/2/3 4473/2/3 4472/2/3
f 4477/2/3 4473/2/3 4476/2/3
f 4478/2/3 4476/2/3 4475/2/3
f 4479/2/3 4476/2/3 4478/2/3
f 4480/2/3 4476/2/3 4479/2/3
f 4483/2/3 4482/2/3 4481/2/3
f 4484/2/3 4482/2/3 4483/2/3
f 4487/2/3 4486/2/3 4485/2/3
f 4488/2/3 4486/2/3 4487/2/3
f 4491/2/3 4490/2/3 4489/2/3
f 4492/2/3 4490/2/3 4491/2/3
f 4495/2/3 4494/2/3 4493/2/3
f 4496/2/3 4494/2/3 4495/2/3
f 4499/2/3 4498/2/3 4497/2/3
f 4500/2/3 4498/2/3 4499/2/3
f 4503/2/3 4502/2/3 4501/2/3
f 4504/2/3 4502/2/3 4503/2/3
f 4507/2/3 4506/2/3 4505/2/3
f 4508/2/3 4506/2/3 4507/2/3
f 4511/2/3 4510/2/3 4509/2/3
f 4512/2/3 4510/2/3 4511/2/3
f 4515/2/3 4514/2/3 4513/2/3
f 4516/2/3 4514/2/3 4515/2/3
f 4520/1/3 4518/1/3 4517/1/3
f 4521/1/3 4518/1/3 4520/1/3
f 4522/1/3 4520/1/3 4519/1/3
f 4523/1/3 4520/1/3 4522/1/3
f 4526/2/3 4525/2/3 4524/2/3
f 4527/2/3 4525/2/3 4526/2/3
f 4532/2/3 4529/2/3 4528/2/3
f 4533/2/3 4529/2/3 4532/2/3
f 4535/2/3 4531/2/3 4530/2/3
f 4536/2/3 4531/2/3 4535/2/3
f 4538/1/3 4534/1/3 4533/1/3
f 4539/1/3 4534/1/3 4538/1/3
f 4542/2/3 4538/2/3 4537/2/3
f 4543/2/3 4538/2/3 4542/2/3
f 4544/2/3 4541/2/3 4540/2/3
f 4545/2/3 4541/2/3 4544/2/3
f 4548/1/3 4547/1/3 4546/1/3
f 4549/1/3 4547/1/3 4548/1/3
f 4551/1/3 4550/1/3 4549/1/3
f 4552/1/3 4550/1/3 4551/1/3
f 4556/2/3 4554/2/3 4553/2/3
f 4557/2/3 4554/2/3 4556/2/3
f 4558/2/3 4556/2/3 4555/2/3
f 4559/2/3 4556/2/3 4558/2/3
f 4561/2/3 4560/2/3 4559/2/3
f 4562/2/3 4560/2/3 4561/2/3
f 4565/1/3 4564/1/3 4563/1/3
f 4566/1/3 4564/1/3 4565/1/3
f 4570/2/3 4568/2/3 4567/2/3
f 4571/2/3 4568/2/3 4570/2/3
f 4572/2/3 4568/2/3 4571/2/3
f 4574/2/3 4570/2/3 4569/2/3
f 4574/2/3 4571/2/3 4570/2/3
f 4575/2/3 4571/2/3 4574/2/3
f 4576/2/3 4574/2/3 4573/2/3
f 4577/2/3 4574/2/3 4576/2/3
f 4580/2/3 4579/2/3 4578/2/3
f 4581/2/3 4579/2/3 4580/2/3
f 4583/2/3 4582/2/3 4581/2/3
f 4584/2/3 4582/2/3 4583/2/3
f 4585/2/3 4582/2/3 4584/2/3
f 4587/2/3 4585/2/3 4584/2/3
f 4587/2/3 4586/2/3 4585/2/3
f 4588/2/3 4586/2/3 4587/2/3
f 4591/1/3 4590/1/3 4589/1/3
f 4592/1/3 4590/1/3 4591/1/3
f 4595/1/3 4594/1/3 4593/1/3
f 4596/1/3 4594/1/3 4595/1/3
f 4599/1/3 4598/1/3 4597/1/3
f 4600/1/3 4598/1/3 4599/1/3
f 4603/2/3 4602/2/3 4601/2/3
f 4604/2/3 4602/2/3 4603/2/3
f 4607/2/3 4606/2/3 4605/2/3
f 4608/2/3 4606/2/3 4607/2/3
f 4611/2/3 4610/2/3 4609/2/3
f 4612/2/3 4610/2/3 4611/2/3
f 4613/2/3 4610/2/3 4612/2/3
f 4617/2/3 4615/2/3 4614/2/3
f 4617/2/3 4616/2/3 4615/2/3
f 4618/2/3 4616/2/3 4617/2/3
f 4621/1/3 4620/1/3 4619/1/3
f 4622/1/3 4620/1/3 4621/1/3
f 4625/3/3 4624/3/3 4623/3/3
f 4626/3/3 4624/3/3 4625/3/3
f 4627/3/3 4625/3/3 4623/3/3
f 4628/3/3 4624/3/3 4626/3/3
f 4629/3/3 4627/3/3 4623/3/3
f 4629/3/3 4628/3/3 4627/3/3
f 4630/3/3 4624/3/3 4628/3/3
f 4630/3/3 4628/3/3 4629/3/3
f 4633/1/3 4632/1/3 4631/1/3
f 4634/1/3 4632/1/3 4633/1/3
f 4638/3/3 4636/3/3 4635/3/3
f 4639/3/3 4636/3/3 4638/3/3
f 4641/3/3 4638/3/3 4637/3/3
f 4642/3/3 4638/3/3 4641/3/3
f 4643/3/3 4640/3/3 4639/3/3
f 4644/3/3 4640/3/3 4643/3/3
f 4645/3/3 4643/3/3 4642/3/3
f 4646/3/3 4643/3/3 4645/3/3
f 4649/7/3 4648/7/3 4647/7/3
f 4650/7/3 4648/7/3 4649/7/3
f 4653/7/3 4652/7/3 4651/7/3
f 4654/7/3 4652/7/3 4653/7/3
f 4655/2/4 4656/2/4 4659/2/4
f 4659/2/4 4656/2/4 4660/2/4
f 4657/2/4 4658/2/4 4661/2/4
f 4661/2/4 4658/2/4 4662/2/4
f 4659/7/4 4660/7/4 4663/7/4
f 4663/7/4 4660/7/4 4664/7/4
f 4661/7/4 4662/7/4 4665/7/4
f 4665/7/4 4662/7/4 4666/7/4
f 4665/2/4 4666/2/4 4667/2/4
f 4667/2/4 4666/2/4 4668/2/4
f 4663/2/4 4664/2/4 4670/2/4
f 4670/2/4 4664/2/4 4671/2/4
f 4668/2/4 4669/2/4 4672/2/4
f 4672/2/4 4669/2/4 4673/2/4
f 4676/2/4 4677/2/4 4679/2/4
f 4679/2/4 4677/2/4 4680/2/4
f 4674/2/4 4675/2/4 4681/2/4
f 4681/2/4 4675/2/4 4682/2/4
f 4678/2/4 4679/2/4 4683/2/4
f 4683/2/4 4679/2/4 4684/2/4
f 4681/7/4 4682/7/4 4685/7/4
f 4685/7/4 4682/7/4 4686/7/4
f 4683/7/4 4684/7/4 4687/7/4
f 4687/7/4 4684/7/4 4688/7/4
f 4685/2/4 4686/2/4 4689/2/4
f 4689/2/4 4686/2/4 4690/2/4
f 4687/2/4 4688/2/4 4691/2/4
f 4691/2/4 4688/2/4 4692/2/4
f 4693/2/4 4694/2/4 4697/2/4
f 4693/2/4 4697/2/4 4698/2/4
f 4698/2/4 4697/2/4 4699/2/4
f 4695/2/4 4696/2/4 4700/2/4
f 4700/2/4 4696/2/4 4701/2/4
f 4702/2/4 4703/2/4 4706/2/4
f 4702/2/4 4706/2/4 4707/2/4
f 4707/2/4 4706/2/4 4708/2/4
f 4704/2/4 4705/2/4 4709/2/4
f 4709/2/4 4705/2/4 4710/2/4
f 4711/2/4 4712/2/4 4715/2/4
f 4715/2/4 4712/2/4 4716/2/4
f 4713/2/4 4714/2/4 4718/2/4
f 4718/2/4 4714/2/4 4719/2/4
f 4716/2/4 4717/2/4 4721/2/4
f 4721/2/4 4717/2/4 4722/2/4
f 4719/2/4 4720/2/4 4723/2/4
f 4723/2/4 4720/2/4 4724/2/4
f 4721/7/4 4722/7/4 4725/7/4
f 4725/7/4 4722/7/4 4726/7/4
f 4723/7/4 4724/7/4 4727/7/4
f 4727/7/4 4724/7/4 4728/7/4
f 4725/2/4 4726/2/4 4729/2/4
f 4729/2/4 4726/2/4 4730/2/4
f 4727/2/4 4728/2/4 4731/2/4
f 4731/2/4 4728/2/4 4732/2/4
f 4733/2/4 4734/2/4 4737/2/4
f 4737/2/4 4734/2/4 4738/2/4
f 4735/2/4 4736/2/4 4739/2/4
f 4739/2/4 4736/2/4 4740/2/4
f 4737/7/4 4738/7/4 4741/7/4
f 4741/7/4 4738/7/4 4742/7/4
f 4739/7/4 4740/7/4 4743/7/4
f 4743/7/4 4740/7/4 4744/7/4
f 4741/2/4 4742/2/4 4746/2/4
f 4746/2/4 4742/2/4 4747/2/4
f 4743/2/4 4744/2/4 4749/2/4
f 4749/2/4 4744/2/4 4750/2/4
f 4745/2/4 4746/2/4 4751/2/4
f 4751/2/4 4746/2/4 4752/2/4
f 4748/2/4 4749/2/4 4753/2/4
f 4753/2/4 4749/2/4 4754/2/4
f 4755/2/4 4756/2/4 4757/2/4
f 4757/2/4 4756/2/4 4758/2/4
f 4759/2/4 4760/2/4 4763/2/4
f 4759/2/4 4763/2/4 4764/2/4
f 4764/2/4 4763/2/4 4765/2/4
f 4761/2/4 4762/2/4 4766/2/4
f 4766/2/4 4762/2/4 4767/2/4
f 4768/2/4 4769/2/4 4772/2/4
f 4768/2/4 4772/2/4 4773/2/4
f 4773/2/4 4772/2/4 4774/2/4
f 4770/2/4 4771/2/4 4775/2/4
f 4775/2/4 4771/2/4 4776/2/4
f 4777/2/4 4778/2/4 4779/2/4
f 4779/2/4 4778/2/4 4780/2/4
f 4781/2/4 4782/2/4 4785/2/4
f 4785/2/4 4782/2/4 4786/2/4
f 4783/2/4 4784/2/4 4787/2/4
f 4787/2/4 4784/2/4 4788/2/4
f 4789/2/4 4790/2/4 4793/2/4
f 4793/2/4 4790/2/4 4794/2/4
f 4791/2/4 4792/2/4 4795/2/4
f 4795/2/4 4792/2/4 4796/2/4
f 4797/2/4 4798/2/4 4801/2/4
f 4801/2/4 4798/2/4 4802/2/4
f 4799/2/4 4800/2/4 4803/2/4
f 4803/2/4 4800/2/4 4804/2/4
f 4805/2/4 4806/2/4 4809/2/4
f 4809/2/4 4806/2/4 4810/2/4
f 4807/2/4 4808/2/4 4811/2/4
f 4811/2/4 4808/2/4 4812/2/4
f 4813/3/4 4814/3/4 4815/3/4
f 4815/3/4 4814/3/4 4816/3/4
f 4816/3/4 4814/3/4 4817/3/4
f 4818/2/4 4819/2/4 4820/2/4
f 4820/2/4 4819/2/4 4821/2/4
f 4823/2/4 4824/2/4 4826/2/4
f 4824/1/4 4825/1/4 4827/1/4
f 4826/2/4 4824/2/4 4827/2/4
f 4827/1/4 4825/1/4 4828/1/4
f 4821/2/4 4822/2/4 4829/2/4
f 4829/2/4 4822/2/4 4830/2/4
f 4830/2/4 4831/2/4 4832/2/4
f 4832/2/4 4831/2/4 4833/2/4
f 4834/2/4 4835/2/4 4837/2/4
f 4837/2/4 4835/2/4 4838/2/4
f 4836/2/4 4837/2/4 4843/2/4
f 4843/2/4 4837/2/4 4844/2/4
f 4839/2/4 4840/2/4 4845/2/4
f 4840/1/4 4841/1/4 4846/1/4
f 4845/2/4 4840/2/4 4846/2/4
f 4846/1/4 4841/1/4 4847/1/4
f 4842/2/4 4843/2/4 4848/2/4
f 4848/2/4 4843/2/4 4849/2/4
f 4850/3/4 4851/3/4 4853/3/4
f 4851/3/4 4852/3/4 4853/3/4
f 4853/3/4 4852/3/4 4854/3/4
f 4855/2/4 4856/2/4 4857/2/4
f 4857/2/4 4856/2/4 4858/2/4
f 4859/2/4 4860/2/4 4862/2/4
f 4860/1/4 4861/1/4 4863/1/4
f 4862/2/4 4860/2/4 4863/2/4
f 4863/1/4 4861/1/4 4864/1/4
f 4865/2/4 4866/2/4 4867/2/4
f 4867/2/4 4866/2/4 4868/2/4
f 4869/2/4 4870/2/4 4871/2/4
f 4871/2/4 4870/2/4 4872/2/4
f 4873/2/4 4874/2/4 4877/2/4
f 4877/2/4 4874/2/4 4878/2/4
f 4875/3/4 4876/3/4 4879/3/4
f 4879/3/4 4876/3/4 4880/3/4
f 4881/2/4 4882/2/4 4885/2/4
f 4885/2/4 4882/2/4 4886/2/4
f 4883/3/4 4884/3/4 4887/3/4
f 4887/3/4 4884/3/4 4888/3/4
f 4889/2/4 4890/2/4 4891/2/4
f 4891/2/4 4890/2/4 4892/2/4
f 4893/2/4 4894/2/4 4895/2/4
f 4895/2/4 4894/2/4 4896/2/4
f 4897/2/4 4898/2/4 4900/2/4
f 4898/1/4 4899/1/4 4901/1/4
f 4900/2/4 4898/2/4 4901/2/4
f 4901/1/4 4899/1/4 4902/1/4
f 4903/2/4 4904/2/4 4905/2/4
f 4905/2/4 4904/2/4 4906/2/4
f 4907/2/4 4908/2/4 4910/2/4
f 4908/1/4 4909/1/4 4911/1/4
f 4910/2/4 4908/2/4 4911/2/4
f 4911/1/4 4909/1/4 4912/1/4
f 4913/2/4 4914/2/4 4916/2/4
f 4914/1/4 4915/1/4 4917/1/4
f 4916/2/4 4914/2/4 4917/2/4
f 4917/1/4 4915/1/4 4918/1/4
f 4919/2/4 4920/2/4 4921/2/4
f 4921/2/4 4920/2/4 4922/2/4
f 4923/2/4 4924/2/4 4925/2/4
f 4925/2/4 4924/2/4 4926/2/4
f 4927/2/4 4928/2/4 4929/2/4
f 4929/2/4 4928/2/4 4930/2/4
f 4931/2/4 4932/2/4 4933/2/4
f 4933/2/4 4932/2/4 4934/2/4
f 4935/2/4 4936/2/4 4937/2/4
f 4937/2/4 4936/2/4 4938/2/4
f 4939/2/4 4940/2/4 4941/2/4
f 4941/2/4 4940/2/4 4942/2/4
f 4943/3/4 4944/3/4 4945/3/4
f 4945/3/4 4944/3/4 4946/3/4
f 4946/3/4 4944/3/4 4947/3/4
f 4948/2/4 4949/2/4 4950/2/4
f 4950/2/4 4949/2/4 4951/2/4
f 4952/2/4 4953/2/4 4954/2/4
f 4954/2/4 4953/2/4 4955/2/4
f 4956/2/4 4957/2/4 4958/2/4
f 4958/2/4 4957/2/4 4959/2/4
f 4960/2/4 4961/2/4 4962/2/4
f 4962/2/4 4961/2/4 4963/2/4
f 4964/3/4 4965/3/4 4967/3/4
f 4965/3/4 4966/3/4 4967/3/4
f 4967/3/4 4966/3/4 4968/3/4
f 4969/1/4 4970/1/4 4971/1/4
f 4971/1/4 4970/1/4 4972/1/4
f 4972/2/4 4973/2/4 4974/2/4
f 4974/2/4 4973/2/4 4975/2/4
f 4976/1/4 4977/1/4 4978/1/4
f 4978/1/4 4977/1/4 4979/1/4
f 4980/1/4 4981/1/4 4982/1/4
f 4982/1/4 4981/1/4 4983/1/4
f 4984/2/4 4985/2/4 4986/2/4
f 4986/2/4 4985/2/4 4987/2/4
f 4987/1/4 4988/1/4 4989/1/4
f 4989/1/4 4988/1/4 4990/1/4
f 4991/1/4 4992/1/4 4994/1/4
f 4994/1/4 4992/1/4 4995/1/4
f 4993/2/4 4994/2/4 4996/2/4
f 4996/2/4 4994/2/4 4997/2/4
f 4998/1/4 4999/1/4 5000/1/4
f 5000/1/4 4999/1/4 5001/1/4
f 5002/1/4 5003/1/4 5004/1/4
f 5004/1/4 5003/1/4 5005/1/4
f 5006/2/4 5007/2/4 5009/2/4
f 5009/2/4 5007/2/4 5010/2/4
f 5008/1/4 5009/1/4 5011/1/4
f 5011/1/4 5009/1/4 5012/1/4
f 5013/1/4 5014/1/4 5015/1/4
f 5015/1/4 5014/1/4 5016/1/4
f 5017/1/4 5018/1/4 5019/1/4
f 5019/1/4 5018/1/4 5020/1/4
f 5021/3/4 5022/3/4 5023/3/4
f 5023/3/4 5022/3/4 5024/3/4
f 5025/3/4 5026/3/4 5027/3/4
f 5027/3/4 5026/3/4 5028/3/4
f 5029/1/4 5030/1/4 5031/1/4
f 5031/1/4 5030/1/4 5032/1/4
f 5033/1/4 5034/1/4 5035/1/4
f 5035/1/4 5034/1/4 5036/1/4
f 5037/3/4 5038/3/4 5039/3/4
f 5039/3/4 5038/3/4 5040/3/4
f 5041/1/4 5042/1/4 5043/1/4
f 5043/1/4 5042/1/4 5044/1/4
f 5045/1/4 5046/1/4 5047/1/4
f 5047/1/4 5046/1/4 5048/1/4
f 5049/1/4 5050/1/4 5051/1/4
f 5051/1/4 5050/1/4 5052/1/4
f 5053/1/4 5054/1/4 5055/1/4
f 5055/1/4 5054/1/4 5056/1/4
f 5057/3/4 5058/3/4 5059/3/4
f 5059/3/4 5058/3/4 5060/3/4
f 5061/1/4 5062/1/4 5065/1/4
f 5065/1/4 5062/1/4 5066/1/4
f 5063/1/4 5064/1/4 5067/1/4
f 5067/1/4 5064/1/4 5068/1/4
f 5065/2/4 5066/2/4 5070/2/4
f 5070/2/4 5066/2/4 5071/2/4
f 5068/2/4 5069/2/4 5072/2/4
f 5067/2/4 5068/2/4 5072/2/4
f 5072/2/4 5069/2/4 5073/2/4
f 5073/2/4 5069/2/4 5074/2/4
f 5075/3/4 5076/3/4 5081/3/4
f 5081/3/4 5076/3/4 5082/3/4
f 5077/3/4 5078/3/4 5083/3/4
f 5083/3/4 5078/3/4 5084/3/4
f 5079/3/4 5080/3/4 5085/3/4
f 5085/3/4 5080/3/4 5086/3/4
f 5087/1/4 5088/1/4 5091/1/4
f 5089/2/4 5090/2/4 5092/2/4
f 5092/2/4 5090/2/4 5093/2/4
f 5087/1/4 5091/1/4 5094/1/4
f 5092/1/4 5093/1/4 5095/1/4
f 5095/1/4 5093/1/4 5096/1/4
f 5087/1/4 5094/1/4 5097/1/4
f 5097/1/4 5094/1/4 5098/1/4
f 5095/2/4 5096/2/4 5099/2/4
f 5099/2/4 5096/2/4 5100/2/4
f 5101/3/4 5102/3/4 5107/3/4
f 5107/3/4 5102/3/4 5108/3/4
f 5103/3/4 5104/3/4 5109/3/4
f 5109/3/4 5104/3/4 5110/3/4
f 5105/3/4 5106/3/4 5111/3/4
f 5111/3/4 5106/3/4 5112/3/4
f 5113/2/4 5114/2/4 5118/2/4
f 5118/2/4 5114/2/4 5119/2/4
f 5116/2/4 5117/2/4 5120/2/4
f 5115/2/4 5116/2/4 5120/2/4
f 5120/2/4 5117/2/4 5121/2/4
f 5121/2/4 5117/2/4 5122/2/4
f 5118/1/4 5119/1/4 5123/1/4
f 5123/1/4 5119/1/4 5124/1/4
f 5120/1/4 5121/1/4 5125/1/4
f 5125/1/4 5121/1/4 5126/1/4
f 5127/2/4 5128/2/4 5131/2/4
f 5131/2/4 5128/2/4 5132/2/4
f 5129/2/4 5130/2/4 5133/2/4
f 5133/2/4 5130/2/4 5134/2/4
f 5134/3/4 5135/3/4 5136/3/4
f 5133/3/4 5134/3/4 5136/3/4
f 5132/3/4 5133/3/4 5136/3/4
f 5136/3/4 5135/3/4 5137/3/4
f 5137/3/4 5135/3/4 5138/3/4
f 5138/3/4 5135/3/4 5139/3/4
f 5139/3/4 5135/3/4 5140/3/4
f 5140/3/4 5135/3/4 5141/3/4
f 5141/3/4 5135/3/4 5142/3/4
f 5142/3/4 5135/3/4 5143/3/4
f 5144/3/4 5145/3/4 5152/3/4
f 5150/3/4 5151/3/4 5152/3/4
f 5149/3/4 5150/3/4 5152/3/4
f 5148/3/4 5149/3/4 5152/3/4
f 5147/3/4 5148/3/4 5152/3/4
f 5146/3/4 5147/3/4 5152/3/4
f 5145/3/4 5146/3/4 5152/3/4
f 5152/3/4 5151/3/4 5153/3/4
f 5154/1/4 5155/1/4 5156/1/4
f 5156/1/4 5155/1/4 5157/1/4
f 5158/1/4 5159/1/4 5160/1/4
f 5160/1/4 5159/1/4 5161/1/4
f 5162/1/4 5163/1/4 5164/1/4
f 5164/1/4 5163/1/4 5165/1/4
f 5166/1/4 5167/1/4 5168/1/4
f 5168/1/4 5167/1/4 5169/1/4
f 5170/3/4 5171/3/4 5172/3/4
f 5172/3/4 5171/3/4 5173/3/4
f 5173/3/4 5171/3/4 5174/3/4
f 5174/3/4 5171/3/4 5175/3/4
f 5175/3/4 5171/3/4 5176/3/4
f 5176/3/4 5171/3/4 5177/3/4
f 5177/3/4 5171/3/4 5178/3/4
f 5178/3/4 5171/3/4 5179/3/4
f 5180/3/4 5181/3/4 5189/3/4
f 5186/3/4 5187/3/4 5189/3/4
f 5185/3/4 5186/3/4 5189/3/4
f 5184/3/4 5185/3/4 5189/3/4
f 5183/3/4 5184/3/4 5189/3/4
f 5182/3/4 5183/3/4 5189/3/4
f 5181/3/4 5182/3/4 5189/3/4
f 5189/3/4 5187/3/4 5190/3/4
f 5190/3/4 5187/3/4 5191/3/4
f 5191/3/4 5187/3/4 5192/3/4
f 5188/2/4 5189/2/4 5193/2/4
f 5193/2/4 5189/2/4 5194/2/4
f 5190/2/4 5191/2/4 5195/2/4
f 5195/2/4 5191/2/4 5196/2/4
f 5197/6/4 5198/6/4 5201/6/4
f 5201/6/4 5198/6/4 5202/6/4
f 5199/6/4 5200/6/4 5203/6/4
f 5203/6/4 5200/6/4 5204/6/4
f 5205/3/4 5206/3/4 5213/3/4
f 5213/3/4 5206/3/4 5214/3/4
f 5207/3/4 5208/3/4 5215/3/4
f 5215/3/4 5208/3/4 5216/3/4
f 5209/3/4 5210/3/4 5217/3/4
f 5217/3/4 5210/3/4 5218/3/4
f 5211/3/4 5212/3/4 5219/3/4
f 5219/3/4 5212/3/4 5220/3/4
f 5221/2/4 5222/2/4 5223/2/4
f 5223/2/4 5222/2/4 5224/2/4
f 5225/1/4 5226/1/4 5227/1/4
f 5227/1/4 5226/1/4 5228/1/4
f 5229/2/4 5230/2/4 5231/2/4
f 5231/2/4 5230/2/4 5232/2/4
f 5233/3/4 5234/3/4 5241/3/4
f 5241/3/4 5234/3/4 5242/3/4
f 5235/3/4 5236/3/4 5243/3/4
f 5243/3/4 5236/3/4 5244/3/4
f 5237/3/4 5238/3/4 5245/3/4
f 5245/3/4 5238/3/4 5246/3/4
f 5239/3/4 5240/3/4 5247/3/4
f 5247/3/4 5240/3/4 5248/3/4
f 5249/6/4 5250/6/4 5253/6/4
f 5253/6/4 5250/6/4 5254/6/4
f 5251/6/4 5252/6/4 5255/6/4
f 5255/6/4 5252/6/4 5256/6/4
f 5259/2/4 5260/2/4 5263/2/4
f 5263/2/4 5260/2/4 5264/2/4
f 5257/2/4 5258/2/4 5265/2/4
f 5265/2/4 5258/2/4 5266/2/4
f 5261/6/4 5262/6/4 5267/6/4
f 5267/6/4 5262/6/4 5268/6/4
f 5263/2/4 5264/2/4 5269/2/4
f 5269/2/4 5264/2/4 5271/2/4
f 5271/2/4 5264/2/4 5272/2/4
f 5270/3/4 5271/3/4 5273/3/4
f 5271/3/4 5272/3/4 5273/3/4
f 5273/3/4 5272/3/4 5274/3/4
f 5274/3/4 5272/3/4 5275/3/4
f 5275/3/4 5272/3/4 5276/3/4
f 5276/3/4 5272/3/4 5277/3/4
f 5277/3/4 5272/3/4 5278/3/4
f 5278/3/4 5272/3/4 5279/3/4
f 5279/3/4 5272/3/4 5280/3/4
f 5280/3/4 5272/3/4 5281/3/4
f 5282/3/4 5283/3/4 5291/3/4
f 5289/3/4 5290/3/4 5291/3/4
f 5288/3/4 5289/3/4 5291/3/4
f 5287/3/4 5288/3/4 5291/3/4
f 5286/3/4 5287/3/4 5291/3/4
f 5285/3/4 5286/3/4 5291/3/4
f 5284/3/4 5285/3/4 5291/3/4
f 5283/3/4 5284/3/4 5291/3/4
f 5291/3/4 5290/3/4 5292/3/4
f 5293/1/4 5294/1/4 5295/1/4
f 5295/1/4 5294/1/4 5296/1/4
f 5297/2/4 5298/2/4 5299/2/4
f 5299/2/4 5298/2/4 5300/2/4
f 5301/1/4 5302/1/4 5303/1/4
f 5303/1/4 5302/1/4 5304/1/4
f 5305/3/4 5306/3/4 5307/3/4
f 5307/3/4 5306/3/4 5308/3/4
f 5308/3/4 5306/3/4 5309/3/4
f 5309/3/4 5306/3/4 5310/3/4
f 5310/3/4 5306/3/4 5311/3/4
f 5311/3/4 5306/3/4 5312/3/4
f 5312/3/4 5306/3/4 5313/3/4
f 5313/3/4 5306/3/4 5314/3/4
f 5314/3/4 5306/3/4 5315/3/4
f 5316/3/4 5317/3/4 5325/3/4
f 5323/3/4 5324/3/4 5325/3/4
f 5322/3/4 5323/3/4 5325/3/4
f 5321/3/4 5322/3/4 5325/3/4
f 5320/3/4 5321/3/4 5325/3/4
f 5319/3/4 5320/3/4 5325/3/4
f 5318/3/4 5319/3/4 5325/3/4
f 5317/3/4 5318/3/4 5325/3/4
f 5325/3/4 5324/3/4 5326/3/4
f 5326/3/4 5324/3/4 5327/3/4
f 5326/2/4 5327/2/4 5330/2/4
f 5328/6/4 5329/6/4 5333/6/4
f 5333/6/4 5329/6/4 5334/6/4
f 5330/2/4 5327/2/4 5335/2/4
f 5335/2/4 5327/2/4 5336/2/4
f 5331/2/4 5332/2/4 5337/2/4
f 5337/2/4 5332/2/4 5338/2/4
f 5335/2/4 5336/2/4 5339/2/4
f 5339/2/4 5336/2/4 5340/2/4
f 5341/6/4 5342/6/4 5347/6/4
f 5347/6/4 5342/6/4 5348/6/4
f 5345/2/4 5346/2/4 5349/2/4
f 5349/2/4 5346/2/4 5350/2/4
f 5343/2/4 5344/2/4 5351/2/4
f 5351/2/4 5344/2/4 5352/2/4
f 5353/7/4 5354/7/4 5359/7/4
f 5359/7/4 5354/7/4 5360/7/4
f 5355/6/4 5356/6/4 5361/6/4
f 5361/6/4 5356/6/4 5362/6/4
f 5357/6/4 5358/6/4 5363/6/4
f 5363/6/4 5358/6/4 5364/6/4
f 5365/2/4 5366/2/4 5367/2/4
f 5367/2/4 5366/2/4 5368/2/4
f 5373/7/4 5374/7/4 5375/7/4
f 5375/7/4 5374/7/4 5376/7/4
f 5369/6/4 5370/6/4 5377/6/4
f 5377/6/4 5370/6/4 5378/6/4
f 5371/6/4 5372/6/4 5379/6/4
f 5379/6/4 5372/6/4 5380/6/4
f 5381/2/4 5382/2/4 5387/2/4
f 5387/2/4 5382/2/4 5388/2/4
f 5385/6/4 5386/6/4 5389/6/4
f 5389/6/4 5386/6/4 5390/6/4
f 5383/2/4 5384/2/4 5391/2/4
f 5391/2/4 5384/2/4 5392/2/4
f 5395/2/4 5396/2/4 5399/2/4
f 5393/2/4 5394/2/4 5400/2/4
f 5400/2/4 5394/2/4 5401/2/4
f 5399/2/4 5396/2/4 5402/2/4
f 5402/2/4 5396/2/4 5403/2/4
f 5397/6/4 5398/6/4 5404/6/4
f 5404/6/4 5398/6/4 5405/6/4
f 5406/3/4 5407/3/4 5409/3/4
f 5407/3/4 5408/3/4 5409/3/4
f 5409/3/4 5408/3/4 5410/3/4
f 5410/3/4 5408/3/4 5411/3/4
f 5412/1/4 5413/1/4 5414/1/4
f 5414/1/4 5413/1/4 5415/1/4
f 5416/2/4 5417/2/4 5418/2/4
f 5418/2/4 5417/2/4 5419/2/4
f 5420/2/4 5421/2/4 5424/2/4
f 5424/2/4 5421/2/4 5425/2/4
f 5422/2/4 5423/2/4 5426/2/4
f 5426/2/4 5423/2/4 5427/2/4
f 5428/1/4 5429/1/4 5430/1/4
f 5430/1/4 5429/1/4 5431/1/4
f 5432/3/4 5433/3/4 5435/3/4
f 5433/3/4 5434/3/4 5435/3/4
f 5435/3/4 5434/3/4 5436/3/4
f 5436/3/4 5434/3/4 5437/3/4
f 5438/6/4 5439/6/4 5444/6/4
f 5444/6/4 5439/6/4 5445/6/4
f 5442/2/4 5443/2/4 5446/2/4
f 5440/2/4 5441/2/4 5447/2/4
f 5447/2/4 5441/2/4 5448/2/4
f 5446/2/4 5443/2/4 5449/2/4
f 5449/2/4 5443/2/4 5450/2/4
f 5451/6/4 5452/6/4 5455/6/4
f 5451/6/4 5455/6/4 5457/6/4
f 5455/2/4 5456/2/4 5458/2/4
f 5457/6/4 5455/6/4 5458/6/4
f 5453/2/4 5454/2/4 5459/2/4
f 5459/2/4 5454/2/4 5460/2/4
f 5458/2/4 5456/2/4 5461/2/4
f 5461/2/4 5456/2/4 5462/2/4
f 5463/3/4 5464/3/4 5471/3/4
f 5471/3/4 5464/3/4 5472/3/4
f 5465/3/4 5466/3/4 5473/3/4
f 5473/3/4 5466/3/4 5474/3/4
f 5467/3/4 5468/3/4 5475/3/4
f 5475/3/4 5468/3/4 5476/3/4
f 5469/3/4 5470/3/4 5477/3/4
f 5477/3/4 5470/3/4 5478/3/4
f 5479/1/4 5480/1/4 5481/1/4
f 5481/1/4 5480/1/4 5482/1/4
f 5483/1/4 5484/1/4 5485/1/4
f 5485/1/4 5484/1/4 5486/1/4
f 5487/2/4 5488/2/4 5489/2/4
f 5489/2/4 5488/2/4 5490/2/4
f 5491/2/4 5492/2/4 5493/2/4
f 5493/2/4 5492/2/4 5494/2/4
f 5495/1/4 5496/1/4 5497/1/4
f 5497/1/4 5496/1/4 5498/1/4
f 5499/1/4 5500/1/4 5501/1/4
f 5501/1/4 5500/1/4 5502/1/4
f 5503/3/4 5504/3/4 5511/3/4
f 5511/3/4 5504/3/4 5512/3/4
f 5505/3/4 5506/3/4 5513/3/4
f 5513/3/4 5506/3/4 5514/3/4
f 5507/3/4 5508/3/4 5515/3/4
f 5515/3/4 5508/3/4 5516/3/4
f 5509/3/4 5510/3/4 5517/3/4
f 5517/3/4 5510/3/4 5518/3/4
f 5521/2/4 5522/2/4 5524/2/4
f 5519/2/4 5520/2/4 5525/2/4
f 5525/2/4 5520/2/4 5526/2/4
f 5523/6/4 5524/6/4 5527/6/4
f 5524/2/4 5522/2/4 5527/2/4
f 5527/2/4 5522/2/4 5528/2/4
f 5523/6/4 5527/6/4 5529/6/4
f 5529/6/4 5527/6/4 5530/6/4
f 5531/2/4 5532/2/4 5533/2/4
f 5533/2/4 5532/2/4 5534/2/4
f 5535/3/4 5536/3/4 5537/3/4
f 5537/3/4 5536/3/4 5538/3/4
f 5538/3/4 5536/3/4 5539/3/4
f 5539/3/4 5536/3/4 5540/3/4
f 5540/3/4 5536/3/4 5541/3/4
f 5541/3/4 5536/3/4 5542/3/4
f 5542/3/4 5536/3/4 5543/3/4
f 5543/3/4 5536/3/4 5544/3/4
f 5544/3/4 5536/3/4 5545/3/4
f 5546/3/4 5547/3/4 5555/3/4
f 5553/3/4 5554/3/4 5555/3/4
f 5552/3/4 5553/3/4 5555/3/4
f 5551/3/4 5552/3/4 5555/3/4
f 5550/3/4 5551/3/4 5555/3/4
f 5549/3/4 5550/3/4 5555/3/4
f 5548/3/4 5549/3/4 5555/3/4
f 5547/3/4 5548/3/4 5555/3/4
f 5555/3/4 5554/3/4 5556/3/4
f 5556/3/4 5554/3/4 5557/3/4
f 5560/1/4 5561/1/4 5562/1/4
f 5562/1/4 5561/1/4 5563/1/4
f 5558/2/4 5559/2/4 5564/2/4
f 5564/2/4 5559/2/4 5565/2/4
f 5566/2/4 5567/2/4 5568/2/4
f 5568/2/4 5567/2/4 5569/2/4
f 5566/2/4 5568/2/4 5570/2/4
f 5568/5/4 5569/5/4 5571/5/4
f 5570/2/4 5568/2/4 5571/2/4
f 5569/2/4 5567/2/4 5572/2/4
f 5571/5/4 5569/5/4 5572/5/4
f 5572/2/4 5567/2/4 5573/2/4
f 5574/2/4 5575/2/4 5578/2/4
f 5575/5/4 5576/5/4 5578/5/4
f 5576/2/4 5577/2/4 5579/2/4
f 5578/5/4 5576/5/4 5579/5/4
f 5574/2/4 5578/2/4 5582/2/4
f 5578/2/4 5579/2/4 5582/2/4
f 5579/2/4 5577/2/4 5583/2/4
f 5582/2/4 5579/2/4 5583/2/4
f 5580/2/4 5581/2/4 5586/2/4
f 5586/2/4 5581/2/4 5587/2/4
f 5584/1/4 5585/1/4 5588/1/4
f 5588/1/4 5585/1/4 5589/1/4
f 5590/3/4 5591/3/4 5593/3/4
f 5591/3/4 5592/3/4 5593/3/4
f 5593/3/4 5592/3/4 5594/3/4
f 5594/3/4 5592/3/4 5595/3/4
f 5595/3/4 5592/3/4 5596/3/4
f 5596/3/4 5592/3/4 5597/3/4
f 5597/3/4 5592/3/4 5598/3/4
f 5598/3/4 5592/3/4 5599/3/4
f 5599/3/4 5592/3/4 5600/3/4
f 5600/3/4 5592/3/4 5601/3/4
f 5602/3/4 5603/3/4 5613/3/4
f 5603/3/4 5604/3/4 5613/3/4
f 5609/3/4 5610/3/4 5613/3/4
f 5608/3/4 5609/3/4 5613/3/4
f 5607/3/4 5608/3/4 5613/3/4
f 5606/3/4 5607/3/4 5613/3/4
f 5605/3/4 5606/3/4 5613/3/4
f 5604/3/4 5605/3/4 5613/3/4
f 5613/3/4 5610/3/4 5614/3/4
f 5611/2/4 5612/2/4 5615/2/4
f 5615/2/4 5612/2/4 5616/2/4
f 5617/2/4 5618/2/4 5619/2/4
f 5619/2/4 5618/2/4 5620/2/4
f 5621/6/4 5622/6/4 5625/6/4
f 5625/6/4 5622/6/4 5626/6/4
f 5623/6/4 5624/6/4 5627/6/4
f 5627/6/4 5624/6/4 5628/6/4
f 5629/3/4 5630/3/4 5637/3/4
f 5637/3/4 5630/3/4 5638/3/4
f 5631/3/4 5632/3/4 5639/3/4
f 5639/3/4 5632/3/4 5640/3/4
f 5633/3/4 5634/3/4 5641/3/4
f 5641/3/4 5634/3/4 5642/3/4
f 5635/3/4 5636/3/4 5643/3/4
f 5643/3/4 5636/3/4 5644/3/4
f 5645/2/4 5646/2/4 5649/2/4
f 5649/2/4 5646/2/4 5650/2/4
f 5647/1/4 5648/1/4 5651/1/4
f 5651/1/4 5648/1/4 5652/1/4
f 5655/1/4 5656/1/4 5657/1/4
f 5657/1/4 5656/1/4 5658/1/4
f 5653/2/4 5654/2/4 5659/2/4
f 5659/2/4 5654/2/4 5660/2/4
f 5661/3/4 5662/3/4 5669/3/4
f 5669/3/4 5662/3/4 5670/3/4
f 5663/3/4 5664/3/4 5671/3/4
f 5671/3/4 5664/3/4 5672/3/4
f 5665/3/4 5666/3/4 5673/3/4
f 5673/3/4 5666/3/4 5674/3/4
f 5667/3/4 5668/3/4 5675/3/4
f 5675/3/4 5668/3/4 5676/3/4
f 5677/6/4 5678/6/4 5681/6/4
f 5681/6/4 5678/6/4 5682/6/4
f 5679/6/4 5680/6/4 5683/6/4
f 5683/6/4 5680/6/4 5684/6/4
f 5685/2/4 5686/2/4 5687/2/4
f 5687/2/4 5686/2/4 5688/2/4
f 5691/2/4 5692/2/4 5695/2/4
f 5689/2/4 5690/2/4 5696/2/4
f 5696/2/4 5690/2/4 5697/2/4
f 5695/2/4 5692/2/4 5698/2/4
f 5698/2/4 5692/2/4 5699/2/4
f 5693/6/4 5694/6/4 5700/6/4
f 5700/6/4 5694/6/4 5701/6/4
f 5702/3/4 5703/3/4 5705/3/4
f 5703/3/4 5704/3/4 5705/3/4
f 5705/3/4 5704/3/4 5706/3/4
f 5706/3/4 5704/3/4 5707/3/4
f 5707/3/4 5704/3/4 5708/3/4
f 5708/3/4 5704/3/4 5709/3/4
f 5709/3/4 5704/3/4 5710/3/4
f 5710/3/4 5704/3/4 5711/3/4
f 5711/3/4 5704/3/4 5712/3/4
f 5712/3/4 5704/3/4 5713/3/4
f 5714/3/4 5715/3/4 5725/3/4
f 5715/3/4 5716/3/4 5725/3/4
f 5721/3/4 5722/3/4 5725/3/4
f 5720/3/4 5721/3/4 5725/3/4
f 5719/3/4 5720/3/4 5725/3/4
f 5718/3/4 5719/3/4 5725/3/4
f 5717/3/4 5718/3/4 5725/3/4
f 5716/3/4 5717/3/4 5725/3/4
f 5725/3/4 5722/3/4 5726/3/4
f 5723/7/4 5724/7/4 5727/7/4
f 5727/7/4 5724/7/4 5728/7/4
f 5729/2/4 5730/2/4 5731/2/4
f 5731/2/4 5730/2/4 5732/2/4
f 5733/2/4 5734/2/4 5735/2/4
f 5735/2/4 5734/2/4 5736/2/4
f 5737/7/4 5738/7/4 5739/7/4
f 5739/7/4 5738/7/4 5740/7/4
f 5741/3/4 5742/3/4 5743/3/4
f 5743/3/4 5742/3/4 5744/3/4
f 5744/3/4 5742/3/4 5745/3/4
f 5745/3/4 5742/3/4 5746/3/4
f 5746/3/4 5742/3/4 5747/3/4
f 5747/3/4 5742/3/4 5748/3/4
f 5748/3/4 5742/3/4 5749/3/4
f 5749/3/4 5742/3/4 5750/3/4
f 5750/3/4 5742/3/4 5751/3/4
f 5752/3/4 5753/3/4 5761/3/4
f 5759/3/4 5760/3/4 5761/3/4
f 5758/3/4 5759/3/4 5761/3/4
f 5757/3/4 5758/3/4 5761/3/4
f 5756/3/4 5757/3/4 5761/3/4
f 5755/3/4 5756/3/4 5761/3/4
f 5754/3/4 5755/3/4 5761/3/4
f 5753/3/4 5754/3/4 5761/3/4
f 5761/3/4 5760/3/4 5762/3/4
f 5762/3/4 5760/3/4 5763/3/4
f 5764/6/4 5765/6/4 5770/6/4
f 5770/6/4 5765/6/4 5771/6/4
f 5768/2/4 5769/2/4 5772/2/4
f 5766/2/4 5767/2/4 5773/2/4
f 5773/2/4 5767/2/4 5774/2/4
f 5772/2/4 5769/2/4 5775/2/4
f 5775/2/4 5769/2/4 5776/2/4
f 5777/6/4 5778/6/4 5781/6/4
f 5777/6/4 5781/6/4 5783/6/4
f 5781/2/4 5782/2/4 5784/2/4
f 5783/6/4 5781/6/4 5784/6/4
f 5779/2/4 5780/2/4 5785/2/4
f 5785/2/4 5780/2/4 5786/2/4
f 5784/2/4 5782/2/4 5787/2/4
f 5787/2/4 5782/2/4 5788/2/4
f 5789/6/4 5790/6/4 5793/6/4
f 5793/6/4 5790/6/4 5794/6/4
f 5791/6/4 5792/6/4 5795/6/4
f 5795/6/4 5792/6/4 5796/6/4
f 5797/6/4 5798/6/4 5801/6/4
f 5801/6/4 5798/6/4 5802/6/4
f 5799/6/4 5800/6/4 5803/6/4
f 5803/6/4 5800/6/4 5804/6/4
f 5807/2/4 5808/2/4 5810/2/4
f 5805/2/4 5806/2/4 5811/2/4
f 5811/2/4 5806/2/4 5812/2/4
f 5809/6/4 5810/6/4 5813/6/4
f 5810/2/4 5808/2/4 5813/2/4
f 5813/2/4 5808/2/4 5814/2/4
f 5809/6/4 5813/6/4 5815/6/4
f 5815/6/4 5813/6/4 5816/6/4
f 5819/2/4 5820/2/4 5823/2/4
f 5817/2/4 5818/2/4 5824/2/4
f 5824/2/4 5818/2/4 5825/2/4
f 5823/2/4 5820/2/4 5826/2/4
f 5826/2/4 5820/2/4 5827/2/4
f 5821/6/4 5822/6/4 5828/6/4
f 5828/6/4 5822/6/4 5829/6/4
f 5830/3/4 5831/3/4 5832/3/4
f 5832/3/4 5831/3/4 5833/3/4
f 5833/3/4 5831/3/4 5834/3/4
f 5834/3/4 5831/3/4 5835/3/4
f 5830/3/4 5832/3/4 5836/3/4
f 5832/5/4 5833/5/4 5836/5/4
f 5833/3/4 5834/3/4 5837/3/4
f 5836/5/4 5833/5/4 5837/5/4
f 5834/5/4 5835/5/4 5838/5/4
f 5837/3/4 5834/3/4 5838/3/4
f 5835/3/4 5831/3/4 5839/3/4
f 5838/5/4 5835/5/4 5839/5/4
f 5837/3/4 5838/3/4 5840/3/4
f 5836/3/4 5837/3/4 5840/3/4
f 5838/3/4 5839/3/4 5840/3/4
f 5830/3/4 5836/3/4 5840/3/4
f 5839/3/4 5831/3/4 5841/3/4
f 5840/3/4 5839/3/4 5841/3/4
f 5842/3/4 5843/3/4 5844/3/4
f 5844/3/4 5843/3/4 5845/3/4
f 5845/3/4 5843/3/4 5846/3/4
f 5846/3/4 5843/3/4 5847/3/4
f 5842/3/4 5844/3/4 5848/3/4
f 5844/5/4 5845/5/4 5848/5/4
f 5845/3/4 5846/3/4 5849/3/4
f 5848/5/4 5845/5/4 5849/5/4
f 5846/5/4 5847/5/4 5850/5/4
f 5849/3/4 5846/3/4 5850/3/4
f 5847/3/4 5843/3/4 5851/3/4
f 5850/5/4 5847/5/4 5851/5/4
f 5849/3/4 5850/3/4 5852/3/4
f 5848/3/4 5849/3/4 5852/3/4
f 5850/3/4 5851/3/4 5852/3/4
f 5842/3/4 5848/3/4 5852/3/4
f 5851/3/4 5843/3/4 5853/3/4
f 5852/3/4 5851/3/4 5853/3/4
f 5854/6/4 5855/6/4 5860/6/4
f 5860/6/4 5855/6/4 5861/6/4
f 5858/2/4 5859/2/4 5862/2/4
f 5856/2/4 5857/2/4 5863/2/4
f 5863/2/4 5857/2/4 5864/2/4
f 5862/2/4 5859/2/4 5865/2/4
f 5865/2/4 5859/2/4 5866/2/4
f 5867/6/4 5868/6/4 5871/6/4
f 5867/6/4 5871/6/4 5873/6/4
f 5871/2/4 5872/2/4 5874/2/4
f 5873/6/4 5871/6/4 5874/6/4
f 5869/2/4 5870/2/4 5875/2/4
f 5875/2/4 5870/2/4 5876/2/4
f 5874/2/4 5872/2/4 5877/2/4
f 5877/2/4 5872/2/4 5878/2/4
f 5879/2/4 5880/2/4 5881/2/4
f 5881/2/4 5880/2/4 5882/2/4
f 5882/2/4 5883/2/4 5884/2/4
f 5884/2/4 5883/2/4 5885/2/4
f 5885/1/4 5886/1/4 5888/1/4
f 5888/1/4 5886/1/4 5889/1/4
f 5887/2/4 5888/2/4 5891/2/4
f 5891/2/4 5888/2/4 5892/2/4
f 5890/2/4 5891/2/4 5893/2/4
f 5893/2/4 5891/2/4 5894/2/4
f 5897/2/4 5898/2/4 5900/2/4
f 5895/2/4 5896/2/4 5901/2/4
f 5901/2/4 5896/2/4 5902/2/4
f 5899/6/4 5900/6/4 5903/6/4
f 5900/2/4 5898/2/4 5903/2/4
f 5903/2/4 5898/2/4 5904/2/4
f 5899/6/4 5903/6/4 5905/6/4
f 5905/6/4 5903/6/4 5906/6/4
f 5909/2/4 5910/2/4 5911/2/4
f 5907/2/4 5908/2/4 5912/2/4
f 5912/2/4 5908/2/4 5913/2/4
f 5909/2/4 5911/2/4 5914/2/4
f 5914/2/4 5911/2/4 5915/2/4
f 5915/2/4 5916/2/4 5917/2/4
f 5917/2/4 5916/2/4 5918/2/4
f 5919/2/4 5920/2/4 5924/2/4
f 5924/2/4 5920/2/4 5925/2/4
f 5923/2/4 5924/2/4 5926/2/4
f 5921/2/4 5922/2/4 5927/2/4
f 5927/2/4 5922/2/4 5928/2/4
f 5923/2/4 5926/2/4 5929/2/4
f 5929/2/4 5926/2/4 5930/2/4
f 5933/2/4 5934/2/4 5935/2/4
f 5935/2/4 5934/2/4 5936/2/4
f 5931/2/4 5932/2/4 5937/2/4
f 5937/2/4 5932/2/4 5938/2/4
f 5939/2/4 5940/2/4 5943/2/4
f 5943/2/4 5940/2/4 5944/2/4
f 5941/2/4 5942/2/4 5945/2/4
f 5945/2/4 5942/2/4 5946/2/4
f 5947/2/4 5948/2/4 5951/2/4
f 5949/2/4 5950/2/4 5955/2/4
f 5955/2/4 5950/2/4 5956/2/4
f 5953/2/4 5954/2/4 5959/2/4
f 5957/2/4 5958/2/4 5959/2/4
f 5956/2/4 5957/2/4 5959/2/4
f 5955/2/4 5956/2/4 5959/2/4
f 5954/2/4 5955/2/4 5959/2/4
f 5947/2/4 5951/2/4 5959/2/4
f 5952/2/4 5953/2/4 5959/2/4
f 5951/2/4 5952/2/4 5959/2/4
f 5959/2/4 5958/2/4 5960/2/4
f 5960/2/4 5958/2/4 5961/2/4
f 5962/1/4 5963/1/4 5964/1/4
f 5964/1/4 5963/1/4 5965/1/4
f 5966/1/4 5967/1/4 5968/1/4
f 5968/1/4 5967/1/4 5969/1/4
f 5970/2/4 5971/2/4 5973/2/4
f 5971/2/4 5972/2/4 5973/2/4
f 5973/2/4 5972/2/4 5974/2/4
f 5974/2/4 5972/2/4 5975/2/4
f 5975/2/4 5972/2/4 5976/2/4
f 5976/2/4 5972/2/4 5977/2/4
f 5977/2/4 5972/2/4 5978/2/4
f 5978/2/4 5972/2/4 5979/2/4
f 5979/2/4 5972/2/4 5980/2/4
f 5970/2/4 5973/2/4 5981/2/4
f 5981/2/4 5973/2/4 5982/2/4
f 5977/2/4 5978/2/4 5983/2/4
f 5983/2/4 5978/2/4 5984/2/4
f 5985/2/4 5986/2/4 5988/2/4
f 5986/1/4 5987/1/4 5989/1/4
f 5988/2/4 5986/2/4 5989/2/4
f 5989/1/4 5987/1/4 5990/1/4
f 5991/2/4 5992/2/4 5994/2/4
f 5992/1/4 5993/1/4 5995/1/4
f 5994/2/4 5992/2/4 5995/2/4
f 5995/1/4 5993/1/4 5996/1/4
f 5997/1/4 5998/1/4 5999/1/4
f 5999/1/4 5998/1/4 6000/1/4
f 6001/1/4 6002/1/4 6003/1/4
f 6003/1/4 6002/1/4 6004/1/4
f 6004/1/4 6002/1/4 6005/1/4
f 6005/1/4 6002/1/4 6006/1/4
f 6007/1/4 6008/1/4 6009/1/4
f 6009/1/4 6008/1/4 6010/1/4
f 6011/1/4 6012/1/4 6013/1/4
f 6013/1/4 6012/1/4 6014/1/4
f 6015/3/4 6016/3/4 6017/3/4
f 6017/3/4 6016/3/4 6018/3/4
f 6015/3/4 6017/3/4 6019/3/4
f 6018/3/4 6016/3/4 6020/3/4
f 6015/3/4 6019/3/4 6021/3/4
f 6019/3/4 6020/3/4 6021/3/4
f 6020/3/4 6016/3/4 6022/3/4
f 6021/3/4 6020/3/4 6022/3/4
f 6023/1/4 6024/1/4 6025/1/4
f 6025/1/4 6024/1/4 6026/1/4
f 6027/1/4 6028/1/4 6030/1/4
f 6030/1/4 6028/1/4 6031/1/4
f 6029/1/4 6030/1/4 6032/1/4
f 6032/1/4 6030/1/4 6033/1/4
f 6034/2/4 6035/2/4 6039/2/4
f 6037/3/4 6038/3/4 6040/3/4
f 6039/2/4 6035/2/4 6040/2/4
f 6035/3/4 6036/3/4 6040/3/4
f 6036/3/4 6037/3/4 6040/3/4
f 6040/3/4 6038/3/4 6043/3/4
f 6043/3/4 6038/3/4 6044/3/4
f 6041/2/4 6042/2/4 6045/2/4
f 6045/2/4 6042/2/4 6046/2/4
f 6040/3/4 6043/3/4 6049/3/4
f 6049/3/4 6043/3/4 6050/3/4
f 6044/3/4 6038/3/4 6051/3/4
f 6051/3/4 6038/3/4 6052/3/4
f 6047/2/4 6048/2/4 6053/2/4
f 6053/2/4 6048/2/4 6054/2/4
f 6052/3/4 6038/3/4 6058/3/4
f 6055/3/4 6056/3/4 6059/3/4
f 6057/3/4 6058/3/4 6060/3/4
f 6055/3/4 6059/3/4 6064/3/4
f 6059/3/4 6060/3/4 6064/3/4
f 6061/2/4 6062/2/4 6065/2/4
f 6065/2/4 6062/2/4 6066/2/4
f 6063/2/4 6064/2/4 6067/2/4
f 6064/3/4 6060/3/4 6068/3/4
f 6067/2/4 6064/2/4 6068/2/4
f 6068/3/4 6060/3/4 6069/3/4
f 6069/3/4 6060/3/4 6070/3/4
f 6058/3/4 6038/3/4 6071/3/4
f 6070/3/4 6060/3/4 6071/3/4
f 6060/3/4 6058/3/4 6071/3/4
f 6072/1/4 6073/1/4 6074/1/4
f 6074/1/4 6073/1/4 6075/1/4
f 6075/1/4 6076/1/4 6077/1/4
f 6077/1/4 6076/1/4 6078/1/4
f 6079/1/4 6080/1/4 6081/1/4
f 6081/1/4 6080/1/4 6082/1/4
f 6083/2/4 6084/2/4 6085/2/4
f 6085/2/4 6084/2/4 6086/2/4
f 6087/2/4 6088/2/4 6089/2/4
f 6089/2/4 6088/2/4 6090/2/4
f 6090/2/4 6091/2/4 6093/2/4
f 6093/2/4 6091/2/4 6094/2/4
f 6092/2/4 6093/2/4 6095/2/4
f 6095/2/4 6093/2/4 6096/2/4
f 6097/2/4 6098/2/4 6099/2/4
f 6099/2/4 6098/2/4 6100/2/4
f 6101/1/4 6102/1/4 6103/1/4
f 6103/1/4 6102/1/4 6104/1/4
f 6105/7/4 6106/7/4 6107/7/4
f 6107/7/4 6106/7/4 6108/7/4
f 6109/2/4 6110/2/4 6113/2/4
f 6113/2/4 6110/2/4 6114/2/4
f 6111/2/4 6112/2/4 6115/2/4
f 6115/2/4 6112/2/4 6116/2/4
f 6117/2/4 6118/2/4 6121/2/4
f 6121/2/4 6118/2/4 6122/2/4
f 6119/2/4 6120/2/4 6123/2/4
f 6123/2/4 6120/2/4 6124/2/4
f 6123/1/4 6124/1/4 6125/1/4
f 6125/1/4 6124/1/4 6126/1/4
f 6125/2/4 6126/2/4 6127/2/4
f 6127/2/4 6126/2/4 6128/2/4
f 6127/1/4 6128/1/4 6131/1/4
f 6131/1/4 6128/1/4 6132/1/4
f 6131/2/4 6132/2/4 6133/2/4
f 6133/2/4 6132/2/4 6134/2/4
f 6129/2/4 6130/2/4 6135/2/4
f 6135/2/4 6130/2/4 6136/2/4
f 6137/2/4 6138/2/4 6141/2/4
f 6141/2/4 6138/2/4 6142/2/4
f 6139/2/4 6140/2/4 6143/2/4
f 6143/2/4 6140/2/4 6144/2/4
f 6145/7/4 6146/7/4 6147/7/4
f 6147/7/4 6146/7/4 6148/7/4
f 6149/2/4 6150/2/4 6154/2/4
f 6150/1/4 6151/1/4 6155/1/4
f 6154/2/4 6150/2/4 6155/2/4
f 6155/1/4 6151/1/4 6156/1/4
f 6152/2/4 6153/2/4 6157/2/4
f 6157/2/4 6153/2/4 6158/2/4
f 6161/3/4 6162/3/4 6164/3/4
f 6164/3/4 6162/3/4 6165/3/4
f 6159/2/4 6160/2/4 6167/2/4
f 6167/2/4 6160/2/4 6168/2/4
f 6167/1/4 6168/1/4 6169/1/4
f 6169/1/4 6168/1/4 6170/1/4
f 6169/2/4 6170/2/4 6171/2/4
f 6171/2/4 6170/2/4 6172/2/4
f 6163/3/4 6164/3/4 6173/3/4
f 6173/3/4 6164/3/4 6174/3/4
f 6165/3/4 6166/3/4 6175/3/4
f 6175/3/4 6166/3/4 6176/3/4
f 6171/1/4 6172/1/4 6177/1/4
f 6177/1/4 6172/1/4 6178/1/4
f 6174/3/4 6175/3/4 6179/3/4
f 6179/3/4 6175/3/4 6180/3/4
f 6177/2/4 6178/2/4 6181/2/4
f 6181/2/4 6178/2/4 6182/2/4
f 6183/2/4 6184/2/4 6188/2/4
f 6184/1/4 6185/1/4 6189/1/4
f 6188/2/4 6184/2/4 6189/2/4
f 6189/1/4 6185/1/4 6190/1/4
f 6186/2/4 6187/2/4 6191/2/4
f 6191/2/4 6187/2/4 6192/2/4
f 6193/1/4 6194/1/4 6195/1/4
f 6195/1/4 6194/1/4 6196/1/4
f 6197/2/4 6198/2/4 6199/2/4
f 6199/2/4 6198/2/4 6200/2/4
f 6201/3/4 6202/3/4 6203/3/4
f 6203/3/4 6202/3/4 6204/3/4
f 6201/3/4 6203/3/4 6205/3/4
f 6204/3/4 6202/3/4 6206/3/4
f 6201/3/4 6205/3/4 6207/3/4
f 6205/3/4 6206/3/4 6207/3/4
f 6206/3/4 6202/3/4 6208/3/4
f 6207/3/4 6206/3/4 6208/3/4
f 6209/2/4 6210/2/4 6213/2/4
f 6213/2/4 6210/2/4 6214/2/4
f 6211/1/4 6212/1/4 6215/1/4
f 6215/1/4 6212/1/4 6216/1/4
f 6217/1/4 6218/1/4 6219/1/4
f 6219/1/4 6218/1/4 6220/1/4
f 6221/1/4 6222/1/4 6223/1/4
f 6223/1/4 6222/1/4 6224/1/4
f 6225/2/4 6226/2/4 6228/2/4
f 6226/7/4 6227/7/4 6229/7/4
f 6228/2/4 6226/2/4 6229/2/4
f 6229/7/4 6227/7/4 6230/7/4
f 6231/3/4 6232/3/4 6234/3/4
f 6234/3/4 6232/3/4 6235/3/4
f 6233/3/4 6234/3/4 9291/3/4 9292/3/4
f 6237/3/4 9281/3/4 9283/3/4 6238/3/4
f 6235/3/4 6236/3/4 9294/3/4 9295/3/4
f 6239/3/4 9284/3/4 9286/3/4 6240/3/4
f 6238/3/4 6239/3/4 6241/3/4
f 6241/3/4 6239/3/4 6242/3/4
f 6243/2/4 6244/2/4 6246/2/4
f 6244/7/4 6245/7/4 6247/7/4
f 6246/2/4 6244/2/4 6247/2/4
f 6247/7/4 6245/7/4 6248/7/4
f 6253/1/5 6250/1/5 6249/1/5
f 6254/1/5 6250/1/5 6253/1/5
f 6255/1/5 6252/1/5 6251/1/5
f 6256/1/5 6252/1/5 6255/1/5
f 6257/7/5 6254/7/5 6253/7/5
f 6258/7/5 6254/7/5 6257/7/5
f 6259/7/5 6256/7/5 6255/7/5
f 6260/7/5 6256/7/5 6259/7/5
f 6265/1/5 6262/1/5 6261/1/5
f 6266/1/5 6262/1/5 6265/1/5
f 6267/1/5 6264/1/5 6263/1/5
f 6268/1/5 6264/1/5 6267/1/5
f 6273/1/5 6270/1/5 6269/1/5
f 6274/1/5 6270/1/5 6273/1/5
f 6275/1/5 6272/1/5 6271/1/5
f 6276/1/5 6272/1/5 6275/1/5
f 6287/1/5 6278/1/5 6277/1/5
f 6288/2/5 6279/2/5 6278/2/5
f 6288/1/5 6278/1/5 6287/1/5
f 6289/2/5 6279/2/5 6288/2/5
f 6290/2/5 6281/2/5 6280/2/5
f 6291/1/5 6282/1/5 6281/1/5
f 6291/2/5 6281/2/5 6290/2/5
f 6292/1/5 6282/1/5 6291/1/5
f 6293/1/5 6284/1/5 6283/1/5
f 6294/1/5 6284/1/5 6293/1/5
f 6295/1/5 6286/1/5 6285/1/5
f 6296/1/5 6286/1/5 6295/1/5
f 6297/7/5 6294/7/5 6293/7/5
f 6298/7/5 6294/7/5 6297/7/5
f 6299/7/5 6296/7/5 6295/7/5
f 6300/7/5 6296/7/5 6299/7/5
f 6306/2/5 6302/2/5 6301/2/5
f 6307/2/5 6304/2/5 6303/2/5
f 6310/2/5 6306/2/5 6305/2/5
f 6311/2/5 6308/2/5 6307/2/5
f 6313/2/5 6310/2/5 6309/2/5
f 6313/2/5 6302/2/5 6306/2/5
f 6313/2/5 6306/2/5 6310/2/5
f 6314/2/5 6302/2/5 6313/2/5
f 6315/2/5 6312/2/5 6311/2/5
f 6315/2/5 6311/2/5 6307/2/5
f 6315/2/5 6307/2/5 6303/2/5
f 6316/2/5 6312/2/5 6315/2/5
f 6318/2/5 6313/2/5 6309/2/5
f 6319/2/5 6302/2/5 6314/2/5
f 6320/2/5 6302/2/5 6319/2/5
f 6321/2/5 6315/2/5 6303/2/5
f 6322/2/5 6315/2/5 6321/2/5
f 6323/2/5 6312/2/5 6316/2/5
f 6325/2/5 6319/2/5 6314/2/5
f 6326/2/5 6319/2/5 6325/2/5
f 6329/2/5 6315/2/5 6322/2/5
f 6330/2/5 6315/2/5 6329/2/5
f 6332/2/5 6318/2/5 6317/2/5
f 6333/2/5 6324/2/5 6323/2/5
f 6336/2/5 6332/2/5 6331/2/5
f 6337/2/5 6334/2/5 6333/2/5
f 6339/2/5 6336/2/5 6335/2/5
f 6340/2/5 6332/2/5 6336/2/5
f 6340/2/5 6336/2/5 6339/2/5
f 6345/2/5 6338/2/5 6337/2/5
f 6345/2/5 6337/2/5 6333/2/5
f 6346/2/5 6338/2/5 6345/2/5
f 6347/2/5 6325/2/5 6314/2/5
f 6348/1/5 6327/1/5 6326/1/5
f 6349/1/5 6327/1/5 6348/1/5
f 6350/1/5 6329/1/5 6328/1/5
f 6351/1/5 6329/1/5 6350/1/5
f 6352/2/5 6315/2/5 6330/2/5
f 6353/2/5 6313/2/5 6318/2/5
f 6353/2/5 6318/2/5 6332/2/5
f 6353/2/5 6332/2/5 6340/2/5
f 6354/2/5 6347/2/5 6314/2/5
f 6354/2/5 6348/2/5 6347/2/5
f 6355/2/5 6352/2/5 6351/2/5
f 6355/2/5 6315/2/5 6352/2/5
f 6356/2/5 6323/2/5 6316/2/5
f 6356/2/5 6333/2/5 6323/2/5
f 6356/2/5 6345/2/5 6333/2/5
f 6357/2/5 6354/2/5 6353/2/5
f 6357/2/5 6348/2/5 6354/2/5
f 6359/1/5 6342/1/5 6341/1/5
f 6360/1/5 6342/1/5 6359/1/5
f 6361/1/5 6344/1/5 6343/1/5
f 6362/1/5 6344/1/5 6361/1/5
f 6364/2/5 6356/2/5 6355/2/5
f 6364/2/5 6355/2/5 6351/2/5
f 6366/2/5 6353/2/5 6340/2/5
f 6366/2/5 6358/2/5 6357/2/5
f 6366/2/5 6357/2/5 6353/2/5
f 6367/2/5 6364/2/5 6363/2/5
f 6367/2/5 6356/2/5 6364/2/5
f 6367/2/5 6345/2/5 6356/2/5
f 6369/2/5 6366/2/5 6365/2/5
f 6370/2/5 6358/2/5 6366/2/5
f 6370/2/5 6366/2/5 6369/2/5
f 6371/2/5 6368/2/5 6367/2/5
f 6371/2/5 6367/2/5 6363/2/5
f 6372/2/5 6368/2/5 6371/2/5
f 6373/2/5 6358/2/5 6370/2/5
f 6374/2/5 6358/2/5 6373/2/5
f 6375/2/5 6371/2/5 6363/2/5
f 6376/2/5 6371/2/5 6375/2/5
f 6377/2/5 6358/2/5 6374/2/5
f 6378/2/5 6358/2/5 6377/2/5
f 6379/2/5 6375/2/5 6363/2/5
f 6380/2/5 6375/2/5 6379/2/5
f 6381/2/5 6358/2/5 6378/2/5
f 6382/2/5 6358/2/5 6381/2/5
f 6383/2/5 6379/2/5 6363/2/5
f 6384/2/5 6379/2/5 6383/2/5
f 6385/2/5 6358/2/5 6382/2/5
f 6386/2/5 6358/2/5 6385/2/5
f 6387/2/5 6383/2/5 6363/2/5
f 6388/2/5 6383/2/5 6387/2/5
f 6389/2/5 6358/2/5 6386/2/5
f 6390/2/5 6358/2/5 6389/2/5
f 6391/2/5 6387/2/5 6363/2/5
f 6392/2/5 6387/2/5 6391/2/5
f 6401/2/5 6394/2/5 6393/2/5
f 6402/7/5 6395/7/5 6394/7/5
f 6402/2/5 6394/2/5 6401/2/5
f 6403/2/5 6396/2/5 6395/2/5
f 6403/7/5 6395/7/5 6402/7/5
f 6404/2/5 6396/2/5 6403/2/5
f 6405/2/5 6398/2/5 6397/2/5
f 6406/7/5 6399/7/5 6398/7/5
f 6406/2/5 6398/2/5 6405/2/5
f 6407/2/5 6400/2/5 6399/2/5
f 6407/7/5 6399/7/5 6406/7/5
f 6408/2/5 6400/2/5 6407/2/5
f 6417/2/5 6410/2/5 6409/2/5
f 6418/2/5 6410/2/5 6417/2/5
f 6419/2/5 6412/2/5 6411/2/5
f 6422/2/5 6414/2/5 6413/2/5
f 6423/2/5 6416/2/5 6415/2/5
f 6424/2/5 6416/2/5 6423/2/5
f 6429/2/5 6426/2/5 6425/2/5
f 6430/2/5 6426/2/5 6429/2/5
f 6431/2/5 6428/2/5 6427/2/5
f 6432/2/5 6428/2/5 6431/2/5
f 6437/2/5 6434/2/5 6433/2/5
f 6438/2/5 6434/2/5 6437/2/5
f 6440/2/5 6420/2/5 6419/2/5
f 6440/2/5 6419/2/5 6411/2/5
f 6441/2/5 6420/2/5 6440/2/5
f 6442/2/5 6422/2/5 6421/2/5
f 6443/2/5 6414/2/5 6422/2/5
f 6443/2/5 6422/2/5 6442/2/5
f 6445/2/5 6436/2/5 6435/2/5
f 6446/2/5 6436/2/5 6445/2/5
f 6450/4/5 6440/4/5 6439/4/5
f 6451/4/5 6440/4/5 6450/4/5
f 6454/4/5 6444/4/5 6443/4/5
f 6455/4/5 6444/4/5 6454/4/5
f 6459/2/5 6448/2/5 6447/2/5
f 6460/2/5 6448/2/5 6459/2/5
f 6461/2/5 6458/2/5 6457/2/5
f 6462/2/5 6458/2/5 6461/2/5
f 6467/1/5 6464/1/5 6463/1/5
f 6468/1/5 6464/1/5 6467/1/5
f 6469/1/5 6466/1/5 6465/1/5
f 6470/1/5 6466/1/5 6469/1/5
f 6471/4/5 6450/4/5 6449/4/5
f 6472/4/5 6450/4/5 6471/4/5
f 6473/1/5 6452/1/5 6451/1/5
f 6474/1/5 6454/1/5 6453/1/5
f 6475/4/5 6456/4/5 6455/4/5
f 6476/4/5 6456/4/5 6475/4/5
f 6477/4/5 6473/4/5 6472/4/5
f 6478/1/5 6452/1/5 6473/1/5
f 6478/4/5 6473/4/5 6477/4/5
f 6479/1/5 6452/1/5 6478/1/5
f 6480/1/5 6474/1/5 6453/1/5
f 6481/4/5 6475/4/5 6474/4/5
f 6481/1/5 6474/1/5 6480/1/5
f 6482/4/5 6475/4/5 6481/4/5
f 6487/2/5 6484/2/5 6483/2/5
f 6488/2/5 6486/2/5 6485/2/5
f 6489/2/5 6484/2/5 6487/2/5
f 6490/2/5 6484/2/5 6489/2/5
f 6491/2/5 6488/2/5 6485/2/5
f 6492/2/5 6488/2/5 6491/2/5
f 6493/2/5 6484/2/5 6490/2/5
f 6494/2/5 6484/2/5 6493/2/5
f 6495/2/5 6491/2/5 6485/2/5
f 6496/2/5 6491/2/5 6495/2/5
f 6501/2/5 6498/2/5 6497/2/5
f 6502/2/5 6498/2/5 6501/2/5
f 6505/2/5 6500/2/5 6499/2/5
f 6506/2/5 6500/2/5 6505/2/5
f 6507/2/5 6503/2/5 6502/2/5
f 6508/2/5 6503/2/5 6507/2/5
f 6511/2/5 6505/2/5 6504/2/5
f 6512/2/5 6505/2/5 6511/2/5
f 6513/2/5 6509/2/5 6508/2/5
f 6516/2/5 6511/2/5 6510/2/5
f 6517/2/5 6514/2/5 6513/2/5
f 6520/2/5 6516/2/5 6515/2/5
f 6521/2/5 6518/2/5 6517/2/5
f 6524/2/5 6520/2/5 6519/2/5
f 6525/2/5 6522/2/5 6521/2/5
f 6528/2/5 6524/2/5 6523/2/5
f 6530/2/5 6526/2/5 6525/2/5
f 6530/2/5 6513/2/5 6508/2/5
f 6530/2/5 6517/2/5 6513/2/5
f 6530/2/5 6521/2/5 6517/2/5
f 6530/2/5 6525/2/5 6521/2/5
f 6531/2/5 6526/2/5 6530/2/5
f 6532/2/5 6526/2/5 6531/2/5
f 6535/2/5 6528/2/5 6527/2/5
f 6536/2/5 6524/2/5 6528/2/5
f 6536/2/5 6511/2/5 6516/2/5
f 6536/2/5 6528/2/5 6535/2/5
f 6536/2/5 6516/2/5 6520/2/5
f 6536/2/5 6520/2/5 6524/2/5
f 6537/2/5 6511/2/5 6536/2/5
f 6539/4/5 6530/4/5 6529/4/5
f 6540/4/5 6530/4/5 6539/4/5
f 6541/2/5 6533/2/5 6532/2/5
f 6541/2/5 6532/2/5 6531/2/5
f 6542/2/5 6533/2/5 6541/2/5
f 6543/2/5 6535/2/5 6534/2/5
f 6543/2/5 6536/2/5 6535/2/5
f 6544/2/5 6536/2/5 6543/2/5
f 6545/4/5 6538/4/5 6537/4/5
f 6546/4/5 6538/4/5 6545/4/5
f 6547/2/5 6533/2/5 6542/2/5
f 6548/2/5 6533/2/5 6547/2/5
f 6549/2/5 6543/2/5 6534/2/5
f 6550/2/5 6543/2/5 6549/2/5
f 6551/2/5 6533/2/5 6548/2/5
f 6554/2/5 6549/2/5 6534/2/5
f 6555/1/5 6541/1/5 6540/1/5
f 6556/1/5 6541/1/5 6555/1/5
f 6557/2/5 6547/2/5 6542/2/5
f 6558/2/5 6543/2/5 6550/2/5
f 6559/1/5 6545/1/5 6544/1/5
f 6560/1/5 6545/1/5 6559/1/5
f 6563/2/5 6557/2/5 6556/2/5
f 6564/2/5 6559/2/5 6558/2/5
f 6567/4/5 6562/4/5 6561/4/5
f 6568/2/5 6563/2/5 6562/2/5
f 6568/4/5 6562/4/5 6567/4/5
f 6569/2/5 6552/2/5 6551/2/5
f 6570/2/5 6554/2/5 6553/2/5
f 6571/4/5 6566/4/5 6565/4/5
f 6571/2/5 6565/2/5 6564/2/5
f 6572/4/5 6566/4/5 6571/4/5
f 6577/6/5 6574/6/5 6573/6/5
f 6578/6/5 6574/6/5 6577/6/5
f 6579/2/5 6563/2/5 6568/2/5
f 6579/2/5 6547/2/5 6557/2/5
f 6579/2/5 6557/2/5 6563/2/5
f 6580/2/5 6570/2/5 6569/2/5
f 6580/2/5 6569/2/5 6551/2/5
f 6580/2/5 6551/2/5 6548/2/5
f 6581/2/5 6570/2/5 6580/2/5
f 6582/2/5 6554/2/5 6570/2/5
f 6582/2/5 6570/2/5 6581/2/5
f 6583/2/5 6549/2/5 6554/2/5
f 6583/2/5 6554/2/5 6582/2/5
f 6584/2/5 6571/2/5 6564/2/5
f 6584/2/5 6558/2/5 6550/2/5
f 6584/2/5 6564/2/5 6558/2/5
f 6585/6/5 6576/6/5 6575/6/5
f 6586/6/5 6576/6/5 6585/6/5
f 6587/6/5 6578/6/5 6577/6/5
f 6588/6/5 6578/6/5 6587/6/5
f 6589/6/5 6586/6/5 6585/6/5
f 6590/6/5 6586/6/5 6589/6/5
f 6591/2/5 6580/2/5 6579/2/5
f 6591/2/5 6581/2/5 6580/2/5
f 6592/2/5 6581/2/5 6591/2/5
f 6593/2/5 6584/2/5 6583/2/5
f 6593/2/5 6583/2/5 6582/2/5
f 6594/2/5 6584/2/5 6593/2/5
f 6595/2/5 6591/2/5 6579/2/5
f 6596/2/5 6591/2/5 6595/2/5
f 6597/2/5 6584/2/5 6594/2/5
f 6598/2/5 6584/2/5 6597/2/5
f 6599/2/5 6579/2/5 6568/2/5
f 6599/2/5 6595/2/5 6579/2/5
f 6600/2/5 6584/2/5 6598/2/5
f 6600/2/5 6571/2/5 6584/2/5
f 6601/2/5 6595/2/5 6599/2/5
f 6602/2/5 6595/2/5 6601/2/5
f 6603/2/5 6600/2/5 6598/2/5
f 6604/2/5 6600/2/5 6603/2/5
f 6605/2/5 6595/2/5 6602/2/5
f 6606/2/5 6595/2/5 6605/2/5
f 6607/2/5 6603/2/5 6598/2/5
f 6608/2/5 6603/2/5 6607/2/5
f 6609/2/5 6595/2/5 6606/2/5
f 6610/2/5 6595/2/5 6609/2/5
f 6611/2/5 6607/2/5 6598/2/5
f 6612/2/5 6607/2/5 6611/2/5
f 6613/2/5 6595/2/5 6610/2/5
f 6614/2/5 6595/2/5 6613/2/5
f 6615/2/5 6611/2/5 6598/2/5
f 6616/2/5 6611/2/5 6615/2/5
f 6629/3/5 6618/3/5 6617/3/5
f 6630/3/5 6618/3/5 6629/3/5
f 6631/2/5 6620/2/5 6619/2/5
f 6632/7/5 6621/7/5 6620/7/5
f 6632/2/5 6620/2/5 6631/2/5
f 6633/2/5 6622/2/5 6621/2/5
f 6633/7/5 6621/7/5 6632/7/5
f 6634/2/5 6622/2/5 6633/2/5
f 6637/2/5 6624/2/5 6623/2/5
f 6638/7/5 6625/7/5 6624/7/5
f 6638/2/5 6624/2/5 6637/2/5
f 6639/2/5 6626/2/5 6625/2/5
f 6639/7/5 6625/7/5 6638/7/5
f 6640/2/5 6626/2/5 6639/2/5
f 6641/3/5 6628/3/5 6627/3/5
f 6642/3/5 6628/3/5 6641/3/5
f 6643/2/5 6635/2/5 6634/2/5
f 6644/2/5 6635/2/5 6643/2/5
f 6647/2/5 6637/2/5 6636/2/5
f 6648/2/5 6637/2/5 6647/2/5
f 6649/2/5 6645/2/5 6644/2/5
f 6650/2/5 6645/2/5 6649/2/5
f 6653/2/5 6647/2/5 6646/2/5
f 6654/2/5 6647/2/5 6653/2/5
f 6655/2/5 6651/2/5 6650/2/5
f 6656/2/5 6651/2/5 6655/2/5
f 6659/2/5 6653/2/5 6652/2/5
f 6660/2/5 6653/2/5 6659/2/5
f 6661/2/5 6657/2/5 6656/2/5
f 6662/2/5 6657/2/5 6661/2/5
f 6663/2/5 6659/2/5 6658/2/5
f 6664/2/5 6659/2/5 6663/2/5
f 6671/2/5 6666/2/5 6665/2/5
f 6672/2/5 6666/2/5 6671/2/5
f 6673/2/5 6668/2/5 6667/2/5
f 6674/2/5 6668/2/5 6673/2/5
f 6677/4/5 6670/4/5 6669/4/5
f 6678/4/5 6670/4/5 6677/4/5
f 6681/4/5 6676/4/5 6675/4/5
f 6682/4/5 6676/4/5 6681/4/5
f 6687/2/5 6684/2/5 6683/2/5
f 6688/2/5 6684/2/5 6687/2/5
f 6689/2/5 6686/2/5 6685/2/5
f 6690/2/5 6686/2/5 6689/2/5
f 6695/3/5 6692/3/5 6691/3/5
f 6696/3/5 6692/3/5 6695/3/5
f 6698/4/5 6679/4/5 6678/4/5
f 6699/4/5 6679/4/5 6698/4/5
f 6700/4/5 6681/4/5 6680/4/5
f 6701/4/5 6681/4/5 6700/4/5
f 6703/3/5 6694/3/5 6693/3/5
f 6704/3/5 6694/3/5 6703/3/5
f 6705/4/5 6698/4/5 6697/4/5
f 6706/4/5 6698/4/5 6705/4/5
f 6709/4/5 6702/4/5 6701/4/5
f 6710/4/5 6702/4/5 6709/4/5
f 6713/1/5 6708/1/5 6707/1/5
f 6714/1/5 6708/1/5 6713/1/5
f 6717/6/5 6712/6/5 6711/6/5
f 6718/6/5 6712/6/5 6717/6/5
f 6719/6/5 6716/6/5 6715/6/5
f 6720/6/5 6716/6/5 6719/6/5
f 6721/6/5 6718/6/5 6717/6/5
f 6722/6/5 6718/6/5 6721/6/5
f 6723/6/5 6720/6/5 6719/6/5
f 6724/6/5 6720/6/5 6723/6/5
f 6727/2/5 6726/2/5 6725/2/5
f 6728/2/5 6726/2/5 6727/2/5
f 6735/2/5 6730/2/5 6729/2/5
f 6736/2/5 6730/2/5 6735/2/5
f 6737/2/5 6732/2/5 6731/2/5
f 6738/2/5 6732/2/5 6737/2/5
f 6741/6/5 6734/6/5 6733/6/5
f 6742/6/5 6734/6/5 6741/6/5
f 6747/6/5 6740/6/5 6739/6/5
f 6748/6/5 6740/6/5 6747/6/5
f 6749/6/5 6742/6/5 6741/6/5
f 6750/6/5 6742/6/5 6749/6/5
f 6751/2/5 6744/2/5 6743/2/5
f 6752/2/5 6744/2/5 6751/2/5
f 6753/2/5 6746/2/5 6745/2/5
f 6754/2/5 6746/2/5 6753/2/5
f 6755/6/5 6748/6/5 6747/6/5
f 6756/6/5 6748/6/5 6755/6/5
f 6761/2/5 6758/2/5 6757/2/5
f 6762/2/5 6758/2/5 6761/2/5
f 6763/2/5 6760/2/5 6759/2/5
f 6764/2/5 6760/2/5 6763/2/5
f 6769/3/5 6766/3/5 6765/3/5
f 6770/3/5 6766/3/5 6769/3/5
f 6775/3/5 6768/3/5 6767/3/5
f 6776/3/5 6768/3/5 6775/3/5
f 6777/3/5 6772/3/5 6771/3/5
f 6778/3/5 6772/3/5 6777/3/5
f 6779/3/5 6774/3/5 6773/3/5
f 6780/3/5 6774/3/5 6779/3/5
f 6785/6/5 6782/6/5 6781/6/5
f 6786/6/5 6782/6/5 6785/6/5
f 6787/6/5 6784/6/5 6783/6/5
f 6788/6/5 6784/6/5 6787/6/5
f 6789/6/5 6786/6/5 6785/6/5
f 6790/6/5 6786/6/5 6789/6/5
f 6793/6/5 6788/6/5 6787/6/5
f 6794/6/5 6788/6/5 6793/6/5
f 6795/2/5 6792/2/5 6791/2/5
f 6796/2/5 6792/2/5 6795/2/5
f 6801/2/5 6798/2/5 6797/2/5
f 6802/2/5 6798/2/5 6801/2/5
f 6803/2/5 6800/2/5 6799/2/5
f 6804/2/5 6800/2/5 6803/2/5
f 6813/6/5 6806/6/5 6805/6/5
f 6814/6/5 6806/6/5 6813/6/5
f 6815/2/5 6808/2/5 6807/2/5
f 6816/2/5 6808/2/5 6815/2/5
f 6817/2/5 6810/2/5 6809/2/5
f 6818/2/5 6810/2/5 6817/2/5
f 6819/6/5 6812/6/5 6811/6/5
f 6820/6/5 6812/6/5 6819/6/5
f 6821/6/5 6814/6/5 6813/6/5
f 6822/6/5 6814/6/5 6821/6/5
f 6823/6/5 6820/6/5 6819/6/5
f 6824/6/5 6820/6/5 6823/6/5
f 6828/2/5 6826/2/5 6825/2/5
f 6829/2/5 6826/2/5 6828/2/5
f 6833/2/5 6828/2/5 6827/2/5
f 6833/2/5 6829/2/5 6828/2/5
f 6833/2/5 6830/2/5 6829/2/5
f 6834/2/5 6830/2/5 6833/2/5
f 6837/2/5 6833/2/5 6827/2/5
f 6838/2/5 6833/2/5 6837/2/5
f 6839/2/5 6830/2/5 6834/2/5
f 6840/2/5 6830/2/5 6839/2/5
f 6841/2/5 6832/2/5 6831/2/5
f 6842/2/5 6832/2/5 6841/2/5
f 6843/2/5 6836/2/5 6835/2/5
f 6844/2/5 6836/2/5 6843/2/5
f 6853/3/5 6846/3/5 6845/3/5
f 6854/3/5 6846/3/5 6853/3/5
f 6855/3/5 6848/3/5 6847/3/5
f 6856/3/5 6848/3/5 6855/3/5
f 6857/3/5 6850/3/5 6849/3/5
f 6858/3/5 6850/3/5 6857/3/5
f 6859/3/5 6852/3/5 6851/3/5
f 6860/3/5 6852/3/5 6859/3/5
f 6865/3/5 6862/3/5 6861/3/5
f 6866/3/5 6864/3/5 6863/3/5
f 6867/3/5 6865/3/5 6861/3/5
f 6868/3/5 6865/3/5 6867/3/5
f 6869/3/5 6864/3/5 6866/3/5
f 6870/3/5 6864/3/5 6869/3/5
f 6875/6/5 6872/6/5 6871/6/5
f 6876/6/5 6872/6/5 6875/6/5
f 6877/6/5 6874/6/5 6873/6/5
f 6878/6/5 6874/6/5 6877/6/5
f 6879/6/5 6876/6/5 6875/6/5
f 6880/6/5 6876/6/5 6879/6/5
f 6881/6/5 6878/6/5 6877/6/5
f 6882/6/5 6878/6/5 6881/6/5
f 6887/6/5 6884/6/5 6883/6/5
f 6888/6/5 6884/6/5 6887/6/5
f 6889/6/5 6886/6/5 6885/6/5
f 6890/6/5 6886/6/5 6889/6/5
f 6891/6/5 6888/6/5 6887/6/5
f 6892/6/5 6888/6/5 6891/6/5
f 6893/6/5 6890/6/5 6889/6/5
f 6894/6/5 6890/6/5 6893/6/5
f 6898/2/5 6896/2/5 6895/2/5
f 6899/2/5 6896/2/5 6898/2/5
f 6904/2/5 6898/2/5 6897/2/5
f 6905/2/5 6898/2/5 6904/2/5
f 6906/2/5 6900/2/5 6899/2/5
f 6907/2/5 6900/2/5 6906/2/5
f 6911/2/5 6902/2/5 6901/2/5
f 6912/2/5 6902/2/5 6911/2/5
f 6913/2/5 6910/2/5 6909/2/5
f 6914/2/5 6910/2/5 6913/2/5
f 6915/2/5 6904/2/5 6903/2/5
f 6916/2/5 6904/2/5 6915/2/5
f 6919/2/5 6908/2/5 6907/2/5
f 6920/2/5 6908/2/5 6919/2/5
f 6922/2/5 6918/2/5 6917/2/5
f 6923/2/5 6918/2/5 6922/2/5
f 6925/2/5 6922/2/5 6921/2/5
f 6926/2/5 6922/2/5 6925/2/5
f 6927/2/5 6924/2/5 6923/2/5
f 6928/2/5 6924/2/5 6927/2/5
f 6933/3/5 6930/3/5 6929/3/5
f 6934/3/5 6930/3/5 6933/3/5
f 6943/3/5 6932/3/5 6931/3/5
f 6944/3/5 6932/3/5 6943/3/5
f 6945/3/5 6936/3/5 6935/3/5
f 6946/3/5 6936/3/5 6945/3/5
f 6947/3/5 6938/3/5 6937/3/5
f 6948/3/5 6938/3/5 6947/3/5
f 6949/3/5 6940/3/5 6939/3/5
f 6950/3/5 6940/3/5 6949/3/5
f 6951/3/5 6942/3/5 6941/3/5
f 6952/3/5 6942/3/5 6951/3/5
f 6957/2/5 6954/2/5 6953/2/5
f 6958/2/5 6954/2/5 6957/2/5
f 6963/2/5 6956/2/5 6955/2/5
f 6964/2/5 6956/2/5 6963/2/5
f 6967/3/5 6960/3/5 6959/3/5
f 6968/3/5 6960/3/5 6967/3/5
f 6969/3/5 6962/3/5 6961/3/5
f 6970/3/5 6962/3/5 6969/3/5
f 6977/2/5 6966/2/5 6965/2/5
f 6978/2/5 6966/2/5 6977/2/5
f 6979/3/5 6974/3/5 6973/3/5
f 6980/3/5 6974/3/5 6979/3/5
f 6981/3/5 6976/3/5 6975/3/5
f 6982/3/5 6976/3/5 6981/3/5
f 6983/2/5 6972/2/5 6971/2/5
f 6984/2/5 6972/2/5 6983/2/5
f 6989/6/5 6986/6/5 6985/6/5
f 6990/6/5 6986/6/5 6989/6/5
f 6991/6/5 6988/6/5 6987/6/5
f 6992/6/5 6988/6/5 6991/6/5
f 6993/6/5 6990/6/5 6989/6/5
f 6994/6/5 6990/6/5 6993/6/5
f 6995/6/5 6992/6/5 6991/6/5
f 6996/6/5 6992/6/5 6995/6/5
f 7001/6/5 6998/6/5 6997/6/5
f 7002/6/5 6998/6/5 7001/6/5
f 7003/6/5 7000/6/5 6999/6/5
f 7004/6/5 7000/6/5 7003/6/5
f 7005/6/5 7002/6/5 7001/6/5
f 7006/6/5 7002/6/5 7005/6/5
f 7007/6/5 7004/6/5 7003/6/5
f 7008/6/5 7004/6/5 7007/6/5
f 7012/2/5 7010/2/5 7009/2/5
f 7013/2/5 7010/2/5 7012/2/5
f 7015/2/5 7012/2/5 7011/2/5
f 7015/2/5 7014/2/5 7013/2/5
f 7015/2/5 7013/2/5 7012/2/5
f 7016/2/5 7014/2/5 7015/2/5
f 7017/2/5 7015/2/5 7011/2/5
f 7018/2/5 7015/2/5 7017/2/5
f 7019/2/5 7014/2/5 7016/2/5
f 7020/2/5 7014/2/5 7019/2/5
f 7025/2/5 7022/2/5 7021/2/5
f 7026/2/5 7022/2/5 7025/2/5
f 7027/2/5 7024/2/5 7023/2/5
f 7028/2/5 7024/2/5 7027/2/5
f 7033/3/5 7030/3/5 7029/3/5
f 7034/3/5 7030/3/5 7033/3/5
f 7037/2/5 7032/2/5 7031/2/5
f 7038/2/5 7032/2/5 7037/2/5
f 7039/3/5 7034/3/5 7033/3/5
f 7040/3/5 7034/3/5 7039/3/5
f 7041/2/5 7036/2/5 7035/2/5
f 7042/2/5 7036/2/5 7041/2/5
f 7045/3/5 7044/3/5 7043/3/5
f 7046/3/5 7044/3/5 7045/3/5 9297/3/5 9261/3/5 9270/10/5 9287/3/5
f 7055/3/5 7048/3/5 7047/3/5
f 7056/3/5 7048/3/5 7055/3/5
f 7057/3/5 7050/3/5 7049/3/5
f 7058/3/5 7050/3/5 7057/3/5
f 7059/3/5 7052/3/5 7051/3/5
f 7060/3/5 7052/3/5 7059/3/5
f 7061/3/5 7054/3/5 7053/3/5
f 7062/3/5 7054/3/5 7061/3/5
f 7069/3/5 7064/3/5 7063/3/5
f 7070/3/5 7066/3/5 7065/3/5
f 7073/3/5 7064/3/5 7069/3/5
f 7074/3/5 7070/3/5 7065/3/5
f 7075/2/5 7068/2/5 7067/2/5
f 7076/2/5 7068/2/5 7075/2/5
f 7077/3/5 7064/3/5 7073/3/5
f 7078/3/5 7064/3/5 7077/3/5
f 7081/3/5 7074/3/5 7065/3/5
f 7082/3/5 7074/3/5 7081/3/5
f 7083/2/5 7072/2/5 7071/2/5
f 7084/2/5 7072/2/5 7083/2/5
f 7085/3/5 7079/3/5 7078/3/5
f 7086/3/5 7079/3/5 7085/3/5
f 7087/3/5 7081/3/5 7080/3/5
f 7088/3/5 7081/3/5 7087/3/5
f 7093/1/5 7090/1/5 7089/1/5
f 7094/1/5 7090/1/5 7093/1/5
f 7095/1/5 7092/1/5 7091/1/5
f 7096/1/5 7092/1/5 7095/1/5
f 7101/1/5 7098/1/5 7097/1/5
f 7102/1/5 7100/1/5 7099/1/5
f 7103/1/5 7101/1/5 7097/1/5
f 7104/1/5 7101/1/5 7103/1/5
f 7109/1/5 7100/1/5 7102/1/5
f 7110/1/5 7100/1/5 7109/1/5
f 7111/6/5 7106/6/5 7105/6/5
f 7112/6/5 7106/6/5 7111/6/5
f 7113/6/5 7108/6/5 7107/6/5
f 7114/6/5 7108/6/5 7113/6/5
f 7115/6/5 7112/6/5 7111/6/5
f 7116/6/5 7112/6/5 7115/6/5
f 7117/6/5 7114/6/5 7113/6/5
f 7118/6/5 7114/6/5 7117/6/5
f 7123/6/5 7120/6/5 7119/6/5
f 7124/6/5 7120/6/5 7123/6/5
f 7125/6/5 7122/6/5 7121/6/5
f 7126/6/5 7122/6/5 7125/6/5
f 7127/6/5 7124/6/5 7123/6/5
f 7128/6/5 7124/6/5 7127/6/5
f 7131/6/5 7126/6/5 7125/6/5
f 7132/6/5 7126/6/5 7131/6/5
f 7134/2/5 7130/2/5 7129/2/5
f 7135/2/5 7130/2/5 7134/2/5
f 7137/2/5 7134/2/5 7133/2/5
f 7137/2/5 7136/2/5 7135/2/5
f 7137/2/5 7135/2/5 7134/2/5
f 7138/2/5 7136/2/5 7137/2/5
f 7139/2/5 7137/2/5 7133/2/5
f 7140/2/5 7137/2/5 7139/2/5
f 7141/2/5 7136/2/5 7138/2/5
f 7142/2/5 7136/2/5 7141/2/5
f 7147/2/5 7144/2/5 7143/2/5
f 7148/2/5 7144/2/5 7147/2/5
f 7149/2/5 7146/2/5 7145/2/5
f 7150/2/5 7146/2/5 7149/2/5
f 7155/3/5 7152/3/5 7151/3/5
f 7156/3/5 7152/3/5 7155/3/5
f 7157/3/5 7154/3/5 7153/3/5
f 7158/3/5 7154/3/5 7157/3/5
f 7160/3/5 7157/3/5 7156/3/5
f 7161/3/5 7157/3/5 7160/3/5
f 7163/3/5 7160/3/5 7159/3/5
f 7164/3/5 7160/3/5 7163/3/5
f 7165/3/5 7162/3/5 7161/3/5
f 7166/3/5 7162/3/5 7165/3/5
f 7175/2/5 7168/2/5 7167/2/5
f 7176/7/5 7169/7/5 7168/7/5
f 7176/2/5 7168/2/5 7175/2/5
f 7177/2/5 7170/2/5 7169/2/5
f 7177/7/5 7169/7/5 7176/7/5
f 7178/2/5 7170/2/5 7177/2/5
f 7179/2/5 7172/2/5 7171/2/5
f 7180/7/5 7173/7/5 7172/7/5
f 7180/2/5 7172/2/5 7179/2/5
f 7181/2/5 7174/2/5 7173/2/5
f 7181/7/5 7173/7/5 7180/7/5
f 7182/2/5 7174/2/5 7181/2/5
f 7188/2/5 7184/2/5 7183/2/5
f 7189/2/5 7184/2/5 7188/2/5
f 7198/2/5 7186/2/5 7185/2/5
f 7199/2/5 7186/2/5 7198/2/5
f 7201/3/5 7191/3/5 7190/3/5
f 7202/3/5 7191/3/5 7201/3/5
f 7203/3/5 7193/3/5 7192/3/5
f 7204/3/5 7193/3/5 7203/3/5
f 7205/3/5 7195/3/5 7194/3/5
f 7206/3/5 7195/3/5 7205/3/5
f 7207/3/5 7197/3/5 7196/3/5
f 7208/3/5 7197/3/5 7207/3/5
f 7209/2/5 7188/2/5 7187/2/5
f 7210/2/5 7188/2/5 7209/2/5
f 7211/2/5 7200/2/5 7199/2/5
f 7212/2/5 7200/2/5 7211/2/5
f 7217/2/5 7214/2/5 7213/2/5
f 7218/2/5 7216/2/5 7215/2/5
f 7219/2/5 7214/2/5 7217/2/5
f 7220/2/5 7214/2/5 7219/2/5
f 7221/2/5 7218/2/5 7215/2/5
f 7222/2/5 7218/2/5 7221/2/5
f 7227/2/5 7224/2/5 7223/2/5
f 7228/1/5 7225/1/5 7224/1/5
f 7228/2/5 7224/2/5 7227/2/5
f 7229/2/5 7226/2/5 7225/2/5
f 7229/1/5 7225/1/5 7228/1/5
f 7230/2/5 7226/2/5 7229/2/5
f 7243/2/5 7232/2/5 7231/2/5
f 7244/2/5 7232/2/5 7243/2/5
f 7245/2/5 7234/2/5 7233/2/5
f 7246/2/5 7234/2/5 7245/2/5
f 7247/6/5 7240/6/5 7239/6/5
f 7248/6/5 7240/6/5 7247/6/5
f 7249/6/5 7242/6/5 7241/6/5
f 7250/6/5 7242/6/5 7249/6/5
f 7251/2/5 7236/2/5 7235/2/5
f 7252/2/5 7236/2/5 7251/2/5
f 7253/2/5 7238/2/5 7237/2/5
f 7254/2/5 7238/2/5 7253/2/5
f 7257/6/5 7248/6/5 7247/6/5
f 7258/6/5 7248/6/5 7257/6/5
f 7259/6/5 7250/6/5 7249/6/5
f 7260/6/5 7250/6/5 7259/6/5
f 7262/2/5 7256/2/5 7255/2/5
f 7263/2/5 7256/2/5 7262/2/5
f 7269/6/5 7266/6/5 7265/6/5
f 7270/6/5 7266/6/5 7269/6/5
f 7272/2/5 7262/2/5 7261/2/5
f 7272/2/5 7263/2/5 7262/2/5
f 7272/2/5 7264/2/5 7263/2/5
f 7273/2/5 7264/2/5 7272/2/5
f 7274/2/5 7264/2/5 7273/2/5
f 7275/2/5 7264/2/5 7274/2/5
f 7277/6/5 7268/6/5 7267/6/5
f 7278/6/5 7268/6/5 7277/6/5
f 7279/2/5 7272/2/5 7271/2/5
f 7279/2/5 7273/2/5 7272/2/5
f 7280/2/5 7273/2/5 7279/2/5
f 7281/2/5 7273/2/5 7280/2/5
f 7282/2/5 7276/2/5 7275/2/5
f 7282/2/5 7275/2/5 7274/2/5
f 7283/2/5 7276/2/5 7282/2/5
f 7284/2/5 7276/2/5 7283/2/5
f 7285/6/5 7270/6/5 7269/6/5
f 7286/6/5 7270/6/5 7285/6/5
f 7287/6/5 7278/6/5 7277/6/5
f 7288/6/5 7278/6/5 7287/6/5
f 7289/2/5 7280/2/5 7279/2/5
f 7290/2/5 7284/2/5 7283/2/5
f 7291/2/5 7280/2/5 7289/2/5
f 7292/2/5 7280/2/5 7291/2/5
f 7293/2/5 7290/2/5 7283/2/5
f 7294/2/5 7290/2/5 7293/2/5
f 7295/2/5 7291/2/5 7289/2/5
f 7296/2/5 7291/2/5 7295/2/5
f 7297/2/5 7290/2/5 7294/2/5
f 7298/2/5 7290/2/5 7297/2/5
f 7301/6/5 7300/6/5 7299/6/5
f 7302/6/5 7300/6/5 7301/6/5
f 7312/2/5 7306/2/5 7305/2/5
f 7313/2/5 7306/2/5 7312/2/5
f 7316/2/5 7308/2/5 7307/2/5
f 7317/2/5 7308/2/5 7316/2/5
f 7321/2/5 7311/2/5 7310/2/5
f 7321/2/5 7310/2/5 7309/2/5
f 7321/2/5 7312/2/5 7311/2/5
f 7322/2/5 7312/2/5 7321/2/5
f 7323/2/5 7314/2/5 7313/2/5
f 7324/2/5 7314/2/5 7323/2/5
f 7327/2/5 7316/2/5 7315/2/5
f 7328/2/5 7316/2/5 7327/2/5
f 7329/2/5 7320/2/5 7319/2/5
f 7329/2/5 7319/2/5 7318/2/5
f 7329/2/5 7318/2/5 7317/2/5
f 7330/2/5 7320/2/5 7329/2/5
f 7331/2/5 7325/2/5 7324/2/5
f 7332/2/5 7325/2/5 7331/2/5
f 7333/2/5 7327/2/5 7326/2/5
f 7334/2/5 7327/2/5 7333/2/5
f 7339/2/5 7336/2/5 7335/2/5
f 7340/2/5 7336/2/5 7339/2/5
f 7341/2/5 7338/2/5 7337/2/5
f 7342/2/5 7338/2/5 7341/2/5
f 7347/3/5 7344/3/5 7343/3/5
f 7348/3/5 7344/3/5 7347/3/5
f 7349/3/5 7346/3/5 7345/3/5
f 7350/3/5 7346/3/5 7349/3/5
f 7355/2/5 7352/2/5 7351/2/5
f 7355/2/5 7354/2/5 7353/2/5
f 7355/2/5 7353/2/5 7352/2/5
f 7356/2/5 7354/2/5 7355/2/5
f 7367/2/5 7359/2/5 7358/2/5
f 7367/2/5 7358/2/5 7357/2/5
f 7368/2/5 7359/2/5 7367/2/5
f 7369/2/5 7365/2/5 7364/2/5
f 7369/2/5 7366/2/5 7365/2/5
f 7370/2/5 7366/2/5 7369/2/5
f 7371/2/5 7359/2/5 7368/2/5
f 7372/2/5 7359/2/5 7371/2/5
f 7373/2/5 7361/2/5 7360/2/5
f 7374/2/5 7363/2/5 7362/2/5
f 7375/2/5 7369/2/5 7364/2/5
f 7376/2/5 7369/2/5 7375/2/5
f 7377/2/5 7373/2/5 7360/2/5
f 7378/2/5 7373/2/5 7377/2/5
f 7383/2/5 7363/2/5 7374/2/5
f 7384/2/5 7363/2/5 7383/2/5
f 7385/6/5 7380/6/5 7379/6/5
f 7386/6/5 7380/6/5 7385/6/5
f 7387/6/5 7382/6/5 7381/6/5
f 7388/6/5 7382/6/5 7387/6/5
f 7389/6/5 7386/6/5 7385/6/5
f 7390/6/5 7386/6/5 7389/6/5
f 7391/6/5 7388/6/5 7387/6/5
f 7392/6/5 7388/6/5 7391/6/5
f 7397/1/5 7394/1/5 7393/1/5
f 7398/1/5 7396/1/5 7395/1/5
f 7399/1/5 7397/1/5 7393/1/5
f 7400/1/5 7397/1/5 7399/1/5
f 7401/1/5 7396/1/5 7398/1/5
f 7402/1/5 7396/1/5 7401/1/5
f 7407/1/5 7404/1/5 7403/1/5
f 7408/1/5 7404/1/5 7407/1/5
f 7409/1/5 7406/1/5 7405/1/5
f 7410/1/5 7406/1/5 7409/1/5
f 7415/2/5 7412/2/5 7411/2/5
f 7416/2/5 7412/2/5 7415/2/5
f 7427/2/5 7414/2/5 7413/2/5
f 7428/2/5 7414/2/5 7427/2/5
f 7429/2/5 7417/2/5 7416/2/5
f 7430/2/5 7417/2/5 7429/2/5
f 7431/2/5 7419/2/5 7418/2/5
f 7432/7/5 7420/7/5 7419/7/5
f 7432/2/5 7419/2/5 7431/2/5
f 7433/2/5 7421/2/5 7420/2/5
f 7433/7/5 7420/7/5 7432/7/5
f 7434/2/5 7421/2/5 7433/2/5
f 7437/2/5 7423/2/5 7422/2/5
f 7438/7/5 7424/7/5 7423/7/5
f 7438/2/5 7423/2/5 7437/2/5
f 7439/2/5 7425/2/5 7424/2/5
f 7439/7/5 7424/7/5 7438/7/5
f 7440/2/5 7425/2/5 7439/2/5
f 7441/2/5 7427/2/5 7426/2/5
f 7442/2/5 7427/2/5 7441/2/5
f 7443/2/5 7431/2/5 7430/2/5
f 7444/2/5 7431/2/5 7443/2/5
f 7445/2/5 7435/2/5 7434/2/5
f 7446/2/5 7435/2/5 7445/2/5
f 7447/2/5 7437/2/5 7436/2/5
f 7448/2/5 7437/2/5 7447/2/5
f 7449/2/5 7441/2/5 7440/2/5
f 7450/2/5 7441/2/5 7449/2/5
f 7455/2/5 7452/2/5 7451/2/5
f 7456/2/5 7454/2/5 7453/2/5
f 7457/2/5 7452/2/5 7455/2/5
f 7464/2/5 7456/2/5 7453/2/5
f 7465/2/5 7457/2/5 7455/2/5
f 7465/2/5 7458/2/5 7457/2/5
f 7466/2/5 7458/2/5 7465/2/5
f 7471/2/5 7464/2/5 7463/2/5
f 7471/2/5 7456/2/5 7464/2/5
f 7472/2/5 7456/2/5 7471/2/5
f 7473/2/5 7458/2/5 7466/2/5
f 7474/2/5 7458/2/5 7473/2/5
f 7475/2/5 7460/2/5 7459/2/5
f 7476/6/5 7468/6/5 7467/6/5
f 7477/6/5 7468/6/5 7476/6/5
f 7478/6/5 7470/6/5 7469/6/5
f 7479/6/5 7470/6/5 7478/6/5
f 7480/2/5 7462/2/5 7461/2/5
f 7481/2/5 7471/2/5 7463/2/5
f 7482/2/5 7471/2/5 7481/2/5
f 7483/2/5 7475/2/5 7459/2/5
f 7484/2/5 7475/2/5 7483/2/5
f 7485/2/5 7462/2/5 7480/2/5
f 7486/2/5 7462/2/5 7485/2/5
f 7487/6/5 7477/6/5 7476/6/5
f 7488/6/5 7477/6/5 7487/6/5
f 7489/6/5 7479/6/5 7478/6/5
f 7490/6/5 7479/6/5 7489/6/5
f 7499/2/5 7492/2/5 7491/2/5
f 7499/2/5 7493/2/5 7492/2/5
f 7499/2/5 7494/2/5 7493/2/5
f 7500/2/5 7494/2/5 7499/2/5
f 7505/2/5 7498/2/5 7497/2/5
f 7505/2/5 7497/2/5 7496/2/5
f 7505/2/5 7496/2/5 7495/2/5
f 7506/2/5 7498/2/5 7505/2/5
f 7507/2/5 7502/2/5 7501/2/5
f 7507/2/5 7501/2/5 7500/2/5
f 7508/2/5 7502/2/5 7507/2/5
f 7509/2/5 7502/2/5 7508/2/5
f 7512/2/5 7504/2/5 7503/2/5
f 7512/2/5 7505/2/5 7504/2/5
f 7513/2/5 7505/2/5 7512/2/5
f 7514/2/5 7505/2/5 7513/2/5
f 7515/2/5 7510/2/5 7509/2/5
f 7516/2/5 7510/2/5 7515/2/5
f 7519/2/5 7512/2/5 7511/2/5
f 7520/2/5 7512/2/5 7519/2/5
f 7521/2/5 7517/2/5 7516/2/5
f 7522/2/5 7519/2/5 7518/2/5
f 7523/2/5 7517/2/5 7521/2/5
f 7524/2/5 7517/2/5 7523/2/5
f 7525/2/5 7522/2/5 7518/2/5
f 7526/2/5 7522/2/5 7525/2/5
f 7531/2/5 7528/2/5 7527/2/5
f 7532/2/5 7528/2/5 7531/2/5
f 7533/2/5 7530/2/5 7529/2/5
f 7534/2/5 7530/2/5 7533/2/5
f 7543/2/5 7536/2/5 7535/2/5
f 7544/2/5 7542/2/5 7541/2/5
f 7545/2/5 7536/2/5 7543/2/5
f 7546/2/5 7536/2/5 7545/2/5
f 7547/2/5 7538/2/5 7537/2/5
f 7550/2/5 7540/2/5 7539/2/5
f 7551/2/5 7544/2/5 7541/2/5
f 7552/2/5 7544/2/5 7551/2/5
f 7553/2/5 7548/2/5 7547/2/5
f 7553/2/5 7547/2/5 7537/2/5
f 7554/2/5 7548/2/5 7553/2/5
f 7555/2/5 7548/2/5 7554/2/5
f 7556/2/5 7548/2/5 7555/2/5
f 7557/2/5 7550/2/5 7549/2/5
f 7558/2/5 7550/2/5 7557/2/5
f 7559/2/5 7540/2/5 7550/2/5
f 7559/2/5 7550/2/5 7558/2/5
f 7560/2/5 7540/2/5 7559/2/5
f 7561/2/5 7555/2/5 7554/2/5
f 7562/2/5 7555/2/5 7561/2/5
f 7563/2/5 7559/2/5 7558/2/5
f 7564/2/5 7559/2/5 7563/2/5
f 7569/1/5 7566/1/5 7565/1/5
f 7570/1/5 7566/1/5 7569/1/5
f 7573/1/5 7568/1/5 7567/1/5
f 7574/1/5 7568/1/5 7573/1/5
f 7579/3/5 7572/3/5 7571/3/5
f 7580/3/5 7572/3/5 7579/3/5
f 7583/1/5 7576/1/5 7575/1/5
f 7584/1/5 7576/1/5 7583/1/5
f 7585/1/5 7578/1/5 7577/1/5
f 7586/1/5 7578/1/5 7585/1/5
f 7587/3/5 7582/3/5 7581/3/5
f 7588/3/5 7582/3/5 7587/3/5 9299/3/5 9268/3/5 9279/10/5 9289/3/5
f 7593/1/5 7590/1/5 7589/1/5
f 7594/1/5 7590/1/5 7593/1/5
f 7597/1/5 7592/1/5 7591/1/5
f 7598/1/5 7592/1/5 7597/1/5
f 7599/1/5 7595/1/5 7594/1/5
f 7600/1/5 7595/1/5 7599/1/5
f 7601/1/5 7597/1/5 7596/1/5
f 7602/1/5 7597/1/5 7601/1/5
f 7607/1/5 7604/1/5 7603/1/5
f 7608/1/5 7604/1/5 7607/1/5
f 7609/1/5 7606/1/5 7605/1/5
f 7610/1/5 7606/1/5 7609/1/5
f 7615/1/5 7612/1/5 7611/1/5
f 7616/1/5 7614/1/5 7613/1/5
f 7617/1/5 7615/1/5 7611/1/5
f 7618/1/5 7615/1/5 7617/1/5
f 7619/1/5 7614/1/5 7616/1/5
f 7620/1/5 7614/1/5 7619/1/5
f 7625/1/5 7622/1/5 7621/1/5
f 7626/1/5 7622/1/5 7625/1/5
f 7629/1/5 7624/1/5 7623/1/5
f 7630/1/5 7624/1/5 7629/1/5
f 7631/2/5 7628/2/5 7627/2/5
f 7632/2/5 7628/2/5 7631/2/5
f 7633/2/5 7628/2/5 7632/2/5
f 7634/2/5 7628/2/5 7633/2/5
f 7636/2/5 7631/2/5 7627/2/5
f 7637/2/5 7631/2/5 7636/2/5
f 7638/1/5 7632/1/5 7631/1/5
f 7638/2/5 7631/2/5 7637/2/5
f 7639/2/5 7633/2/5 7632/2/5
f 7639/1/5 7632/1/5 7638/1/5
f 7640/1/5 7634/1/5 7633/1/5
f 7640/2/5 7633/2/5 7639/2/5
f 7641/2/5 7628/2/5 7634/2/5
f 7641/1/5 7634/1/5 7640/1/5
f 7642/2/5 7628/2/5 7641/2/5
f 7643/2/5 7628/2/5 7642/2/5
f 7645/2/5 7637/2/5 7636/2/5
f 7645/2/5 7636/2/5 7635/2/5
f 7646/2/5 7637/2/5 7645/2/5
f 7647/2/5 7644/2/5 7643/2/5
f 7647/2/5 7643/2/5 7642/2/5
f 7648/2/5 7644/2/5 7647/2/5
f 7649/2/5 7645/2/5 7635/2/5
f 7650/2/5 7645/2/5 7649/2/5
f 7651/2/5 7644/2/5 7648/2/5
f 7652/2/5 7644/2/5 7651/2/5
f 7657/1/5 7654/1/5 7653/1/5
f 7658/1/5 7656/1/5 7655/1/5
f 7659/1/5 7657/1/5 7653/1/5
f 7660/1/5 7657/1/5 7659/1/5
f 7661/1/5 7656/1/5 7658/1/5
f 7662/1/5 7656/1/5 7661/1/5
f 7667/1/5 7664/1/5 7663/1/5
f 7668/1/5 7664/1/5 7667/1/5
f 7669/1/5 7666/1/5 7665/1/5
f 7670/1/5 7666/1/5 7669/1/5
f 7671/7/5 7668/7/5 7667/7/5
f 7672/7/5 7668/7/5 7671/7/5
f 7673/7/5 7670/7/5 7669/7/5
f 7674/7/5 7670/7/5 7673/7/5
f 7675/1/6 7676/1/6 7679/1/6
f 7679/1/6 7676/1/6 7680/1/6
f 7677/1/6 7678/1/6 7681/1/6
f 7681/1/6 7678/1/6 7682/1/6
f 7679/7/6 7680/7/6 7683/7/6
f 7683/7/6 7680/7/6 7684/7/6
f 7681/7/6 7682/7/6 7685/7/6
f 7685/7/6 7682/7/6 7686/7/6
f 7687/1/6 7688/1/6 7691/1/6
f 7691/1/6 7688/1/6 7692/1/6
f 7689/1/6 7690/1/6 7693/1/6
f 7693/1/6 7690/1/6 7694/1/6
f 7695/1/6 7696/1/6 7699/1/6
f 7699/1/6 7696/1/6 7700/1/6
f 7697/1/6 7698/1/6 7701/1/6
f 7701/1/6 7698/1/6 7702/1/6
f 7703/1/6 7704/1/6 7707/1/6
f 7707/1/6 7704/1/6 7708/1/6
f 7705/1/6 7706/1/6 7709/1/6
f 7709/1/6 7706/1/6 7710/1/6
f 7707/7/6 7708/7/6 7711/7/6
f 7711/7/6 7708/7/6 7712/7/6
f 7709/7/6 7710/7/6 7713/7/6
f 7713/7/6 7710/7/6 7714/7/6
f 7715/2/6 7716/2/6 7723/2/6
f 7716/2/6 7717/2/6 7723/2/6
f 7717/2/6 7718/2/6 7723/2/6
f 7723/2/6 7718/2/6 7724/2/6
f 7721/2/6 7722/2/6 7725/2/6
f 7720/2/6 7721/2/6 7725/2/6
f 7719/2/6 7720/2/6 7725/2/6
f 7725/2/6 7722/2/6 7726/2/6
f 7727/2/6 7728/2/6 7731/2/6
f 7731/2/6 7728/2/6 7732/2/6
f 7729/2/6 7730/2/6 7733/2/6
f 7733/2/6 7730/2/6 7734/2/6
f 7735/2/6 7736/2/6 7739/2/6
f 7739/2/6 7736/2/6 7740/2/6
f 7737/2/6 7738/2/6 7741/2/6
f 7741/2/6 7738/2/6 7742/2/6
f 7743/2/6 7744/2/6 7747/2/6
f 7747/2/6 7744/2/6 7748/2/6
f 7745/2/6 7746/2/6 7755/2/6
f 7755/2/6 7746/2/6 7756/2/6
f 7748/2/6 7749/2/6 7757/2/6
f 7750/2/6 7751/2/6 7758/2/6
f 7752/2/6 7753/2/6 7763/2/6
f 7754/2/6 7755/2/6 7764/2/6
f 7748/2/6 7757/2/6 7765/2/6
f 7757/2/6 7758/2/6 7765/2/6
f 7765/2/6 7758/2/6 7766/2/6
f 7758/2/6 7751/2/6 7767/2/6
f 7766/2/6 7758/2/6 7767/2/6
f 7759/2/6 7760/2/6 7768/2/6
f 7768/2/6 7760/2/6 7769/2/6
f 7761/2/6 7762/2/6 7776/2/6
f 7776/2/6 7762/2/6 7777/2/6
f 7752/2/6 7763/2/6 7778/2/6
f 7763/2/6 7764/2/6 7778/2/6
f 7778/2/6 7764/2/6 7779/2/6
f 7764/2/6 7755/2/6 7780/2/6
f 7779/2/6 7764/2/6 7780/2/6
f 7766/2/6 7767/2/6 7781/2/6
f 7767/2/6 7768/2/6 7781/2/6
f 7768/2/6 7769/2/6 7781/2/6
f 7769/2/6 7770/2/6 7781/2/6
f 7781/2/6 7770/2/6 7782/2/6
f 7776/2/6 7777/2/6 7783/2/6
f 7775/2/6 7776/2/6 7783/2/6
f 7778/2/6 7779/2/6 7783/2/6
f 7777/2/6 7778/2/6 7783/2/6
f 7783/2/6 7779/2/6 7784/2/6
f 7782/2/6 7770/2/6 7785/2/6
f 7785/2/6 7770/2/6 7786/2/6
f 7786/2/6 7770/2/6 7787/2/6
f 7775/2/6 7783/2/6 7790/2/6
f 7790/2/6 7783/2/6 7791/2/6
f 7791/2/6 7783/2/6 7792/2/6
f 7787/2/6 7788/2/6 7793/2/6
f 7786/2/6 7787/2/6 7793/2/6
f 7793/2/6 7788/2/6 7794/2/6
f 7771/1/6 7772/1/6 7795/1/6
f 7795/1/6 7772/1/6 7796/1/6
f 7773/1/6 7774/1/6 7797/1/6
f 7797/1/6 7774/1/6 7798/1/6
f 7790/2/6 7791/2/6 7799/2/6
f 7789/2/6 7790/2/6 7799/2/6
f 7799/2/6 7791/2/6 7800/2/6
f 7794/2/6 7788/2/6 7801/2/6
f 7801/2/6 7788/2/6 7802/2/6
f 7789/2/6 7799/2/6 7803/2/6
f 7803/2/6 7799/2/6 7804/2/6
f 7805/2/6 7806/2/6 7813/2/6
f 7806/7/6 7807/7/6 7814/7/6
f 7813/2/6 7806/2/6 7814/2/6
f 7807/2/6 7808/2/6 7815/2/6
f 7814/7/6 7807/7/6 7815/7/6
f 7815/2/6 7808/2/6 7816/2/6
f 7809/2/6 7810/2/6 7817/2/6
f 7810/7/6 7811/7/6 7818/7/6
f 7817/2/6 7810/2/6 7818/2/6
f 7811/2/6 7812/2/6 7819/2/6
f 7818/7/6 7811/7/6 7819/7/6
f 7819/2/6 7812/2/6 7820/2/6
f 7821/2/6 7822/2/6 7829/2/6
f 7829/2/6 7822/2/6 7830/2/6
f 7823/2/6 7824/2/6 7831/2/6
f 7831/2/6 7824/2/6 7832/2/6
f 7825/2/6 7826/2/6 7835/2/6
f 7835/2/6 7826/2/6 7836/2/6
f 7827/2/6 7828/2/6 7837/2/6
f 7837/2/6 7828/2/6 7838/2/6
f 7832/2/6 7833/2/6 7841/2/6
f 7841/2/6 7833/2/6 7842/2/6
f 7834/2/6 7835/2/6 7843/2/6
f 7843/2/6 7835/2/6 7844/2/6
f 7839/2/6 7840/2/6 7847/2/6
f 7847/2/6 7840/2/6 7848/2/6
f 7845/2/6 7846/2/6 7849/2/6
f 7849/2/6 7846/2/6 7850/2/6
f 7851/2/6 7852/2/6 7856/2/6
f 7856/2/6 7852/2/6 7857/2/6
f 7853/2/6 7854/2/6 7858/2/6
f 7858/2/6 7854/2/6 7859/2/6
f 7855/2/6 7856/2/6 7861/2/6
f 7861/2/6 7856/2/6 7862/2/6
f 7859/2/6 7860/2/6 7863/2/6
f 7863/2/6 7860/2/6 7864/2/6
f 7865/6/6 7866/6/6 7869/6/6
f 7869/6/6 7866/6/6 7870/6/6
f 7867/6/6 7868/6/6 7871/6/6
f 7871/6/6 7868/6/6 7872/6/6
f 7869/6/6 7870/6/6 7873/6/6
f 7873/6/6 7870/6/6 7874/6/6
f 7871/6/6 7872/6/6 7875/6/6
f 7875/6/6 7872/6/6 7876/6/6
f 7877/2/6 7878/2/6 7882/2/6
f 7882/2/6 7878/2/6 7883/2/6
f 7879/2/6 7880/2/6 7886/2/6
f 7886/2/6 7880/2/6 7887/2/6
f 7883/2/6 7884/2/6 7889/2/6
f 7881/2/6 7882/2/6 7889/2/6
f 7882/2/6 7883/2/6 7889/2/6
f 7889/2/6 7884/2/6 7890/2/6
f 7887/2/6 7888/2/6 7891/2/6
f 7886/2/6 7887/2/6 7891/2/6
f 7885/2/6 7886/2/6 7891/2/6
f 7891/2/6 7888/2/6 7892/2/6
f 7890/2/6 7884/2/6 7893/2/6
f 7893/2/6 7884/2/6 7894/2/6
f 7885/2/6 7891/2/6 7895/2/6
f 7895/2/6 7891/2/6 7896/2/6
f 7897/2/6 7898/2/6 7901/2/6
f 7901/2/6 7898/2/6 7902/2/6
f 7902/2/6 7898/2/6 7903/2/6
f 7899/2/6 7900/2/6 7906/2/6
f 7906/2/6 7900/2/6 7907/2/6
f 7907/2/6 7900/2/6 7908/2/6
f 7903/2/6 7904/2/6 7911/2/6
f 7911/2/6 7904/2/6 7912/2/6
f 7905/2/6 7906/2/6 7919/2/6
f 7919/2/6 7906/2/6 7920/2/6
f 7909/3/6 7910/3/6 7923/3/6
f 7923/3/6 7910/3/6 7924/3/6
f 7912/2/6 7913/2/6 7925/2/6
f 7913/2/6 7914/2/6 7925/2/6
f 7914/2/6 7915/2/6 7925/2/6
f 7925/2/6 7915/2/6 7926/2/6
f 7918/2/6 7919/2/6 7929/2/6
f 7917/2/6 7918/2/6 7929/2/6
f 7916/2/6 7917/2/6 7929/2/6
f 7929/2/6 7919/2/6 7930/2/6
f 7921/3/6 7922/3/6 7931/3/6
f 7931/3/6 7922/3/6 7932/3/6
f 7926/2/6 7927/2/6 7933/2/6
f 7933/2/6 7927/2/6 7934/2/6
f 7928/2/6 7929/2/6 7937/2/6
f 7937/2/6 7929/2/6 7938/2/6
f 7934/2/6 7935/2/6 7939/2/6
f 7939/2/6 7935/2/6 7940/2/6
f 7936/2/6 7937/2/6 7943/2/6
f 7943/2/6 7937/2/6 7944/2/6
f 7940/2/6 7941/2/6 7945/2/6
f 7945/2/6 7941/2/6 7946/2/6
f 7942/2/6 7943/2/6 7947/2/6
f 7947/2/6 7943/2/6 7948/2/6
f 7949/2/6 7950/2/6 7953/2/6
f 7953/2/6 7950/2/6 7954/2/6
f 7951/2/6 7952/2/6 7955/2/6
f 7955/2/6 7952/2/6 7956/2/6
f 7957/6/6 7958/6/6 7961/6/6
f 7961/6/6 7958/6/6 7962/6/6
f 7959/6/6 7960/6/6 7963/6/6
f 7963/6/6 7960/6/6 7964/6/6
f 7961/6/6 7962/6/6 7965/6/6
f 7965/6/6 7962/6/6 7966/6/6
f 7963/6/6 7964/6/6 7967/6/6
f 7967/6/6 7964/6/6 7968/6/6
f 7969/2/6 7970/2/6 7974/2/6
f 7974/2/6 7970/2/6 7975/2/6
f 7971/2/6 7972/2/6 7978/2/6
f 7978/2/6 7972/2/6 7979/2/6
f 7975/2/6 7976/2/6 7981/2/6
f 7973/2/6 7974/2/6 7981/2/6
f 7974/2/6 7975/2/6 7981/2/6
f 7981/2/6 7976/2/6 7982/2/6
f 7982/2/6 7976/2/6 7983/2/6
f 7979/2/6 7980/2/6 7986/2/6
f 7978/2/6 7979/2/6 7986/2/6
f 7977/2/6 7978/2/6 7986/2/6
f 7986/2/6 7980/2/6 7987/2/6
f 7987/2/6 7980/2/6 7988/2/6
f 7983/2/6 7984/2/6 7989/2/6
f 7982/2/6 7983/2/6 7989/2/6
f 7989/2/6 7984/2/6 7990/2/6
f 7990/2/6 7984/2/6 7991/2/6
f 7991/2/6 7984/2/6 7992/2/6
f 7986/2/6 7987/2/6 7993/2/6
f 7985/2/6 7986/2/6 7993/2/6
f 7993/2/6 7987/2/6 7994/2/6
f 7994/2/6 7987/2/6 7995/2/6
f 7995/2/6 7987/2/6 7996/2/6
f 7990/2/6 7991/2/6 7997/2/6
f 7997/2/6 7991/2/6 7998/2/6
f 7994/2/6 7995/2/6 7999/2/6
f 7999/2/6 7995/2/6 8000/2/6
f 8001/3/6 8002/3/6 8017/3/6
f 8017/3/6 8002/3/6 8018/3/6
f 8003/3/6 8004/3/6 8019/3/6
f 8019/3/6 8004/3/6 8020/3/6
f 8005/2/6 8006/2/6 8021/2/6
f 8006/7/6 8007/7/6 8022/7/6
f 8021/2/6 8006/2/6 8022/2/6
f 8007/2/6 8008/2/6 8023/2/6
f 8022/7/6 8007/7/6 8023/7/6
f 8023/2/6 8008/2/6 8024/2/6
f 8009/2/6 8010/2/6 8027/2/6
f 8010/7/6 8011/7/6 8028/7/6
f 8027/2/6 8010/2/6 8028/2/6
f 8011/2/6 8012/2/6 8029/2/6
f 8028/7/6 8011/7/6 8029/7/6
f 8029/2/6 8012/2/6 8030/2/6
f 8013/3/6 8014/3/6 8031/3/6
f 8031/3/6 8014/3/6 8032/3/6
f 8015/3/6 8016/3/6 8033/3/6
f 8033/3/6 8016/3/6 8034/3/6
f 8024/2/6 8025/2/6 8035/2/6
f 8035/2/6 8025/2/6 8036/2/6
f 8036/2/6 8025/2/6 8037/2/6
f 8026/2/6 8027/2/6 8040/2/6
f 8040/2/6 8027/2/6 8041/2/6
f 8041/2/6 8027/2/6 8042/2/6
f 8037/2/6 8038/2/6 8043/2/6
f 8043/2/6 8038/2/6 8044/2/6
f 8039/2/6 8040/2/6 8047/2/6
f 8047/2/6 8040/2/6 8048/2/6
f 8044/2/6 8045/2/6 8049/2/6
f 8049/2/6 8045/2/6 8050/2/6
f 8046/2/6 8047/2/6 8053/2/6
f 8053/2/6 8047/2/6 8054/2/6
f 8050/2/6 8051/2/6 8055/2/6
f 8052/2/6 8053/2/6 8056/2/6
f 8055/2/6 8051/2/6 8057/2/6
f 8057/2/6 8051/2/6 8058/2/6
f 8052/2/6 8056/2/6 8061/2/6
f 8061/2/6 8056/2/6 8062/2/6
f 8058/2/6 8059/2/6 8063/2/6
f 8063/2/6 8059/2/6 8064/2/6
f 8060/2/6 8061/2/6 8065/2/6
f 8065/2/6 8061/2/6 8066/2/6
f 8067/2/6 8068/2/6 8071/2/6
f 8071/2/6 8068/2/6 8072/2/6
f 8069/2/6 8070/2/6 8073/2/6
f 8073/2/6 8070/2/6 8074/2/6
f 8075/3/6 8076/3/6 8079/3/6
f 8079/3/6 8076/3/6 8080/3/6
f 8077/3/6 8078/3/6 8081/3/6
f 8081/3/6 8078/3/6 8082/3/6
f 8083/6/6 8084/6/6 8087/6/6
f 8087/6/6 8084/6/6 8088/6/6
f 8085/6/6 8086/6/6 8089/6/6
f 8089/6/6 8086/6/6 8090/6/6
f 8087/6/6 8088/6/6 8091/6/6
f 8091/6/6 8088/6/6 8092/6/6
f 8089/6/6 8090/6/6 8093/6/6
f 8093/6/6 8090/6/6 8094/6/6
f 8095/6/6 8096/6/6 8099/6/6
f 8099/6/6 8096/6/6 8100/6/6
f 8097/6/6 8098/6/6 8101/6/6
f 8101/6/6 8098/6/6 8102/6/6
f 8099/6/6 8100/6/6 8103/6/6
f 8103/6/6 8100/6/6 8104/6/6
f 8101/6/6 8102/6/6 8105/6/6
f 8105/6/6 8102/6/6 8106/6/6
f 8107/3/6 8108/3/6 8111/3/6
f 8111/3/6 8108/3/6 8112/3/6
f 8109/3/6 8110/3/6 8121/3/6
f 8121/3/6 8110/3/6 8122/3/6
f 8113/3/6 8114/3/6 8123/3/6
f 8123/3/6 8114/3/6 8124/3/6
f 8115/3/6 8116/3/6 8125/3/6
f 8125/3/6 8116/3/6 8126/3/6
f 8117/3/6 8118/3/6 8127/3/6
f 8127/3/6 8118/3/6 8128/3/6
f 8119/3/6 8120/3/6 8129/3/6
f 8129/3/6 8120/3/6 8130/3/6
f 8131/2/6 8132/2/6 8133/2/6
f 8133/2/6 8132/2/6 8134/2/6
f 8135/6/6 8136/6/6 8139/6/6
f 8139/6/6 8136/6/6 8140/6/6
f 8137/6/6 8138/6/6 8141/6/6
f 8141/6/6 8138/6/6 8142/6/6
f 8139/6/6 8140/6/6 8143/6/6
f 8143/6/6 8140/6/6 8144/6/6
f 8141/6/6 8142/6/6 8145/6/6
f 8145/6/6 8142/6/6 8146/6/6
f 8147/6/6 8148/6/6 8151/6/6
f 8151/6/6 8148/6/6 8152/6/6
f 8149/6/6 8150/6/6 8153/6/6
f 8153/6/6 8150/6/6 8154/6/6
f 8151/6/6 8152/6/6 8155/6/6
f 8155/6/6 8152/6/6 8156/6/6
f 8153/6/6 8154/6/6 8157/6/6
f 8157/6/6 8154/6/6 8158/6/6
f 8159/3/6 8160/3/6 8167/3/6
f 8167/3/6 8160/3/6 8168/3/6
f 8161/3/6 8162/3/6 8169/3/6
f 8169/3/6 8162/3/6 8170/3/6
f 8163/3/6 8164/3/6 8171/3/6
f 8171/3/6 8164/3/6 8172/3/6
f 8165/3/6 8166/3/6 8173/3/6
f 8173/3/6 8166/3/6 8174/3/6
f 8175/3/6 8176/3/6 8179/3/6
f 8179/3/6 8176/3/6 8180/3/6
f 8177/3/6 8178/3/6 8181/3/6
f 8181/3/6 8178/3/6 8182/3/6
f 8183/1/6 8184/1/6 8187/1/6
f 8187/1/6 8184/1/6 8188/1/6
f 8185/6/6 8186/6/6 8191/6/6
f 8191/6/6 8186/6/6 8192/6/6
f 8189/6/6 8190/6/6 8193/6/6
f 8193/6/6 8190/6/6 8194/6/6
f 8191/6/6 8192/6/6 8195/6/6
f 8195/6/6 8192/6/6 8196/6/6
f 8193/6/6 8194/6/6 8197/6/6
f 8197/6/6 8194/6/6 8198/6/6
f 8199/6/6 8200/6/6 8203/6/6
f 8203/6/6 8200/6/6 8204/6/6
f 8201/6/6 8202/6/6 8205/6/6
f 8205/6/6 8202/6/6 8206/6/6
f 8203/6/6 8204/6/6 8207/6/6
f 8207/6/6 8204/6/6 8208/6/6
f 8205/6/6 8206/6/6 8209/6/6
f 8209/6/6 8206/6/6 8210/6/6
f 8211/2/6 8212/2/6 8215/2/6
f 8215/2/6 8212/2/6 8216/2/6
f 8213/2/6 8214/2/6 8217/2/6
f 8217/2/6 8214/2/6 8218/2/6
f 8219/3/6 8220/3/6 8223/3/6
f 8223/3/6 8220/3/6 8224/3/6
f 8221/3/6 8222/3/6 8233/3/6
f 8233/3/6 8222/3/6 8234/3/6
f 8225/3/6 8226/3/6 8235/3/6
f 8235/3/6 8226/3/6 8236/3/6
f 8227/3/6 8228/3/6 8237/3/6
f 8237/3/6 8228/3/6 8238/3/6
f 8229/3/6 8230/3/6 8239/3/6
f 8239/3/6 8230/3/6 8240/3/6
f 8231/3/6 8232/3/6 8241/3/6
f 8241/3/6 8232/3/6 8242/3/6
f 8243/2/6 8244/2/6 8247/2/6
f 8247/2/6 8244/2/6 8248/2/6
f 8245/2/6 8246/2/6 8249/2/6
f 8249/2/6 8246/2/6 8250/2/6
f 8255/2/6 8256/2/6 8259/2/6
f 8259/2/6 8256/2/6 8260/2/6
f 8251/3/6 8252/3/6 8261/3/6
f 8261/3/6 8252/3/6 8262/3/6
f 8253/3/6 8254/3/6 8263/3/6
f 8263/3/6 8254/3/6 8264/3/6
f 8257/2/6 8258/2/6 8265/2/6
f 8265/2/6 8258/2/6 8266/2/6
f 8267/6/6 8268/6/6 8271/6/6
f 8271/6/6 8268/6/6 8272/6/6
f 8269/6/6 8270/6/6 8273/6/6
f 8273/6/6 8270/6/6 8274/6/6
f 8271/6/6 8272/6/6 8275/6/6
f 8275/6/6 8272/6/6 8276/6/6
f 8273/6/6 8274/6/6 8277/6/6
f 8277/6/6 8274/6/6 8278/6/6
f 8279/6/6 8280/6/6 8283/6/6
f 8283/6/6 8280/6/6 8284/6/6
f 8281/6/6 8282/6/6 8285/6/6
f 8285/6/6 8282/6/6 8286/6/6
f 8283/6/6 8284/6/6 8287/6/6
f 8287/6/6 8284/6/6 8288/6/6
f 8285/6/6 8286/6/6 8289/6/6
f 8289/6/6 8286/6/6 8290/6/6
f 8291/3/6 8292/3/6 8293/3/6
f 8293/3/6 8292/3/6 8294/3/6
f 8295/3/6 8296/3/6 8297/3/6
f 8297/3/6 8296/3/6 8298/3/6 9288/3/6 9271/11/6 9262/3/6 9298/3/6
f 8299/3/6 8300/3/6 8303/3/6
f 8303/3/6 8300/3/6 8304/3/6
f 8301/3/6 8302/3/6 8305/3/6
f 8305/3/6 8302/3/6 8306/3/6
f 8307/3/6 8308/3/6 8311/3/6
f 8311/3/6 8308/3/6 8312/3/6
f 8309/3/6 8310/3/6 8313/3/6
f 8313/3/6 8310/3/6 8314/3/6
f 8315/2/6 8316/2/6 8323/2/6
f 8323/2/6 8316/2/6 8324/2/6
f 8321/2/6 8322/2/6 8325/2/6
f 8325/2/6 8322/2/6 8326/2/6
f 8317/3/6 8318/3/6 8327/3/6
f 8327/3/6 8318/3/6 8328/3/6
f 8319/3/6 8320/3/6 8331/3/6
f 8331/3/6 8320/3/6 8332/3/6
f 8328/3/6 8329/3/6 8333/3/6
f 8333/3/6 8329/3/6 8334/3/6
f 8330/3/6 8331/3/6 8335/3/6
f 8335/3/6 8331/3/6 8336/3/6
f 8337/1/6 8338/1/6 8341/1/6
f 8341/1/6 8338/1/6 8342/1/6
f 8339/1/6 8340/1/6 8345/1/6
f 8345/1/6 8340/1/6 8346/1/6
f 8342/4/6 8343/4/6 8348/4/6
f 8348/4/6 8343/4/6 8349/4/6
f 8344/4/6 8345/4/6 8350/4/6
f 8350/4/6 8345/4/6 8351/4/6
f 8347/1/6 8348/1/6 8353/1/6
f 8353/1/6 8348/1/6 8354/1/6
f 8351/1/6 8352/1/6 8355/1/6
f 8355/1/6 8352/1/6 8356/1/6
f 8357/6/6 8358/6/6 8361/6/6
f 8361/6/6 8358/6/6 8362/6/6
f 8359/6/6 8360/6/6 8363/6/6
f 8363/6/6 8360/6/6 8364/6/6
f 8365/6/6 8366/6/6 8369/6/6
f 8369/6/6 8366/6/6 8370/6/6
f 8367/6/6 8368/6/6 8371/6/6
f 8371/6/6 8368/6/6 8372/6/6
f 8369/6/6 8370/6/6 8373/6/6
f 8373/6/6 8370/6/6 8374/6/6
f 8371/6/6 8372/6/6 8375/6/6
f 8375/6/6 8372/6/6 8376/6/6
f 8377/1/6 8378/1/6 8381/1/6
f 8379/1/6 8380/1/6 8382/1/6
f 8377/1/6 8381/1/6 8383/1/6
f 8383/1/6 8381/1/6 8384/1/6
f 8382/1/6 8380/1/6 8385/1/6
f 8385/1/6 8380/1/6 8386/1/6
f 8387/1/6 8388/1/6 8391/1/6
f 8391/1/6 8388/1/6 8392/1/6
f 8389/1/6 8390/1/6 8393/1/6
f 8393/1/6 8390/1/6 8394/1/6
f 8395/2/6 8396/2/6 8403/2/6
f 8396/7/6 8397/7/6 8404/7/6
f 8403/2/6 8396/2/6 8404/2/6
f 8397/2/6 8398/2/6 8405/2/6
f 8404/7/6 8397/7/6 8405/7/6
f 8405/2/6 8398/2/6 8406/2/6
f 8399/2/6 8400/2/6 8407/2/6
f 8400/7/6 8401/7/6 8408/7/6
f 8407/2/6 8400/2/6 8408/2/6
f 8401/2/6 8402/2/6 8409/2/6
f 8408/7/6 8401/7/6 8409/7/6
f 8409/2/6 8402/2/6 8410/2/6
f 8411/2/6 8412/2/6 8415/2/6
f 8415/2/6 8412/2/6 8416/2/6
f 8413/2/6 8414/2/6 8417/2/6
f 8417/2/6 8414/2/6 8418/2/6
f 8419/2/6 8420/2/6 8427/2/6
f 8427/2/6 8420/2/6 8428/2/6
f 8421/3/6 8422/3/6 8429/3/6
f 8429/3/6 8422/3/6 8430/3/6
f 8423/3/6 8424/3/6 8431/3/6
f 8431/3/6 8424/3/6 8432/3/6
f 8425/2/6 8426/2/6 8433/2/6
f 8433/2/6 8426/2/6 8434/2/6
f 8435/2/6 8436/2/6 8439/2/6
f 8439/2/6 8436/2/6 8440/2/6
f 8437/2/6 8438/2/6 8441/2/6
f 8441/2/6 8438/2/6 8442/2/6
f 8443/4/6 8444/4/6 8451/4/6
f 8445/4/6 8446/4/6 8454/4/6
f 8447/2/6 8448/2/6 8456/2/6
f 8456/2/6 8448/2/6 8457/2/6
f 8451/4/6 8452/4/6 8458/4/6
f 8443/4/6 8451/4/6 8458/4/6
f 8458/4/6 8452/4/6 8459/4/6
f 8459/4/6 8452/4/6 8460/4/6
f 8453/4/6 8454/4/6 8461/4/6
f 8454/4/6 8446/4/6 8462/4/6
f 8461/4/6 8454/4/6 8462/4/6
f 8462/4/6 8446/4/6 8463/4/6
f 8449/2/6 8450/2/6 8464/2/6
f 8464/2/6 8450/2/6 8465/2/6
f 8456/2/6 8457/2/6 8467/2/6
f 8455/2/6 8456/2/6 8467/2/6
f 8457/4/6 8458/4/6 8468/4/6
f 8467/2/6 8457/2/6 8468/2/6
f 8458/4/6 8459/4/6 8468/4/6
f 8468/4/6 8459/4/6 8469/4/6
f 8462/4/6 8463/4/6 8470/4/6
f 8463/4/6 8464/4/6 8470/4/6
f 8465/2/6 8466/2/6 8471/2/6
f 8470/4/6 8464/4/6 8471/4/6
f 8464/2/6 8465/2/6 8471/2/6
f 8471/2/6 8466/2/6 8472/2/6
f 8469/4/6 8459/4/6 8475/4/6
f 8475/4/6 8459/4/6 8476/4/6
f 8462/4/6 8470/4/6 8477/4/6
f 8477/4/6 8470/4/6 8478/4/6
f 8473/2/6 8474/2/6 8481/2/6
f 8481/2/6 8474/2/6 8482/2/6
f 8479/2/6 8480/2/6 8483/2/6
f 8483/2/6 8480/2/6 8484/2/6
f 8482/2/6 8474/2/6 8485/2/6
f 8485/2/6 8474/2/6 8486/2/6
f 8479/2/6 8483/2/6 8487/2/6
f 8487/2/6 8483/2/6 8488/2/6
f 8489/6/6 8490/6/6 8493/6/6
f 8493/6/6 8490/6/6 8494/6/6
f 8491/6/6 8492/6/6 8495/6/6
f 8495/6/6 8492/6/6 8496/6/6
f 8497/6/6 8498/6/6 8501/6/6
f 8501/6/6 8498/6/6 8502/6/6
f 8499/6/6 8500/6/6 8503/6/6
f 8503/6/6 8500/6/6 8504/6/6
f 8501/6/6 8502/6/6 8505/6/6
f 8505/6/6 8502/6/6 8506/6/6
f 8503/6/6 8504/6/6 8507/6/6
f 8507/6/6 8504/6/6 8508/6/6
f 8509/2/6 8510/2/6 8514/2/6
f 8514/2/6 8510/2/6 8515/2/6
f 8511/2/6 8512/2/6 8518/2/6
f 8518/2/6 8512/2/6 8519/2/6
f 8515/2/6 8516/2/6 8521/2/6
f 8521/2/6 8516/2/6 8522/2/6
f 8517/2/6 8518/2/6 8525/2/6
f 8525/2/6 8518/2/6 8526/2/6
f 8513/2/6 8514/2/6 8528/2/6
f 8522/2/6 8523/2/6 8529/2/6
f 8529/2/6 8523/2/6 8530/2/6
f 8524/2/6 8525/2/6 8531/2/6
f 8531/2/6 8525/2/6 8532/2/6
f 8519/2/6 8520/2/6 8533/2/6
f 8527/2/6 8528/2/6 8536/2/6
f 8533/2/6 8534/2/6 8537/2/6
f 8535/2/6 8536/2/6 8539/2/6
f 8528/2/6 8514/2/6 8539/2/6
f 8536/2/6 8528/2/6 8539/2/6
f 8539/2/6 8514/2/6 8540/2/6
f 8537/2/6 8538/2/6 8541/2/6
f 8519/2/6 8533/2/6 8541/2/6
f 8533/2/6 8537/2/6 8541/2/6
f 8541/2/6 8538/2/6 8542/2/6
f 8535/2/6 8539/2/6 8544/2/6
f 8542/2/6 8538/2/6 8549/2/6
f 8544/2/6 8539/2/6 8551/2/6
f 8543/2/6 8544/2/6 8551/2/6
f 8540/2/6 8514/2/6 8552/2/6
f 8519/2/6 8541/2/6 8553/2/6
f 8549/2/6 8550/2/6 8554/2/6
f 8542/2/6 8549/2/6 8554/2/6
f 8552/2/6 8514/2/6 8555/2/6
f 8545/4/6 8546/4/6 8556/4/6
f 8547/4/6 8548/4/6 8561/4/6
f 8519/2/6 8553/2/6 8562/2/6
f 8552/2/6 8555/2/6 8563/2/6
f 8555/4/6 8556/4/6 8564/4/6
f 8563/2/6 8555/2/6 8564/2/6
f 8556/4/6 8546/4/6 8565/4/6
f 8564/4/6 8556/4/6 8565/4/6
f 8565/4/6 8546/4/6 8566/4/6
f 8557/3/6 8558/3/6 8568/3/6
f 8568/3/6 8558/3/6 8569/3/6
f 8559/3/6 8560/3/6 8570/3/6
f 8570/3/6 8560/3/6 8571/3/6
f 8547/4/6 8561/4/6 8573/4/6
f 8561/4/6 8562/4/6 8573/4/6
f 8573/4/6 8562/4/6 8574/4/6
f 8562/2/6 8553/2/6 8575/2/6
f 8574/4/6 8562/4/6 8575/4/6
f 8575/2/6 8553/2/6 8576/2/6
f 8543/2/6 8551/2/6 8577/2/6
f 8577/2/6 8551/2/6 8578/2/6
f 8566/4/6 8567/4/6 8581/4/6
f 8565/4/6 8566/4/6 8581/4/6
f 8581/4/6 8567/4/6 8582/4/6
f 8572/4/6 8573/4/6 8583/4/6
f 8573/4/6 8574/4/6 8583/4/6
f 8583/4/6 8574/4/6 8584/4/6
f 8554/2/6 8550/2/6 8587/2/6
f 8587/2/6 8550/2/6 8588/2/6
f 8565/4/6 8581/4/6 8591/4/6
f 8591/4/6 8581/4/6 8592/4/6
f 8584/4/6 8574/4/6 8593/4/6
f 8593/4/6 8574/4/6 8594/4/6
f 8589/2/6 8590/2/6 8597/2/6
f 8579/2/6 8580/2/6 8598/2/6
f 8569/3/6 8558/3/6 8599/3/6
f 8599/3/6 8558/3/6 8600/3/6
f 8559/3/6 8570/3/6 8601/3/6
f 8601/3/6 8570/3/6 8602/3/6
f 8585/2/6 8586/2/6 8603/2/6
f 8595/2/6 8596/2/6 8604/2/6
f 8597/1/6 8598/1/6 8605/1/6
f 8589/2/6 8597/2/6 8605/2/6
f 8598/2/6 8580/2/6 8606/2/6
f 8605/1/6 8598/1/6 8606/1/6
f 8603/1/6 8604/1/6 8607/1/6
f 8585/2/6 8603/2/6 8607/2/6
f 8604/2/6 8596/2/6 8608/2/6
f 8607/1/6 8604/1/6 8608/1/6
f 8605/2/6 8606/2/6 8609/2/6
f 8589/2/6 8605/2/6 8609/2/6
f 8609/2/6 8606/2/6 8610/2/6
f 8608/2/6 8596/2/6 8611/2/6
f 8607/2/6 8608/2/6 8611/2/6
f 8611/2/6 8596/2/6 8612/2/6
f 8610/2/6 8606/2/6 8613/2/6
f 8606/2/6 8580/2/6 8614/2/6
f 8613/2/6 8606/2/6 8614/2/6
f 8585/2/6 8607/2/6 8615/2/6
f 8607/2/6 8611/2/6 8615/2/6
f 8615/2/6 8611/2/6 8616/2/6
f 8614/2/6 8580/2/6 8617/2/6
f 8617/2/6 8580/2/6 8618/2/6
f 8585/2/6 8615/2/6 8619/2/6
f 8619/2/6 8615/2/6 8620/2/6
f 8621/6/6 8622/6/6 8625/6/6
f 8625/6/6 8622/6/6 8626/6/6
f 8623/6/6 8624/6/6 8627/6/6
f 8627/6/6 8624/6/6 8628/6/6
f 8629/1/6 8630/1/6 8633/1/6
f 8633/1/6 8630/1/6 8634/1/6
f 8631/1/6 8632/1/6 8635/1/6
f 8635/1/6 8632/1/6 8636/1/6
f 8637/6/6 8638/6/6 8643/6/6
f 8643/6/6 8638/6/6 8644/6/6
f 8639/1/6 8640/1/6 8645/1/6
f 8645/1/6 8640/1/6 8646/1/6
f 8641/1/6 8642/1/6 8649/1/6
f 8649/1/6 8642/1/6 8650/1/6
f 8647/6/6 8648/6/6 9277/6/6 9267/6/6
f 8651/2/6 8652/2/6 8655/2/6
f 8653/2/6 8654/2/6 8666/2/6
f 8655/2/6 8656/2/6 8667/2/6
f 8657/2/6 8658/2/6 8668/2/6
f 8658/7/6 8659/7/6 8669/7/6
f 8668/2/6 8658/2/6 8669/2/6
f 8659/2/6 8660/2/6 8670/2/6
f 8669/7/6 8659/7/6 8670/7/6
f 8670/2/6 8660/2/6 8671/2/6
f 8661/2/6 8662/2/6 8674/2/6
f 8662/7/6 8663/7/6 8675/7/6
f 8674/2/6 8662/2/6 8675/2/6
f 8663/2/6 8664/2/6 8676/2/6
f 8675/7/6 8663/7/6 8676/7/6
f 8676/2/6 8664/2/6 8677/2/6
f 8665/2/6 8666/2/6 8678/2/6
f 8671/2/6 8672/2/6 8679/2/6
f 8679/2/6 8672/2/6 8680/2/6
f 8673/2/6 8674/2/6 8681/2/6
f 8681/2/6 8674/2/6 8682/2/6
f 8651/2/6 8655/2/6 8683/2/6
f 8655/2/6 8667/2/6 8683/2/6
f 8667/2/6 8668/2/6 8683/2/6
f 8683/2/6 8668/2/6 8684/2/6
f 8677/2/6 8678/2/6 8685/2/6
f 8678/2/6 8666/2/6 8685/2/6
f 8666/2/6 8654/2/6 8686/2/6
f 8685/2/6 8666/2/6 8686/2/6
f 8651/2/6 8683/2/6 8691/2/6
f 8684/2/6 8668/2/6 8692/2/6
f 8677/2/6 8685/2/6 8693/2/6
f 8686/2/6 8654/2/6 8694/2/6
f 8687/1/6 8688/1/6 8695/1/6
f 8695/1/6 8688/1/6 8696/1/6
f 8689/1/6 8690/1/6 8697/1/6
f 8697/1/6 8690/1/6 8698/1/6
f 8651/2/6 8691/2/6 8703/2/6
f 8703/2/6 8691/2/6 8704/2/6
f 8694/2/6 8654/2/6 8705/2/6
f 8705/2/6 8654/2/6 8706/2/6
f 8692/2/6 8668/2/6 8709/2/6
f 8709/2/6 8668/2/6 8710/2/6
f 8677/2/6 8693/2/6 8711/2/6
f 8711/2/6 8693/2/6 8712/2/6
f 8699/4/6 8700/4/6 8717/4/6
f 8701/4/6 8702/4/6 8718/4/6
f 8707/2/6 8708/2/6 8721/2/6
f 8715/2/6 8716/2/6 8722/2/6
f 8716/4/6 8717/4/6 8723/4/6
f 8722/2/6 8716/2/6 8723/2/6
f 8717/4/6 8700/4/6 8724/4/6
f 8723/4/6 8717/4/6 8724/4/6
f 8724/4/6 8700/4/6 8725/4/6
f 8701/4/6 8718/4/6 8728/4/6
f 8718/4/6 8719/4/6 8728/4/6
f 8728/4/6 8719/4/6 8729/4/6
f 8719/2/6 8720/2/6 8730/2/6
f 8729/4/6 8719/4/6 8730/4/6
f 8730/2/6 8720/2/6 8731/2/6
f 8713/2/6 8714/2/6 8732/2/6
f 8725/4/6 8726/4/6 8733/4/6
f 8724/4/6 8725/4/6 8733/4/6
f 8733/4/6 8726/4/6 8734/4/6
f 8734/4/6 8726/4/6 8735/4/6
f 8735/4/6 8726/4/6 8736/4/6
f 8728/4/6 8729/4/6 8737/4/6
f 8727/4/6 8728/4/6 8737/4/6
f 8737/4/6 8729/4/6 8738/4/6
f 8738/4/6 8729/4/6 8739/4/6
f 8739/4/6 8729/4/6 8740/4/6
f 8724/4/6 8733/4/6 8741/4/6
f 8741/4/6 8733/4/6 8742/4/6
f 8734/3/6 8735/3/6 8743/3/6
f 8743/3/6 8735/3/6 8744/3/6
f 8738/3/6 8739/3/6 8745/3/6
f 8745/3/6 8739/3/6 8746/3/6
f 8740/4/6 8729/4/6 8747/4/6
f 8747/4/6 8729/4/6 8748/4/6
f 8743/4/6 8744/4/6 8749/4/6
f 8749/4/6 8744/4/6 8750/4/6
f 8745/4/6 8746/4/6 8753/4/6
f 8753/4/6 8746/4/6 8754/4/6
f 8750/4/6 8751/4/6 8755/4/6
f 8755/4/6 8751/4/6 8756/4/6
f 8752/4/6 8753/4/6 8757/4/6
f 8757/4/6 8753/4/6 8758/4/6
f 8721/1/6 8722/1/6 8759/1/6
f 8707/2/6 8721/2/6 8759/2/6
f 8722/2/6 8723/2/6 8760/2/6
f 8759/1/6 8722/1/6 8760/1/6
f 8730/2/6 8731/2/6 8761/2/6
f 8731/1/6 8732/1/6 8761/1/6
f 8732/2/6 8714/2/6 8762/2/6
f 8761/1/6 8732/1/6 8762/1/6
f 8759/2/6 8760/2/6 8763/2/6
f 8707/2/6 8759/2/6 8763/2/6
f 8763/2/6 8760/2/6 8764/2/6
f 8762/2/6 8714/2/6 8765/2/6
f 8761/2/6 8762/2/6 8765/2/6
f 8765/2/6 8714/2/6 8766/2/6
f 8764/2/6 8760/2/6 8767/2/6
f 8760/2/6 8723/2/6 8768/2/6
f 8767/2/6 8760/2/6 8768/2/6
f 8761/2/6 8765/2/6 8769/2/6
f 8730/2/6 8761/2/6 8769/2/6
f 8769/2/6 8765/2/6 8770/2/6
f 8768/2/6 8723/2/6 8771/2/6
f 8771/2/6 8723/2/6 8772/2/6
f 8730/2/6 8769/2/6 8773/2/6
f 8773/2/6 8769/2/6 8774/2/6
f 8775/6/6 8776/6/6 8779/6/6
f 8779/6/6 8776/6/6 8780/6/6
f 8777/6/6 8778/6/6 8781/6/6
f 8781/6/6 8778/6/6 8782/6/6
f 8783/3/6 8784/3/6 8787/3/6
f 8787/3/6 8784/3/6 8788/3/6
f 8785/3/6 8786/3/6 8789/3/6
f 8789/3/6 8786/3/6 8790/3/6
f 8788/3/6 8789/3/6 8792/3/6
f 8792/3/6 8789/3/6 8793/3/6
f 8791/3/6 8792/3/6 8795/3/6
f 8795/3/6 8792/3/6 8796/3/6
f 8793/3/6 8794/3/6 8797/3/6
f 8797/3/6 8794/3/6 8798/3/6
f 8799/2/6 8800/2/6 8803/2/6
f 8801/2/6 8802/2/6 8806/2/6
f 8803/2/6 8804/2/6 8807/2/6
f 8807/2/6 8804/2/6 8808/2/6
f 8805/2/6 8806/2/6 8811/2/6
f 8811/2/6 8806/2/6 8812/2/6
f 8808/2/6 8809/2/6 8815/2/6
f 8815/2/6 8809/2/6 8816/2/6
f 8810/2/6 8811/2/6 8819/2/6
f 8819/2/6 8811/2/6 8820/2/6
f 8816/2/6 8817/2/6 8823/2/6
f 8823/2/6 8817/2/6 8824/2/6
f 8818/2/6 8819/2/6 8825/2/6
f 8825/2/6 8819/2/6 8826/2/6
f 8799/2/6 8803/2/6 8827/2/6
f 8803/2/6 8807/2/6 8827/2/6
f 8827/2/6 8807/2/6 8828/2/6
f 8806/2/6 8802/2/6 8829/2/6
f 8812/2/6 8806/2/6 8829/2/6
f 8829/2/6 8802/2/6 8830/2/6
f 8813/1/6 8814/1/6 8831/1/6
f 8831/1/6 8814/1/6 8832/1/6
f 8821/1/6 8822/1/6 8837/1/6
f 8837/1/6 8822/1/6 8838/1/6
f 8833/2/6 8834/2/6 8839/2/6
f 8839/2/6 8834/2/6 8840/2/6
f 8835/2/6 8836/2/6 8841/2/6
f 8841/2/6 8836/2/6 8842/2/6
f 8799/2/6 8827/2/6 8843/2/6
f 8828/2/6 8807/2/6 8844/2/6
f 8812/2/6 8829/2/6 8845/2/6
f 8830/2/6 8802/2/6 8846/2/6
f 8799/2/6 8843/2/6 8847/2/6
f 8847/2/6 8843/2/6 8848/2/6
f 8846/2/6 8802/2/6 8849/2/6
f 8849/2/6 8802/2/6 8850/2/6
f 8844/2/6 8807/2/6 8853/2/6
f 8853/2/6 8807/2/6 8854/2/6
f 8812/2/6 8845/2/6 8857/2/6
f 8857/2/6 8845/2/6 8858/2/6
f 8854/4/6 8855/4/6 8864/4/6
f 8864/4/6 8855/4/6 8865/4/6
f 8856/4/6 8857/4/6 8868/4/6
f 8868/4/6 8857/4/6 8869/4/6
f 8851/2/6 8852/2/6 8873/2/6
f 8861/2/6 8862/2/6 8874/2/6
f 8865/4/6 8866/4/6 8875/4/6
f 8875/4/6 8866/4/6 8876/4/6
f 8867/4/6 8868/4/6 8881/4/6
f 8881/4/6 8868/4/6 8882/4/6
f 8871/2/6 8872/2/6 8883/2/6
f 8859/2/6 8860/2/6 8884/2/6
f 8878/1/6 8879/1/6 8885/1/6
f 8885/1/6 8879/1/6 8886/1/6
f 8876/4/6 8877/4/6 8887/4/6
f 8887/4/6 8877/4/6 8888/4/6
f 8880/4/6 8881/4/6 8891/4/6
f 8891/4/6 8881/4/6 8892/4/6
f 8874/2/6 8862/2/6 8893/2/6
f 8863/2/6 8864/2/6 8894/2/6
f 8894/2/6 8864/2/6 8895/2/6
f 8888/4/6 8889/4/6 8896/4/6
f 8896/4/6 8889/4/6 8897/4/6
f 8890/4/6 8891/4/6 8898/4/6
f 8898/4/6 8891/4/6 8899/4/6
f 8869/2/6 8870/2/6 8900/2/6
f 8900/2/6 8870/2/6 8901/2/6
f 8871/2/6 8883/2/6 8902/2/6
f 8897/4/6 8898/4/6 8903/4/6
f 8903/4/6 8898/4/6 8904/4/6
f 8893/2/6 8894/2/6 8905/2/6
f 8901/2/6 8902/2/6 8910/2/6
f 8906/4/6 8907/4/6 8911/4/6
f 8905/2/6 8906/2/6 8911/2/6
f 8911/4/6 8907/4/6 8912/4/6
f 8908/4/6 8909/4/6 8915/4/6
f 8909/2/6 8910/2/6 8916/2/6
f 8915/4/6 8909/4/6 8916/4/6
f 8912/4/6 8913/4/6 8917/4/6
f 8917/4/6 8913/4/6 8918/4/6
f 8914/4/6 8915/4/6 8921/4/6
f 8921/4/6 8915/4/6 8922/4/6
f 8918/4/6 8919/4/6 8923/4/6
f 8923/4/6 8919/4/6 8924/4/6
f 8920/4/6 8921/4/6 8927/4/6
f 8927/4/6 8921/4/6 8928/4/6
f 8851/2/6 8873/2/6 8929/2/6
f 8873/1/6 8874/1/6 8929/1/6
f 8874/2/6 8893/2/6 8930/2/6
f 8929/1/6 8874/1/6 8930/1/6
f 8893/2/6 8905/2/6 8930/2/6
f 8905/2/6 8911/2/6 8930/2/6
f 8924/4/6 8925/4/6 8931/4/6
f 8931/4/6 8925/4/6 8932/4/6
f 8926/4/6 8927/4/6 8933/4/6
f 8933/4/6 8927/4/6 8934/4/6
f 8883/1/6 8884/1/6 8935/1/6
f 8916/2/6 8910/2/6 8935/2/6
f 8902/2/6 8883/2/6 8935/2/6
f 8910/2/6 8902/2/6 8935/2/6
f 8884/2/6 8860/2/6 8936/2/6
f 8935/1/6 8884/1/6 8936/1/6
f 8851/2/6 8929/2/6 8937/2/6
f 8929/2/6 8930/2/6 8937/2/6
f 8937/2/6 8930/2/6 8938/2/6
f 8936/2/6 8860/2/6 8939/2/6
f 8935/2/6 8936/2/6 8939/2/6
f 8939/2/6 8860/2/6 8940/2/6
f 8938/2/6 8930/2/6 8941/2/6
f 8930/2/6 8911/2/6 8942/2/6
f 8941/2/6 8930/2/6 8942/2/6
f 8935/2/6 8939/2/6 8943/2/6
f 8916/2/6 8935/2/6 8943/2/6
f 8943/2/6 8939/2/6 8944/2/6
f 8942/2/6 8911/2/6 8945/2/6
f 8945/2/6 8911/2/6 8946/2/6
f 8946/2/6 8911/2/6 8947/2/6
f 8916/2/6 8943/2/6 8950/2/6
f 8950/2/6 8943/2/6 8951/2/6
f 8951/2/6 8943/2/6 8952/2/6
f 8947/1/6 8948/1/6 8953/1/6
f 8949/1/6 8950/1/6 8954/1/6
f 8947/1/6 8953/1/6 8955/1/6
f 8955/1/6 8953/1/6 8956/1/6
f 8954/1/6 8950/1/6 8957/1/6
f 8957/1/6 8950/1/6 8958/1/6
f 8959/3/6 8960/3/6 8963/3/6
f 8963/3/6 8960/3/6 8964/3/6
f 8961/1/6 8962/1/6 8969/1/6
f 8969/1/6 8962/1/6 8970/1/6
f 8965/1/6 8966/1/6 8971/1/6
f 8971/1/6 8966/1/6 8972/1/6
f 8967/3/6 8968/3/6 8973/3/6
f 8973/3/6 8968/3/6 8974/3/6 9290/3/6 9280/11/6 9269/3/6 9300/3/6
f 8975/1/6 8976/1/6 8979/1/6
f 8977/1/6 8978/1/6 8982/1/6
f 8979/1/6 8980/1/6 8983/1/6
f 8981/1/6 8982/1/6 8986/1/6
f 8983/1/6 8984/1/6 8991/1/6
f 8985/1/6 8986/1/6 8994/1/6
f 8987/1/6 8988/1/6 8995/1/6
f 8995/1/6 8988/1/6 8996/1/6
f 8989/1/6 8990/1/6 8997/1/6
f 8997/1/6 8990/1/6 8998/1/6
f 8991/1/6 8992/1/6 8999/1/6
f 8993/1/6 8994/1/6 9002/1/6
f 8975/1/6 8979/1/6 9003/1/6
f 8979/1/6 8983/1/6 9003/1/6
f 8999/1/6 9000/1/6 9003/1/6
f 8983/1/6 8991/1/6 9003/1/6
f 8991/1/6 8999/1/6 9003/1/6
f 9003/1/6 9000/1/6 9004/1/6
f 9001/1/6 9002/1/6 9005/1/6
f 8982/1/6 8978/1/6 9005/1/6
f 9002/1/6 8994/1/6 9005/1/6
f 8986/1/6 8982/1/6 9005/1/6
f 8994/1/6 8986/1/6 9005/1/6
f 9005/1/6 8978/1/6 9006/1/6
f 9004/1/6 9000/1/6 9008/1/6
f 9008/1/6 9000/1/6 9009/1/6
f 9001/1/6 9005/1/6 9010/1/6
f 9010/1/6 9005/1/6 9011/1/6
f 9007/1/6 9008/1/6 9013/1/6
f 9009/1/6 9000/1/6 9014/1/6
f 9014/1/6 9000/1/6 9015/1/6
f 9001/1/6 9010/1/6 9016/1/6
f 9016/1/6 9010/1/6 9017/1/6
f 9011/1/6 9012/1/6 9018/1/6
f 9015/1/6 9000/1/6 9019/1/6
f 9001/1/6 9016/1/6 9020/1/6
f 9013/1/6 9014/1/6 9021/1/6
f 9019/1/6 9020/1/6 9022/1/6
f 9015/1/6 9019/1/6 9022/1/6
f 9022/1/6 9020/1/6 9023/1/6
f 9020/1/6 9016/1/6 9024/1/6
f 9023/1/6 9020/1/6 9024/1/6
f 9024/1/6 9016/1/6 9025/1/6
f 9017/1/6 9018/1/6 9026/1/6
f 9021/1/6 9022/1/6 9027/1/6
f 9023/1/6 9024/1/6 9028/1/6
f 9028/1/6 9024/1/6 9029/1/6
f 9025/1/6 9026/1/6 9030/1/6
f 9027/1/6 9028/1/6 9031/1/6
f 9029/1/6 9030/1/6 9032/1/6
f 9007/1/6 9013/1/6 9033/1/6
f 9031/1/6 9032/1/6 9033/1/6
f 9027/1/6 9031/1/6 9033/1/6
f 9013/1/6 9021/1/6 9033/1/6
f 9021/1/6 9027/1/6 9033/1/6
f 9033/1/6 9032/1/6 9034/1/6
f 9034/1/6 9032/1/6 9035/1/6
f 9035/1/6 9032/1/6 9036/1/6
f 9032/1/6 9030/1/6 9037/1/6
f 9036/1/6 9032/1/6 9037/1/6
f 9018/1/6 9012/1/6 9037/1/6
f 9026/1/6 9018/1/6 9037/1/6
f 9030/1/6 9026/1/6 9037/1/6
f 9037/1/6 9012/1/6 9038/1/6
f 9034/1/6 9035/1/6 9040/1/6
f 9040/1/6 9035/1/6 9041/1/6
f 9041/1/6 9035/1/6 9042/1/6
f 9042/1/6 9035/1/6 9043/1/6
f 9036/1/6 9037/1/6 9044/1/6
f 9044/1/6 9037/1/6 9045/1/6
f 9045/1/6 9037/1/6 9046/1/6
f 9046/1/6 9037/1/6 9047/1/6
f 9039/2/6 9040/2/6 9049/2/6
f 9041/1/6 9042/1/6 9050/1/6
f 9050/1/6 9042/1/6 9051/1/6
f 9051/1/6 9042/1/6 9052/1/6
f 9052/1/6 9042/1/6 9053/1/6
f 9045/1/6 9046/1/6 9054/1/6
f 9054/1/6 9046/1/6 9055/1/6
f 9055/1/6 9046/1/6 9056/1/6
f 9056/1/6 9046/1/6 9057/1/6
f 9047/2/6 9048/2/6 9058/2/6
f 9049/2/6 9050/2/6 9059/2/6
f 9051/1/6 9052/1/6 9060/1/6
f 9060/1/6 9052/1/6 9061/1/6
f 9055/1/6 9056/1/6 9062/1/6
f 9062/1/6 9056/1/6 9063/1/6
f 9057/2/6 9058/2/6 9064/2/6
f 9059/2/6 9060/2/6 9065/2/6
f 9063/2/6 9064/2/6 9066/2/6
f 9059/2/6 9065/2/6 9067/2/6
f 9049/2/6 9059/2/6 9067/2/6
f 9067/2/6 9065/2/6 9068/2/6
f 9066/2/6 9064/2/6 9069/2/6
f 9064/2/6 9058/2/6 9070/2/6
f 9069/2/6 9064/2/6 9070/2/6
f 9039/2/6 9049/2/6 9076/2/6
f 9049/2/6 9067/2/6 9076/2/6
f 9076/2/6 9067/2/6 9077/2/6
f 9071/4/6 9072/4/6 9078/4/6
f 9073/4/6 9074/4/6 9079/4/6
f 9070/2/6 9058/2/6 9080/2/6
f 9058/2/6 9048/2/6 9080/2/6
f 9080/2/6 9048/2/6 9081/2/6
f 9077/2/6 9067/2/6 9083/2/6
f 9083/2/6 9067/2/6 9084/2/6
f 9070/2/6 9080/2/6 9085/2/6
f 9085/2/6 9080/2/6 9086/2/6
f 9071/4/6 9078/4/6 9087/4/6
f 9087/4/6 9078/4/6 9088/4/6
f 9079/4/6 9074/4/6 9089/4/6
f 9089/4/6 9074/4/6 9090/4/6
f 9075/1/6 9076/1/6 9091/1/6
f 9091/1/6 9076/1/6 9092/1/6
f 9081/1/6 9082/1/6 9093/1/6
f 9093/1/6 9082/1/6 9094/1/6
f 9095/8/6 9096/8/6 9098/8/6
f 9098/8/6 9096/8/6 9099/8/6
f 9097/8/6 9098/8/6 9102/8/6
f 9099/8/6 9100/8/6 9102/8/6
f 9098/8/6 9099/8/6 9102/8/6
f 9102/8/6 9100/8/6 9103/8/6
f 9103/8/6 9100/8/6 9104/8/6
f 9104/8/6 9100/8/6 9105/8/6
f 9101/8/6 9102/8/6 9107/8/6
f 9102/8/6 9103/8/6 9107/8/6
f 9107/8/6 9103/8/6 9108/8/6
f 9105/8/6 9106/8/6 9109/8/6
f 9104/8/6 9105/8/6 9109/8/6
f 9109/8/6 9106/8/6 9110/8/6
f 9101/8/6 9107/8/6 9112/8/6
f 9112/8/6 9107/8/6 9113/8/6
f 9110/8/6 9106/8/6 9114/8/6
f 9114/8/6 9106/8/6 9115/8/6
f 9111/2/6 9112/2/6 9118/2/6
f 9115/2/6 9116/2/6 9119/2/6
f 9117/2/6 9118/2/6 9121/2/6
f 9118/2/6 9112/2/6 9121/2/6
f 9121/2/6 9112/2/6 9122/2/6
f 9119/2/6 9120/2/6 9125/2/6
f 9115/2/6 9119/2/6 9125/2/6
f 9125/2/6 9120/2/6 9126/2/6
f 9122/4/6 9123/4/6 9129/4/6
f 9129/4/6 9123/4/6 9130/4/6
f 9124/4/6 9125/4/6 9131/4/6
f 9131/4/6 9125/4/6 9132/4/6
f 9127/1/6 9128/1/6 9135/1/6
f 9133/1/6 9134/1/6 9136/1/6
f 9117/2/6 9121/2/6 9137/2/6
f 9126/2/6 9120/2/6 9140/2/6
f 9135/1/6 9128/1/6 9141/1/6
f 9141/1/6 9128/1/6 9142/1/6
f 9137/2/6 9138/2/6 9143/2/6
f 9139/2/6 9140/2/6 9146/2/6
f 9133/1/6 9136/1/6 9147/1/6
f 9147/1/6 9136/1/6 9148/1/6
f 9143/2/6 9144/2/6 9149/2/6
f 9145/2/6 9146/2/6 9154/2/6
f 9117/2/6 9137/2/6 9155/2/6
f 9137/2/6 9143/2/6 9155/2/6
f 9143/2/6 9149/2/6 9155/2/6
f 9149/2/6 9150/2/6 9155/2/6
f 9155/2/6 9150/2/6 9156/2/6
f 9156/2/6 9150/2/6 9157/2/6
f 9150/1/6 9151/1/6 9158/1/6
f 9157/2/6 9150/2/6 9158/2/6
f 9151/2/6 9152/2/6 9159/2/6
f 9158/1/6 9151/1/6 9159/1/6
f 9152/1/6 9153/1/6 9160/1/6
f 9159/2/6 9152/2/6 9160/2/6
f 9153/2/6 9154/2/6 9161/2/6
f 9160/1/6 9153/1/6 9161/1/6
f 9154/2/6 9146/2/6 9162/2/6
f 9161/2/6 9154/2/6 9162/2/6
f 9146/2/6 9140/2/6 9162/2/6
f 9140/2/6 9120/2/6 9163/2/6
f 9162/2/6 9140/2/6 9163/2/6
f 9163/2/6 9120/2/6 9164/2/6
f 9156/2/6 9157/2/6 9165/2/6
f 9165/2/6 9157/2/6 9166/2/6
f 9162/2/6 9163/2/6 9167/2/6
f 9167/2/6 9163/2/6 9168/2/6
f 9169/1/6 9170/1/6 9172/1/6
f 9172/1/6 9170/1/6 9173/1/6
f 9171/1/6 9172/1/6 9176/1/6
f 9176/1/6 9172/1/6 9177/1/6
f 9173/1/6 9174/1/6 9178/1/6
f 9178/1/6 9174/1/6 9179/1/6
f 9175/2/6 9176/2/6 9181/2/6
f 9181/2/6 9176/2/6 9182/2/6
f 9179/2/6 9180/2/6 9183/2/6
f 9183/2/6 9180/2/6 9184/2/6
f 9182/4/6 9183/4/6 9186/4/6
f 9186/4/6 9183/4/6 9187/4/6
f 9185/2/6 9186/2/6 9191/2/6
f 9187/2/6 9188/2/6 9194/2/6
f 9189/1/6 9190/1/6 9197/1/6
f 9191/2/6 9192/2/6 9198/2/6
f 9193/2/6 9194/2/6 9201/2/6
f 9195/1/6 9196/1/6 9202/1/6
f 9185/2/6 9191/2/6 9203/2/6
f 9191/2/6 9198/2/6 9203/2/6
f 9203/2/6 9198/2/6 9204/2/6
f 9194/2/6 9188/2/6 9205/2/6
f 9201/2/6 9194/2/6 9205/2/6
f 9205/2/6 9188/2/6 9206/2/6
f 9197/1/6 9190/1/6 9207/1/6
f 9207/1/6 9190/1/6 9208/1/6
f 9195/1/6 9202/1/6 9209/1/6
f 9209/1/6 9202/1/6 9210/1/6
f 9204/2/6 9198/2/6 9211/2/6
f 9198/1/6 9199/1/6 9212/1/6
f 9211/2/6 9198/2/6 9212/2/6
f 9199/2/6 9200/2/6 9213/2/6
f 9212/1/6 9199/1/6 9213/1/6
f 9200/1/6 9201/1/6 9214/1/6
f 9213/2/6 9200/2/6 9214/2/6
f 9201/2/6 9205/2/6 9215/2/6
f 9214/1/6 9201/1/6 9215/1/6
f 9215/2/6 9205/2/6 9216/2/6
f 9217/1/6 9218/1/6 9221/1/6
f 9221/1/6 9218/1/6 9222/1/6
f 9219/1/6 9220/1/6 9223/1/6
f 9223/1/6 9220/1/6 9224/1/6
f 9225/1/6 9226/1/6 9228/1/6
f 9228/1/6 9226/1/6 9229/1/6
f 9227/1/6 9228/1/6 9231/1/6
f 9229/1/6 9230/1/6 9231/1/6
f 9228/1/6 9229/1/6 9231/1/6
f 9231/1/6 9230/1/6 9232/1/6
f 9233/1/6 9234/1/6 9235/1/6
f 9235/1/6 9234/1/6 9236/1/6
f 9236/1/6 9234/1/6 9237/1/6
f 9237/1/6 9234/1/6 9238/1/6
f 9236/1/6 9237/1/6 9241/1/6
f 9241/1/6 9237/1/6 9242/1/6
f 9239/1/6 9240/1/6 9245/1/6
f 9245/1/6 9240/1/6 9246/1/6
f 9243/1/6 9244/1/6 9247/1/6
f 9247/1/6 9244/1/6 9248/1/6
f 9245/7/6 9246/7/6 9249/7/6
f 9249/7/6 9246/7/6 9250/7/6
f 9247/7/6 9248/7/6 9251/7/6
f 9251/7/6 9248/7/6 9252/7/6
f 9253/7/6 9254/7/6 9257/7/6
f 9257/7/6 9254/7/6 9258/7/6
f 9255/7/6 9256/7/6 9259/7/6
f 9259/7/6 9256/7/6 9260/7/6
f 9264/6/1 9263/6/1 883/6/1
f 9293/3/4 9291/3/4 6234/3/4
f 9296/3/4 9294/3/4 6236/3/4
f 9285/3/4 9284/3/4 6239/3/4
f 9272/6/5 9273/6/5 7304/6/5
f 9278/6/6 9277/6/6 8648/6/6
f 9282/3/4 9281/3/4 6237/3/4
f 9266/6/5 9272/6/5 7304/6/5 7303/6/5
l 9286 2
l 9285 9288
l 9283 9285
l 9282 1
l 9275 9279
l 9274 9265
l 9265 9268
